Наименование,Описание,Рубрики,Адрес,Комментарий к адресу,Почтовый индекс,Микрорайон,Район,Город,Округ,Регион,Страна,Часы работы,Часовой пояс,Рейтинг,Количество отзывов,Телефон 1,Телефон 2,Телефон 3,E-mail 1,E-mail 2,E-mail 3,Веб-сайт 1,Веб-сайт 2,Веб-сайт 3,Instagram,Twitter,Facebook,ВКонтакте,WhatsApp 1,WhatsApp 2,WhatsApp 3,Viber,Telegram 1,Telegram 2,YouTube,Skype,Широта,Долгота,2GIS URL,Тип
A-service,сервисный центр,Компьютеры; Ремонт компьютеров; Заправка картриджей; Расходные материалы для оргтехники; Ремонт оргтехники,"улица Толе би, 266",1 бутик; 1 этаж,050005,,Алмалинский район,Алматы,,Алматы,Казахстан,Пн: 09:00-18:00; Ср: 09:00-18:00; Чт: 09:00-18:00; Пт: 09:00-18:00; Сб: 09:00-18:00; Вс: 09:00-18:00,+05:00,,,87002299678,,,,,,,,,,,,,https://wa.me/77002299678,,,,,,,,43.249802,76.877107,https://2gis.com/firm/70000001075836291,branch
A.Z Shop,магазин гаджетов,Компьютеры; Аксессуары к телефонам; Мобильные телефоны,"проспект Жибек Жолы, 85",С сектор; 1 этаж; витрина 20,050004,,Алмалинский район,Алматы,,Алматы,Казахстан,Пн: 11:00-19:00; Вт: 11:00-19:00; Ср: 11:00-19:00; Чт: 11:00-19:00; Пт: 11:00-19:00; Сб: 11:00-19:00; Вс: 11:00-19:00,+05:00,5.0,1,87471727810,,,,,,,,,,,,,https://wa.me/77471727810,,,,,,,,43.26205,76.941855,https://2gis.com/firm/70000001084533998,branch
A17,салон по ремонту мобильных телефонов и продаже аксессуаров,Компьютеры; Ремонт телефонов; Аксессуары к телефонам; Копировальные услуги; Электронные подписи,"улица Жана арна, 1Б",1 этаж,040910,,,,Карасайский район,Алматинская область,Казахстан,Пн: 11:00-24:00; Вт: 11:00-24:00; Ср: 11:00-24:00; Чт: 11:00-24:00; Пт: 11:00-24:00; Сб: 11:00-24:00; Вс: 11:00-24:00,+05:00,3.3,2,87067063344,87786673344,,,,,,,,,,,,https://wa.me/77067063344,,,,,,,,43.174063,76.782788,https://2gis.com/firm/70000001103407424,branch
AbsolutPc,"центр по продаже и ремонту компьютеров, ноутбуков",Компьютеры; Ремонт компьютеров; Сборка и апгрейд ПК,"улица Навои, 156",,050042,,Бостандыкский район,Алматы,,Алматы,Казахстан,Пн: 10:30-19:00; Вт: 10:30-19:00; Ср: 10:30-19:00; Чт: 10:30-19:00; Пт: 10:30-19:00,+05:00,5.0,21,87476245578,,,,,,,,,,,,,https://wa.me/77476245578,,,,,,,,43.210533,76.88317,https://2gis.com/firm/70000001103263847,branch
Adalibs,магазин компьютерной техники,Компьютеры,"проспект Абылай хана, 3",14 бутик; 2 этаж,050050,,Жетысуский район,Алматы,,Алматы,Казахстан,Пн: 11:00-18:00; Вт: 11:00-18:00; Ср: 11:00-18:00; Чт: 11:00-18:00; Пт: 11:00-18:00; Сб: 11:00-18:00; Вс: 11:00-18:00,+05:00,4.7,21,87002450232,,,,,,,,,https://instagram.com/adalibs_laptops,,,,https://wa.me/77002450232,,,,,,,,43.272874,76.938395,https://2gis.com/firm/70000001069113713,branch
Aggregator,​сервисный центр,Компьютеры; Ремонт компьютеров; Сборка и апгрейд ПК; Охранные системы; Кондиционеры; Ремонт телефонов; Монтаж климатических систем; Системное администрирование; Ремонт цифровой техники; Монтаж охранно-пожарных систем; Монтаж компьютерных сетей; Заправка картриджей; Расходные материалы для оргтехники; Ремонт оргтехники; Разработка и продвижение сайтов; Дизайн рекламы; Обслуживание климатического оборудования для помещений,"проспект Жибек Жолы, 106",3 этаж,050004,,Алмалинский район,Алматы,,Алматы,Казахстан,Пн: 00:00-24:00; Вт: 00:00-24:00; Ср: 00:00-24:00; Чт: 00:00-24:00; Пт: 00:00-24:00; Сб: 00:00-24:00; Вс: 00:00-24:00 (по предварительной записи),+05:00,5.0,1,87757671215,,,,,,,,,,,,,https://wa.me/77757671215,,,,,,,,43.261698,76.941516,https://2gis.com/firm/70000001116564825,branch
Aggregator,​сервисный центр,Компьютеры; Ремонт компьютеров; Сборка и апгрейд ПК; Охранные системы; Ремонт телефонов; Системное администрирование; Ремонт цифровой техники; Монтаж охранно-пожарных систем; Монтаж компьютерных сетей; Заправка картриджей; Расходные материалы для оргтехники; Ремонт оргтехники; Разработка и продвижение сайтов; Дизайн рекламы; Разработка мобильных приложений,"улица Розыбакиева, 68",14 офис; 1 этаж,050009,,Алмалинский район,Алматы,,Алматы,Казахстан,Пн: 00:00-24:00; Вт: 00:00-24:00; Ср: 00:00-24:00; Чт: 00:00-24:00; Пт: 00:00-24:00; Сб: 00:00-24:00; Вс: 00:00-24:00 (по предварительной записи),+05:00,5.0,4,87757671215,,,,,,,,,,,,,https://wa.me/77757671215,,,,,,,,43.247795,76.889187,https://2gis.com/firm/70000001114708336,branch
Aggregator,​сервисный центр,Компьютеры; Ремонт компьютеров; Разработка и продвижение сайтов; Сборка и апгрейд ПК; Оргтехника; Бухгалтерские программы; Программное обеспечение; Автоматизация бизнес-процессов; Мобильные телефоны; Ремонт телефонов; Системное администрирование; Ремонт цифровой техники; Монтаж охранно-пожарных систем; Монтаж компьютерных сетей; Монтаж телефонных сетей; Сетевое оборудование; Заправка картриджей; Расходные материалы для оргтехники; Ремонт оргтехники,"улица Шолохова, 29",,050011,,Турксибский район,Алматы,,Алматы,Казахстан,Пн: 00:00-24:00; Вт: 00:00-24:00; Ср: 00:00-24:00; Чт: 00:00-24:00; Пт: 00:00-24:00; Сб: 00:00-24:00; Вс: 00:00-24:00 (по предварительной записи),+05:00,5.0,9,87757671215,,,,,,,,,,,,,https://wa.me/77757671215,,,,,,,,43.336572,76.945968,https://2gis.com/firm/70000001114139086,branch
Aggregator,​сервисный центр,Компьютеры; Ремонт компьютеров; Сборка и апгрейд ПК; Охранные системы; Ремонт телефонов; Системное администрирование; Ремонт цифровой техники; Монтаж охранно-пожарных систем; Монтаж компьютерных сетей; Заправка картриджей; Расходные материалы для оргтехники; Разработка и продвижение сайтов; Разработка мобильных приложений; Ремонт оргтехники; Дизайн рекламы,"улица Розыбакиева, 156 блок 5",1 этаж,050046,,Бостандыкский район,Алматы,,Алматы,Казахстан,Пн: 00:00-24:00; Вт: 00:00-24:00; Ср: 00:00-24:00; Чт: 00:00-24:00; Пт: 00:00-24:00; Сб: 00:00-24:00; Вс: 00:00-24:00 (по предварительной записи),+05:00,5.0,4,87757671215,,,,,,,,,,,,,https://wa.me/77757671215,,,,,,,,43.234242,76.891124,https://2gis.com/firm/70000001112461106,branch
Aggregator,​сервисный центр,Компьютеры; Ремонт компьютеров; Разработка и продвижение сайтов; Сборка и апгрейд ПК; Оргтехника; Бухгалтерские программы; Программное обеспечение; Охранные системы; Противопожарное оборудование; Автоматизация бизнес-процессов; Мобильные телефоны; Ремонт телефонов; Системное администрирование; Ремонт цифровой техники; Монтаж охранно-пожарных систем; Монтаж компьютерных сетей; Сетевое оборудование; Заправка картриджей; Расходные материалы для оргтехники; Ремонт оргтехники,"улица Жарокова, 137 блок В3",,050057,,Бостандыкский район,Алматы,,Алматы,Казахстан,Пн: 00:00-24:00; Вт: 00:00-24:00; Ср: 00:00-24:00; Чт: 00:00-24:00; Пт: 00:00-24:00; Сб: 00:00-24:00; Вс: 00:00-24:00 (по предварительной записи),+05:00,5.0,13,87757671215,,,,,,,,,,,,,https://wa.me/77757671215,,,,,,,,43.236981,76.898856,https://2gis.com/firm/70000001111840700,branch
Aggregator,​сервисный центр,Компьютеры; Ремонт компьютеров; Сборка и апгрейд ПК; Охранные системы; Ремонт телефонов; Системное администрирование; Ремонт цифровой техники; Монтаж охранно-пожарных систем; Монтаж компьютерных сетей; Заправка картриджей; Расходные материалы для оргтехники; Ремонт оргтехники; Разработка и продвижение сайтов; Дизайн рекламы; Разработка мобильных приложений,"микрорайон Нуркент, 5/11",2 этаж,050038,Нуркент м-н,Алатауский район,Алматы,,Алматы,Казахстан,Пн: 00:00-24:00; Вт: 00:00-24:00; Ср: 00:00-24:00; Чт: 00:00-24:00; Пт: 00:00-24:00; Сб: 00:00-24:00; Вс: 00:00-24:00 (по предварительной записи),+05:00,5.0,9,87757671215,,,,,,,,,,,,,https://wa.me/77757671215,,,,,,,,43.261071,76.817406,https://2gis.com/firm/70000001110353870,branch
Aggregator,​сервисный центр,Компьютеры; Ремонт компьютеров; Сборка и апгрейд ПК; Охранные системы; Ремонт телефонов; Системное администрирование; Ремонт цифровой техники; Монтаж охранно-пожарных систем; Монтаж компьютерных сетей; Заправка картриджей; Расходные материалы для оргтехники; Ремонт оргтехники; Разработка и продвижение сайтов; Дизайн рекламы; Разработка мобильных приложений,"улица Еламан, 78а",,,,,,Карасайский район,Алматинская область,Казахстан,Пн: 00:00-24:00; Вт: 00:00-24:00; Ср: 00:00-24:00; Чт: 00:00-24:00; Пт: 00:00-24:00; Сб: 00:00-24:00; Вс: 00:00-24:00 (по предварительной записи),+05:00,5.0,5,87757671215,,,,,,,,,,,,,https://wa.me/77757671215,,,,,,,,43.212707,76.736185,https://2gis.com/firm/70000001110351132,branch
Aggregator,​сервисный центр,Компьютеры; Ремонт компьютеров; Сборка и апгрейд ПК; Охранные системы; Кондиционеры; Ремонт телефонов; Монтаж климатических систем; Системное администрирование; Монтаж охранно-пожарных систем; Монтаж компьютерных сетей; Заправка картриджей; Расходные материалы для оргтехники; Оргтехника; Разработка и продвижение сайтов; Ремонт оргтехники; Дизайн рекламы; Обслуживание климатического оборудования для помещений,"улица Айманова, 140 блок Б7",,050057,,Бостандыкский район,Алматы,,Алматы,Казахстан,Пн: 00:00-24:00; Вт: 00:00-24:00; Ср: 00:00-24:00; Чт: 00:00-24:00; Пт: 00:00-24:00; Сб: 00:00-24:00; Вс: 00:00-24:00 (по предварительной записи),+05:00,5.0,23,87757671215,,,,,,,,,,,,,https://wa.me/77757671215,,,,,,,,43.236816,76.898167,https://2gis.com/firm/70000001110333253,branch
Aggregator,​сервисный центр,Компьютеры; Ремонт компьютеров; Сборка и апгрейд ПК; Охранные системы; Ремонт телефонов; Системное администрирование; Ремонт цифровой техники; Монтаж охранно-пожарных систем; Монтаж компьютерных сетей; Заправка картриджей; Расходные материалы для оргтехники; Ремонт оргтехники; Разработка и продвижение сайтов; Дизайн рекламы; Разработка мобильных приложений,"микрорайон Шугыла, 340/35 к10",цокольный этаж,050000,Шугыла м-н,Наурызбайский район,Алматы,,Алматы,Казахстан,Пн: 00:00-24:00; Вт: 00:00-24:00; Ср: 00:00-24:00; Чт: 00:00-24:00; Пт: 00:00-24:00; Сб: 00:00-24:00; Вс: 00:00-24:00 (по предварительной записи),+05:00,5.0,10,87757671215,,,,,,,,,,,,,https://wa.me/77757671215,,,,,,,,43.209982,76.787796,https://2gis.com/firm/70000001106063676,branch
Akmobile service,центр ремонта мобильных телефонов,Компьютеры; Ремонт телефонов; Ремонт компьютеров; Аксессуары к телефонам; Ремонт цифровой техники,"микрорайон Жетысу-3, 1г/4",,050063,Жетысу-3 м-н,Ауэзовский район,Алматы,,Алматы,Казахстан,Пн: 10:00-02:00; Вт: 10:00-02:00; Ср: 10:00-02:00; Чт: 10:00-02:00; Пт: 10:00-02:00; Сб: 10:00-02:00; Вс: 10:00-02:00,+05:00,4.2,5,87478163616,87078801245,,,,,,,,,,,,https://wa.me/77478163616,,,,https://t.me/+77478163616,,,,43.218224,76.843113,https://2gis.com/firm/70000001114356637,branch
Akom tehno service,фотосалон,Компьютеры; Ремонт телефонов; Ремонт компьютеров; Аксессуары к телефонам; Комиссионные магазины; Мобильные телефоны; Помощь в подключении услуг связи,"улица Жанкожа батыра, 135",,050065,Шанырак-2 м-н,Алатауский район,Алматы,,Алматы,Казахстан,Пн: 10:00-22:00; Вт: 10:00-22:00; Ср: 10:00-22:00; Чт: 10:00-22:00; Пт: 10:00-22:00; Сб: 10:00-22:00; Вс: 10:00-22:00,+05:00,4.8,129,87474498840,,,,,,,,,https://instagram.com/akom_tehno_service,,,,https://wa.me/77474498840,,,,,,,,43.297747,76.850983,https://2gis.com/firm/70000001024860398,branch
Albek Service,центр ремонта сотовых телефонов и ноутбуков,Компьютеры; Ремонт телефонов; Ремонт компьютеров; Сборка и апгрейд ПК; Монтаж компьютерных сетей,"улица Байтурсынова, 1а",7 офис; 1 этаж,050000,,Алмалинский район,Алматы,,Алматы,Казахстан,Пн: 10:00-01:00; Вт: 10:00-01:00; Ср: 10:00-01:00; Чт: 10:00-01:00; Пт: 10:00-01:00; Сб: 10:00-01:00; Вс: 10:00-01:00,+05:00,4.4,16,87071532242,,,,,,,,,,,,,https://wa.me/77071532242,,,,,,,,43.2624,76.924259,https://2gis.com/firm/70000001087423230,branch
Albek Service,центр ремонта сотовых телефонов и ноутбуков,Компьютеры; Ремонт телефонов; Ремонт компьютеров; Ремонт оргтехники; Аксессуары к телефонам,"улица Байтурсынова, 65а",213 офис; 1 этаж,050012,,Алмалинский район,Алматы,,Алматы,Казахстан,Пн: 09:00-01:00; Вт: 09:00-01:00; Ср: 09:00-01:00; Чт: 09:00-01:00; Пт: 09:00-01:00; Сб: 09:00-01:00; Вс: 09:00-01:00,+05:00,2.5,8,87071532242,,,,,,,,,,,,,https://wa.me/77071532242,,,,https://t.me/+77071532242,,,,43.249241,76.925857,https://2gis.com/firm/70000001077442244,branch
Alma shop,бутик,Компьютеры; Аксессуары к телефонам; Бытовая техника,"проспект Жибек Жолы, 55",2 ряд; 1 этаж; напротив ExpressZaim,050002,,Медеуский район,Алматы,,Алматы,Казахстан,Пн: 10:00-19:00; Вт: 10:00-19:00; Ср: 10:00-19:00; Чт: 10:00-19:00; Пт: 10:00-19:00; Сб: 10:00-19:00; Вс: 10:00-19:00,+05:00,5.0,2,87072015050,,,,,,,,,https://instagram.com/quarantine_shopp,,,,https://wa.me/77072015050,,,,,,,,43.26287,76.953753,https://2gis.com/firm/70000001092477410,branch
Almashop.kz,магазин,Компьютеры; Мобильные телефоны; Аксессуары к телефонам,"проспект Абылай хана, 62",11 место; 5 сектор; 2 этаж,050004,,Алмалинский район,Алматы,,Алматы,Казахстан,Пн: 10:00-21:00; Вт: 10:00-21:00; Ср: 10:00-21:00; Чт: 10:00-21:00; Пт: 10:00-21:00; Сб: 10:00-21:00; Вс: 10:00-21:00,+05:00,1.0,1,87082541998,,,,,,,,,https://instagram.com/almashop.kz,,,,https://wa.me/77082541998,,,,,,,,43.26205,76.941855,https://2gis.com/firm/70000001082373367,branch
Almaty_nout,магазин по продаже электроники,Компьютеры; Аудиотехника и видеотехника; Комиссионные магазины; Ремонт компьютеров,"5-й микрорайон, 29",,050062,5 м-н,Ауэзовский район,Алматы,,Алматы,Казахстан,Пн: 10:00-20:00; Вт: 10:00-20:00; Ср: 10:00-20:00; Чт: 10:00-20:00; Пт: 10:00-20:00; Сб: 10:00-20:00; Вс: 10:00-20:00 (по предварительному звонку),+05:00,5.0,326,87008461606,87070208481,,,,,,,,https://instagram.com/almaty_nout,,,,https://wa.me/77070208481,https://wa.me/77008461606,,,https://t.me/+77008461606,https://t.me/almaty_nout,,,43.230816,76.866981,https://2gis.com/firm/70000001089821077,branch
almaty_telephone,бутик по продаже и ремонту гаджетов,Компьютеры; Мобильные телефоны,"проспект Абылай хана, 62",24 место; 15 сектор; 2 этаж,050004,,Алмалинский район,Алматы,,Алматы,Казахстан,Пн: 10:00-21:00; Вт: 10:00-21:00; Ср: 10:00-21:00; Чт: 10:00-21:00; Пт: 10:00-21:00; Сб: 10:00-21:00; Вс: 10:00-21:00,+05:00,,,87072607297,,,,,,,,,https://instagram.com/almaty_telephone,,,,https://wa.me/77072607297,,,,,,,,43.26205,76.941855,https://2gis.com/firm/70000001114153256,branch
Almaz Retail,салон сотовых телефонов и аксессуаров,Компьютеры; Аксессуары к телефонам; Мобильные телефоны,"проспект Абылай хана, 62",105 офис; 4 этаж,050004,,Алмалинский район,Алматы,,Алматы,Казахстан,Пн: 10:00-21:00; Вт: 10:00-21:00; Ср: 10:00-21:00; Чт: 10:00-21:00; Пт: 10:00-21:00; Сб: 10:00-21:00; Вс: 10:00-21:00,+05:00,,,87076109339,,,,,,,,,,,,,https://wa.me/77076109339,,,,https://t.me/+77076109339,,,,43.26205,76.941855,https://2gis.com/firm/70000001067342955,branch
Ar IT,торговая компания,Компьютеры; Оргтехника; Программное обеспечение; Сетевое оборудование; Расходные материалы для оргтехники,"микрорайон Атырау, 159/8",6 корпус; 202 офис; 2 этаж,050019,Атырау м-н,Медеуский район,Алматы,,Алматы,Казахстан,"Пн: 09:00-13:00, 14:00-18:00; Вт: 09:00-13:00, 14:00-18:00; Ср: 09:00-13:00, 14:00-18:00; Чт: 09:00-13:00, 14:00-18:00; Пт: 09:00-13:00, 14:00-18:00",+05:00,,,87754481115,87016212133,,,,,,,,,,,,https://wa.me/77016212133,,,,https://t.me/+77016212133,,,,43.292202,76.986203,https://2gis.com/firm/70000001104659495,branch
Armour Mobile,​магазин по продаже аксессуаров для сотовых телефонов,Компьютеры; Аксессуары к телефонам,"улица Гоголя, 144",1 этаж,050026,,Алмалинский район,Алматы,,Алматы,Казахстан,Пн: 10:00-19:30; Вт: 10:00-19:30; Ср: 10:00-19:30; Чт: 10:00-19:30; Пт: 10:00-19:30; Сб: 10:00-18:30; Вс: 10:00-18:30,+05:00,5.0,5,87086705357,,,,,,,,,https://instagram.com/armour_mobile,,,,https://wa.me/77086705357,,,,,,,,43.257874,76.917078,https://2gis.com/firm/70000001093748593,branch
Arrowx,магазин,Компьютеры; Мобильные телефоны,"проспект Райымбека, 169а",218 офис; 2 этаж,050050,,Жетысуский район,Алматы,,Алматы,Казахстан,Пн: 10:00-18:00; Вт: 10:00-18:00; Ср: 10:00-18:00; Чт: 10:00-18:00; Пт: 10:00-18:00,+05:00,3.8,5,87780191996,,,,,,,,,https://instagram.com/arrowx.kz,,,,https://wa.me/77780191996,,,,,,,,43.270109,76.93334,https://2gis.com/firm/70000001061251629,branch
Art gsm Service,сервисный центр по ремонту сотовых телефонов и ноутбуков,Компьютеры; Ремонт телефонов; Ремонт компьютеров; Аксессуары к телефонам; Мобильные телефоны,"проспект Алтынсарина, 26",1 этаж,050038,11 м-н,Ауэзовский район,Алматы,,Алматы,Казахстан,"Пн: 10:00-14:00, 15:00-20:00; Вт: 10:00-14:00, 15:00-20:00; Ср: 10:00-14:00, 15:00-20:00; Чт: 10:00-14:00, 15:00-20:00; Пт: 10:00-14:00, 15:00-20:00; Сб: 11:00-14:00, 15:00-19:00; Вс: 11:00-14:00, 15:00-19:00",+05:00,4.1,26,87071555565,87079096987,,,,,,,,,,,,https://wa.me/77071555565,https://wa.me/77079096987,,,,,,,43.220564,76.871635,https://2gis.com/firm/70000001034626536,branch
Art IT,компания,Компьютеры; Оргтехника,"Богенбай батыра улица, 186",5 офис; 1 этаж,050012,,Алмалинский район,Алматы,,Алматы,Казахстан,"Пн: 09:00-13:00, 14:00-17:00; Вт: 09:00-13:00, 14:00-17:00; Ср: 09:00-13:00, 14:00-17:00; Чт: 09:00-13:00, 14:00-17:00; Пт: 09:00-13:00, 14:00-17:00",+05:00,1.0,1,87474029772,87272930628,,,,,,,,,,,,https://wa.me/77474029772,,,,,,,,43.251531,76.9239,https://2gis.com/firm/70000001022102167,branch
ASstore,островок по продаже сотовых телефонов и аксессуаров,Компьютеры; Мобильные телефоны; Аксессуары к телефонам; Ремонт телефонов; Ремонт компьютеров,"улица Макатаева, 81",1 этаж,050004,,Алмалинский район,Алматы,,Алматы,Казахстан,Пн: 10:00-20:00; Вт: 10:00-20:00; Ср: 10:00-20:00; Чт: 10:00-20:00; Пт: 10:00-20:00; Сб: 10:00-20:00; Вс: 10:00-20:00,+05:00,5.0,4,87770703777,,,,,,,,,https://instagram.com/a.sstore.kz,,,,https://wa.me/77770703777,,,,,,,,43.263985,76.941524,https://2gis.com/firm/9429940001096930,branch
ASUS,торгово-сервисная компания,Компьютеры; Мобильные телефоны,"проспект Жибек Жолы, 104а",3 этаж,050004,,Алмалинский район,Алматы,,Алматы,Казахстан,Пн: 09:00-18:00; Вт: 09:00-18:00; Ср: 09:00-18:00; Чт: 09:00-18:00; Пт: 09:00-18:00,+05:00,4.3,112,87071730675 (сервисный центр),,,,,,,,,,,,,,,,,,,,,43.261695,76.941691,https://2gis.com/firm/9429940001343332,branch
Azerti,компания,Компьютеры,"улица Абиша Кекилбайулы, 255",,050060,,Бостандыкский район,Алматы,,Алматы,Казахстан,Пн: 10:00-18:00; Вт: 10:00-18:00; Ср: 10:00-18:00; Чт: 10:00-18:00; Пт: 10:00-18:00,+05:00,5.0,35,87273810392,87272220091,,,,,,,,,,,,,,,,,,,,43.19303,76.890816,https://2gis.com/firm/70000001028580081,branch
Baitime,комиссионный магазин,Компьютеры; Мобильные телефоны; Комиссионные магазины; Аксессуары к телефонам; Аудиотехника и видеотехника,"улица Ауэзова, 32",,050026,,Алмалинский район,Алматы,,Алматы,Казахстан,Пн: 09:00-22:00; Вт: 09:00-22:00; Ср: 09:00-22:00; Чт: 09:00-22:00; Пт: 09:00-22:00; Сб: 09:00-22:00; Вс: 09:00-22:00,+05:00,5.0,4,87057513264,,,,,,,,,,,,,https://wa.me/77057513264,,,,,,,,43.251067,76.902852,https://2gis.com/firm/70000001115468330,branch
Baitime,комиссионный магазин,Компьютеры; Мобильные телефоны; Комиссионные магазины; Аксессуары к телефонам; Аудиотехника и видеотехника,"улица Гоголя, 91",2 этаж,050004,,Алмалинский район,Алматы,,Алматы,Казахстан,Пн: 09:00-22:00; Вт: 09:00-22:00; Ср: 09:00-22:00; Чт: 09:00-22:00; Пт: 09:00-22:00; Сб: 09:00-22:00; Вс: 09:00-22:00,+05:00,4.9,370,87775222066,,,callcenter.al@yandex.ru,,,,,,,,,,https://wa.me/77775222066,,,,,,,,43.260379,76.942177,https://2gis.com/firm/70000001033964795,branch
Bek service,выездной сервисный центр,Компьютеры; Системное администрирование; Ремонт телефонов; Сборка и апгрейд ПК; Программное обеспечение,,,,,,Алматы,,Алматы,Казахстан,Пн: 09:00-23:00; Вт: 09:00-23:00; Ср: 09:00-23:00; Чт: 09:00-23:00; Пт: 09:00-23:00; Сб: 09:00-23:00; Вс: 09:00-23:00 (по предварительному звонку),+05:00,5.0,10,87073554354,87012066941,,,,,,,,,,,,https://wa.me/77012066941,https://wa.me/77073554354,,,https://t.me/+77073554354,,,,,,https://2gis.com/firm/70000001076064139,branch
Belser,"компания по покупке, продаже и ремонту ноутбуков",Компьютеры; Комиссионные магазины; Ремонт компьютеров; Системное администрирование,"проспект Абая, 79",,050022,,Алмалинский район,Алматы,,Алматы,Казахстан,Пн: 10:00-20:00; Вт: 10:00-20:00; Ср: 10:00-20:00; Чт: 10:00-20:00; Пт: 10:00-20:00; Сб: 10:00-20:00; Вс: 10:00-20:00,+05:00,4.9,365,87478384900,,,,,,,,,https://instagram.com/noutbuk.almaty,,,,https://wa.me/77478384900,,,,,,,,43.241504,76.928602,https://2gis.com/firm/70000001092715394,branch
Best IT,торгово-сервисная фирма,Компьютеры; Монтаж охранно-пожарных систем; Ремонт компьютеров; Охранные системы; Монтаж компьютерных сетей,"проспект Райымбека, 212/1",102 офис; 1 этаж,050034,,Алмалинский район,Алматы,,Алматы,Казахстан,Пн: 09:00-18:00; Вт: 09:00-18:00; Ср: 09:00-18:00; Чт: 09:00-18:00; Пт: 09:00-18:00,+05:00,,,87273300247,87273300248,87775510797,,,,,,,,,,,https://wa.me/77775510797,https://wa.me/77774077740,,,,,,,43.260309,76.892068,https://2gis.com/firm/70000001018877999,branch
Best_BigShop,магазин техники,Компьютеры; Ремонт компьютеров,"проспект Райымбека, 255",9 блок; 2 этаж,050034,,Жетысуский район,Алматы,,Алматы,Казахстан,Пн: 10:00-20:00; Вт: 10:00-20:00; Ср: 10:00-20:00; Чт: 10:00-20:00; Пт: 10:00-20:00; Сб: 10:00-20:00; Вс: 10:00-20:00,+05:00,5.0,4,87055500111,87003800055,,,,,,,,https://instagram.com/bigshop.kzt,,,,https://wa.me/77055500111,https://wa.me/77003800055,,,https://t.me/bigshop,,,,43.262183,76.893747,https://2gis.com/firm/70000001083547241,branch
BGaming,сервисный центр,Компьютеры; Ремонт компьютеров; Системное администрирование,"проспект Абылай хана, 66",,040901,,,Каскелен,Карасайский район,Алматинская область,Казахстан,Пн: 09:00-23:00; Вт: 09:00-23:00; Ср: 09:00-23:00; Чт: 09:00-23:00; Пт: 09:00-23:00; Сб: 09:00-23:00; Вс: 09:00-23:00,+05:00,4.9,1,87018830147,,,,,,,,,https://instagram.com/bgamingkz,,,,https://wa.me/77018830147,,,,,,,,43.200786,76.631942,https://2gis.com/firm/70000001095475791,branch
BigCom,компания,Компьютеры; Финансовый консалтинг,"улица Монгольская, 44",604 офис; 6 этаж,050026,,Алмалинский район,Алматы,,Алматы,Казахстан,"Пн: 10:00-13:00, 14:00-17:00; Вт: 10:00-13:00, 14:00-17:00; Ср: 10:00-13:00, 14:00-17:00; Чт: 10:00-13:00, 14:00-17:00; Пт: 10:00-13:00, 14:00-17:00",+05:00,,,87009789510,87753818181,,,,,,,,,,,,https://wa.me/77753818181,https://wa.me/77009789510,,,,,,,43.263139,76.91441,https://2gis.com/firm/70000001088761540,branch
Brand Server Options (BSO),компания,Компьютеры; Сетевое оборудование; Коммутационное оборудование,"Байзакова улица, 125",704а офис; 7 этаж,050026,,Алмалинский район,Алматы,,Алматы,Казахстан,Пн: 09:00-18:00; Вт: 09:00-18:00; Ср: 09:00-18:00; Чт: 09:00-18:00; Пт: 09:00-18:00,+05:00,,,87273107031,,,,,,,,,,,,,https://wa.me/77003107031,,,,https://t.me/+77003107031,,,,43.256369,76.910744,https://2gis.com/firm/70000001066627742,branch
BroComp Shop & Service,сервисный центр,Компьютеры; Ремонт компьютеров; Программное обеспечение; Сборка и апгрейд ПК,"улица Муратбаева, 136",208; 315 кабинет; 2 этаж,050012,,Алмалинский район,Алматы,,Алматы,Казахстан,Пн: 11:00-18:00; Вт: 11:00-18:00; Ср: 11:00-18:00; Чт: 11:00-18:00; Пт: 11:00-18:00,+05:00,5.0,131,87073187533,,,,,,,,,https://instagram.com/bro.comp,,,,https://wa.me/77073187533,,,,https://t.me/+77073187533,,,,43.251669,76.919174,https://2gis.com/firm/70000001042972905,branch
Buy Technics,компания,Компьютеры; Мобильные телефоны; Бытовая техника; Оргтехника; Аксессуары к телефонам,"улица Желтоксан, 138",1 этаж,050000,,Алмалинский район,Алматы,,Алматы,Казахстан,Пн: 10:00-19:00; Вт: 10:00-19:00; Ср: 10:00-19:00; Чт: 10:00-19:00; Пт: 10:00-19:00; Сб: 11:00-17:00,+05:00,4.8,1,87272613988,87010546656,,,,,,,,https://instagram.com/reserve.lombard,,,,https://wa.me/77010546656,,,,,,,,43.250228,76.940794,https://2gis.com/firm/70000001052486264,branch
Buytex,​оптово-розничная торговая компания,Компьютеры; Оргтехника,"улица Панфилова, 103",34 бутик; 3 этаж,050004,,Алмалинский район,Алматы,,Алматы,Казахстан,Пн: 10:00-20:00; Вт: 10:00-20:00; Ср: 10:00-20:00; Чт: 10:00-20:00; Пт: 10:00-20:00; Сб: 10:00-20:00; Вс: 10:00-20:00,+05:00,5.0,14,87002029256,87784297364,,,,,,,,https://instagram.com/buytex_kz,,,,https://wa.me/77002029256,,,,,,,,43.260994,76.943062,https://2gis.com/firm/70000001110527090,branch
Case mart,магазин аксессуаров для телефона,Компьютеры; Аксессуары к телефонам,"улица Ушконыр, 78/7",1 этаж,040923,,,,Карасайский район,Алматинская область,Казахстан,Пн: 08:00-23:00; Вт: 08:00-23:00; Ср: 08:00-23:00; Чт: 08:00-23:00; Пт: 08:00-23:00; Сб: 08:00-23:00; Вс: 08:00-23:00,+05:00,1.5,4,87019320999,,,,,,,,,,,,,,,,,,,,,43.206168,76.745106,https://2gis.com/firm/70000001098984431,branch
Chipset Service,компания по продаже и ремонту компьютеров и комплектующих,Компьютеры; Ремонт компьютеров; Сборка и апгрейд ПК; Оргтехника; Монтаж компьютерных сетей,"улица Кузиева, 112а",,040425,,,,Енбекшиказахский район,Алматинская область,Казахстан,Пн: 14:00-22:00; Вт: 14:00-22:00; Ср: 14:00-22:00; Чт: 14:00-22:00; Пт: 14:00-22:00; Сб: 14:00-22:00; Вс: 14:00-22:00,+05:00,5.0,106,87475753535,,,,,,,,,https://instagram.com/chipset_service,,,,https://wa.me/77475753535,,,,,,,,43.441587,77.255903,https://2gis.com/firm/70000001081096208,branch
Communications Kazakhstan,Сервисная компания,Компьютеры; Сетевое оборудование; IP-телефония,"Хусаинова улица, 281",2 этаж,050060,,Бостандыкский район,Алматы,,Алматы,Казахстан,"Пн: 09:00-13:00, 14:00-18:00; Вт: 09:00-13:00, 14:00-18:00; Ср: 09:00-13:00, 14:00-18:00; Чт: 09:00-13:00, 14:00-18:00; Пт: 09:00-13:00, 14:00-18:00",+05:00,,,87712281203,,,,,,,,,,,,,https://wa.me/77475288908,,,,,,,,43.199417,76.891703,https://2gis.com/firm/70000001112607875,branch
CompMaster,сервисный центр,Компьютеры; Сборка и апгрейд ПК; Программное обеспечение,"улица Толе би, 261Б",,050005,Тастак-2 м-н,Алмалинский район,Алматы,,Алматы,Казахстан,Пн: 09:00-21:00; Вт: 09:00-21:00; Ср: 09:00-21:00; Чт: 09:00-21:00; Пт: 09:00-21:00; Сб: 09:00-21:00; Вс: 09:00-21:00 (по предварительному звонку),+05:00,5.0,31,87066069785,,,,,,,,,https://instagram.com/compcity_master,,,,https://wa.me/77066069785,,,,https://t.me/compmasterrr,,,,43.24973,76.870395,https://2gis.com/firm/70000001100095201,branch
Compshop1.kz,компания,Компьютеры; Ремонт компьютеров; Ремонт оргтехники; Сборка и апгрейд ПК; Программное обеспечение,"Алматинская улица, 52",,040729,,,,Илийский район,Алматинская область,Казахстан,Пн: 09:00-22:00; Вт: 09:00-22:00; Ср: 09:00-22:00; Чт: 09:00-22:00; Пт: 09:00-22:00; Сб: 09:00-22:00; Вс: 09:00-22:00,+05:00,,,87478848454,,,,,,,,,,,,,https://wa.me/77478848454,,,,https://t.me/+77478848454,,,,43.410832,76.915742,https://2gis.com/firm/70000001114417490,branch
Compshop1.kz,компания,Компьютеры; Ремонт компьютеров; Ремонт оргтехники; Сборка и апгрейд ПК; Монтаж компьютерных сетей,"улица Сейдалиева, 72Б",2 этаж,040718,,,,Илийский район,Алматинская область,Казахстан,Пн: 09:00-22:00; Вт: 09:00-22:00; Ср: 09:00-22:00; Чт: 09:00-22:00; Пт: 09:00-22:00; Сб: 09:00-22:00; Вс: 09:00-22:00,+05:00,,,87478848454,,,,,,,,,,,,,https://wa.me/77478848454,,,,https://t.me/+77478848454,,,,43.38113,76.85773,https://2gis.com/firm/70000001113424120,branch
Compshop1.kz,компания,Компьютеры; Ремонт компьютеров; Ремонт оргтехники; Сборка и апгрейд ПК; Монтаж компьютерных сетей,"ПКСТ Жастар, 15",,040718,,,,Илийский район,Алматинская область,Казахстан,Пн: 09:00-22:00; Вт: 09:00-22:00; Ср: 09:00-22:00; Чт: 09:00-22:00; Пт: 09:00-22:00; Сб: 09:00-22:00; Вс: 09:00-22:00,+05:00,5.0,38,87478848454,,,,,,,,,,,,,https://wa.me/77478848454,,,,https://t.me/+77478848454,,,,43.42813,76.856082,https://2gis.com/firm/70000001074954356,branch
Compshop1.kz,компания,Компьютеры; Ремонт компьютеров; Ремонт оргтехники; Сборка и апгрейд ПК; Программное обеспечение,"улица Маметовой, 14",,040717,,,,Илийский район,Алматинская область,Казахстан,Пн: 09:00-22:00; Вт: 09:00-22:00; Ср: 09:00-22:00; Чт: 09:00-22:00; Пт: 09:00-22:00; Сб: 09:00-22:00; Вс: 09:00-22:00,+05:00,5.0,4,87478848454,,,,,,,,,,,,,https://wa.me/77478848454,,,,https://t.me/+77478848454,,,,43.420614,76.891651,https://2gis.com/firm/70000001046026561,branch
CompStore,сервисный центр,Компьютеры; Ремонт компьютеров; Сборка и апгрейд ПК,"улица Толе би, 266",20 бутик; 2 этаж,050005,,Алмалинский район,Алматы,,Алматы,Казахстан,Пн: 10:00-18:00; Ср: 10:00-18:00; Чт: 10:00-18:00; Пт: 10:00-18:00; Сб: 10:00-18:00; Вс: 10:00-18:00,+05:00,4.4,20,87475451213,,,,,,,,,https://instagram.com/compstore.info,,,,https://wa.me/77475451213,,,,https://t.me/+77475451213,,,,43.249802,76.877107,https://2gis.com/firm/70000001063471129,branch
Computer help,сервисный центр,Компьютеры; Ремонт компьютеров; Сборка и апгрейд ПК; Программное обеспечение; Ремонт оргтехники,"улица Кошкарбаева, 1144",1 этаж,041609,,,,Талгарский район,Алматинская область,Казахстан,Пн: 16:00-24:00; Вт: 16:00-24:00; Ср: 16:00-24:00; Чт: 16:00-24:00; Пт: 16:00-24:00; Сб: 09:00-23:00; Вс: 09:00-23:00 (по предварительной записи),+05:00,4.6,17,87076395646,,,,,,,,,,,,,https://wa.me/77076395646,,,,,,,,43.322671,77.029003,https://2gis.com/firm/70000001090422891,branch
Compway,магазин компьютерной техники,Компьютеры,"улица Ашимова, 86",,050006,Калкаман-2 м-н,Наурызбайский район,Алматы,,Алматы,Казахстан,Пн: 10:00-19:00; Вт: 10:00-19:00; Ср: 10:00-19:00; Чт: 10:00-19:00; Пт: 10:00-19:00; Сб: 14:00-19:00,+05:00,4.6,81,87711569640,,,,,,,,,,,,,https://wa.me/77711569640,,,,,,,,43.217906,76.807782,https://2gis.com/firm/70000001105325065,branch
Compy Trade,онлайн-магазин по скупке и продаже компьютеров,Компьютеры,"улица Акбозат, 6/2",,050010,,Медеуский район,Алматы,,Алматы,Казахстан,Пн: 11:00-22:00; Вт: 11:00-22:00; Ср: 11:00-22:00; Чт: 11:00-22:00; Пт: 11:00-22:00; Сб: 11:00-22:00; Вс: 11:00-22:00,+05:00,4.3,4,87075929662,,,,,,,,,,,,,https://wa.me/77075929662,,,,,,,,43.253354,76.966915,https://2gis.com/firm/70000001109695367,branch
Cyber Jan,сервисный центр,Компьютеры; Комиссионные магазины; Ремонт компьютеров,"микрорайон Сайран, 1",,050062,Сайран м-н,Ауэзовский район,Алматы,,Алматы,Казахстан,Пн: 11:00-19:00; Вт: 11:00-19:00; Ср: 11:00-19:00; Чт: 11:00-19:00; Пт: 11:00-19:00; Сб: 12:00-18:00,+05:00,4.9,49,87087438582,,,,,,,,,https://instagram.com/cyberjan.almaty,,,,https://wa.me/77087438582,,,,,,,,43.233135,76.868802,https://2gis.com/firm/70000001104476101,branch
CyberGeek,интернет-магазин по продаже компьютеров и ноутбуков,Компьютеры; Сборка и апгрейд ПК; Фототовары; Сетевое оборудование,"улица Жарокова, 302",,050060,,Бостандыкский район,Алматы,,Алматы,Казахстан,Пн: 10:00-18:00; Вт: 10:00-18:00; Ср: 10:00-18:00; Чт: 10:00-18:00; Пт: 10:00-18:00; Сб: 11:00-17:00 (по предварительной записи),+05:00,4.9,139,87475642726,,,,,,,,,https://instagram.com/cybergeekteam,,,,https://wa.me/77475642726,,,,,,,,43.202574,76.905655,https://2gis.com/firm/70000001084084121,branch
Cyberland.kz,интернет-магазин,Компьютеры; Электротехника; Оборудование для 3D печати,"Каракалпакская улица, 11",2 этаж,050056,,Турксибский район,Алматы,,Алматы,Казахстан,Пн: 08:00-17:00; Вт: 08:00-17:00; Ср: 08:00-17:00; Чт: 08:00-17:00; Пт: 08:00-17:00,+05:00,3.7,3,87273124800,,,,,,,,,,,https://facebook.com/eKoleso.kz,,,,,,,,https://youtube.com/channel/UClqfTxW8GkoB-6FjOs5-QLw,,43.296395,76.963164,https://2gis.com/firm/70000001035832133,branch
Darkcomp,магазин компьютеров,Компьютеры; Ремонт компьютеров; Сборка и апгрейд ПК,"улица Навои, 156",,050042,,Бостандыкский район,Алматы,,Алматы,Казахстан,Пн: 11:00-18:00; Вт: 11:00-18:00; Ср: 11:00-18:00; Чт: 11:00-18:00; Пт: 11:00-18:00,+05:00,5.0,57,87718211851,,,,,,,,,https://instagram.com/darkcomp.kz,,,,https://wa.me/77718211851,,,,,,,,43.210533,76.88317,https://2gis.com/firm/70000001088126405,branch
Device Point,комиссионный магазин техники,Компьютеры; Комиссионные магазины; Мобильные телефоны,"улица Утеген батыра, 98",,050062,,Ауэзовский район,Алматы,,Алматы,Казахстан,Пн: 00:00-24:00; Вт: 00:00-24:00; Ср: 00:00-24:00; Чт: 00:00-24:00; Пт: 00:00-24:00; Сб: 00:00-24:00; Вс: 00:00-24:00 (по предварительной записи),+05:00,1.0,1,87086240360,,,,,,,,,,,,,https://wa.me/77086240360,https://wa.me/77479086210,,,,,,,43.238948,76.860074,https://2gis.com/firm/70000001110936705,branch
Devicemart,компания по продаже компьютеров,Компьютеры,"улица Казыбаева, 44",1 этаж,050050,,Жетысуский район,Алматы,,Алматы,Казахстан,Пн: 10:00-18:00; Вт: 10:00-18:00; Ср: 10:00-18:00; Чт: 10:00-18:00; Пт: 10:00-18:00; Сб: 10:00-18:00; Вс: 10:00-18:00,+05:00,,,87079495045,,,,,,,,,,,,,https://wa.me/77079495045,,,,,,,,43.280322,76.916704,https://2gis.com/firm/70000001089893387,branch
Digital House,магазин электроники,Компьютеры; Мобильные телефоны; Аксессуары к телефонам,"улица Макатаева, 81",,050004,,Алмалинский район,Алматы,,Алматы,Казахстан,Пн: 10:00-20:00; Вт: 10:00-20:00; Ср: 10:00-20:00; Чт: 10:00-20:00; Пт: 10:00-20:00; Сб: 10:00-20:00; Вс: 10:00-20:00,+05:00,5.0,2,87052201101,87073131666,,,,,,,,,,,,https://wa.me/77052201101,https://wa.me/77073131666,,,https://t.me/+77073131666,,,,43.263985,76.941524,https://2gis.com/firm/70000001080152152,branch
Dimirus,оптовая компания,Компьютеры,"Богенбай батыра улица, 75",,050010,,Медеуский район,Алматы,,Алматы,Казахстан,Пн: 10:00-17:00; Вт: 10:00-17:00; Ср: 10:00-17:00; Чт: 10:00-17:00; Пт: 10:00-17:00,+05:00,5.0,1,87272437002,,,,,,,,,,,,,,,,,,,,,43.25436,76.959934,https://2gis.com/firm/70000001067191863,branch
Doctor Com,сервисный центр,Компьютеры; Ремонт компьютеров; Системное администрирование; Элементы питания,"улица Толе би, 73",1 этаж,050012,,Алмалинский район,Алматы,,Алматы,Казахстан,Пн: 10:00-19:00; Вт: 10:00-19:00; Ср: 10:00-19:00; Чт: 10:00-19:00; Пт: 10:00-19:00,+05:00,4.7,418,87783650713,,,,,,,,,https://instagram.com/doctor_com_almaty,,,,https://wa.me/77783650713,,,,,,,,43.254502,76.935878,https://2gis.com/firm/70000001045088921,branch
DOService,сервисный центр,Компьютеры; Ремонт компьютеров; Сборка и апгрейд ПК; Копировальные услуги; Комиссионные магазины; Системное администрирование; Оргтехника,"улица Чуланова, 127",цокольный этаж,050038,Акбулак м-н,Алатауский район,Алматы,,Алматы,Казахстан,Пн: 10:00-18:00; Вт: 10:00-18:00; Ср: 10:00-18:00; Чт: 10:00-18:00; Пт: 10:00-18:00; Сб: 10:00-17:00 (по предварительному звонку),+05:00,4.9,84,87002727920,87072771989,,,,,,,,https://instagram.com/doservicenter,,,,https://wa.me/77072771989,https://wa.me/77002727920,,,https://t.me/dosmuxan,,,,43.250803,76.82527,https://2gis.com/firm/70000001052396564,branch
Dosstar,сервисный центр,Компьютеры; Ремонт компьютеров; Сборка и апгрейд ПК; Заправка картриджей,"улица Толе би, 266",16 бутик; 1 этаж,050005,,Алмалинский район,Алматы,,Алматы,Казахстан,Пн: 11:00-18:00; Ср: 11:00-18:00; Чт: 11:00-18:00; Пт: 11:00-18:00; Сб: 11:00-18:00; Вс: 11:00-18:00,+05:00,5.0,10,87769999681,,,,,,,,,https://instagram.com/remontnotebookov,,,,https://wa.me/77769999681,,,,,,,,43.249802,76.877107,https://2gis.com/firm/70000001040255624,branch
Dosstar,сервисный центр,Компьютеры; Ремонт компьютеров; Заправка картриджей; Сборка и апгрейд ПК; Копировальные услуги,"микрорайон Жетысу-2, 80",цокольный этаж,050063,Жетысу-2 м-н,Ауэзовский район,Алматы,,Алматы,Казахстан,Пн: 10:00-17:00; Вт: 10:00-17:00; Ср: 10:00-17:00; Чт: 10:00-17:00; Пт: 10:00-17:00; Сб: 10:00-17:00,+05:00,5.0,271,87770433318,,,,,,,,,https://instagram.com/remontnotebookov,,,,https://wa.me/77770433318,,,,,,,,43.220497,76.847063,https://2gis.com/firm/70000001031987882,branch
DreamDesk.kz,торговая компания,Компьютеры; Сборка и апгрейд ПК,"улица Биокомбинатская, 7",302 офис; 3 этаж,050008,,Бостандыкский район,Алматы,,Алматы,Казахстан,Пн: 12:00-20:00; Вт: 12:00-20:00; Ср: 12:00-20:00; Чт: 12:00-20:00; Пт: 12:00-20:00; Сб: 12:00-20:00; Вс: 12:00-20:00,+05:00,5.0,4,87066499388,,,,,,,,,https://instagram.com/dreamdesk.kz,,,,https://wa.me/77066499388,,,,,,,,43.237934,76.911525,https://2gis.com/firm/70000001111115716,branch
EShop,сервисный центр,Компьютеры; Ремонт компьютеров; Сборка и апгрейд ПК,"Ораза Жандосова улица, 9",1 этаж,050057,,Бостандыкский район,Алматы,,Алматы,Казахстан,Пн: 10:00-19:00; Вт: 10:00-19:00; Ср: 10:00-19:00; Чт: 10:00-19:00; Пт: 10:00-19:00; Сб: 11:00-17:00,+05:00,4.9,143,87074043838,87074049969,,,,,,,,https://instagram.com/eshop_kz,,,,https://wa.me/77074049969,https://wa.me/77074043838,,,,,,,43.234163,76.904076,https://2gis.com/firm/70000001036485374,branch
Expert,центр ремонта компьютеров,Компьютеры; Ремонт компьютеров; Сборка и апгрейд ПК; Системное администрирование; Монтаж компьютерных сетей,"Железнодорожная улица, 79",,40700,,,,Илийский район,Алматинская область,Казахстан,Пн: 11:00-22:00; Вт: 11:00-22:00; Ср: 11:00-22:00; Чт: 11:00-22:00; Пт: 11:00-22:00; Сб: 11:00-22:00; Вс: 11:00-22:00,+05:00,5.0,11,87012762748,,,,,,,,,,,,,https://wa.me/77012762748,,,,,,,,43.354861,76.842538,https://2gis.com/firm/70000001079723794,branch
Floxcom,сервисный центр,Компьютеры; Ремонт компьютеров; Сборка и апгрейд ПК; Аксессуары к телефонам,"Барибаева улица, 60",1 этаж,040901,,,Каскелен,Карасайский район,Алматинская область,Казахстан,Пн: 10:00-18:00; Вт: 10:00-18:00; Ср: 10:00-18:00; Чт: 10:00-18:00; Пт: 10:00-18:00; Сб: 10:00-18:00; Вс: 10:00-18:00 (по предварительной записи),+05:00,4.9,6,87789999989 (мастер по ремонту ноутбуков),,,,,,,,,,,,,https://wa.me/77789999989,,,,https://t.me/+77789999989,,,,43.201662,76.62687,https://2gis.com/firm/70000001044543702,branch
Forself,магазин электроники,Компьютеры; Мобильные телефоны; Аксессуары к телефонам,"проспект Абылай хана, 62",2 этаж; внутри бутика Aika,050004,,Алмалинский район,Алматы,,Алматы,Казахстан,Пн: 10:00-21:00; Вт: 10:00-21:00; Ср: 10:00-21:00; Чт: 10:00-21:00; Пт: 10:00-21:00; Сб: 10:00-21:00; Вс: 10:00-21:00,+05:00,5.0,138,87776817149,,,,,,,,,https://instagram.com/forself.kz,,,,https://wa.me/77776817149,,,,,,,,43.26205,76.941855,https://2gis.com/firm/70000001079962389,branch
G-Service,мастерская по ремонту ноутбуков и компьютеров,Компьютеры; Ремонт компьютеров; Сборка и апгрейд ПК,"микрорайон Айнабулак-1, 2",1 этаж; вход с ул. Жумабаева,050014,Айнабулак-1 м-н,Жетысуский район,Алматы,,Алматы,Казахстан,Пн: 11:00-17:00; Вт: 11:00-17:00; Ср: 11:00-17:00; Чт: 11:00-17:00; Сб: 11:00-17:00; Вс: 11:00-17:00,+05:00,4.8,54,87077042494,87777042494,,,,,,,,https://instagram.com/g_service_almaty,,https://facebook.com/G-SERVICE-%D0%A1%D0%B5%D1%80%D0%B2%D0%B8%D1%81-%D1%86%D0%B5%D0%BD%D1%82%D1%80-204921557057290,,https://wa.me/77077042494,,,,,,,,43.32217,76.912518,https://2gis.com/firm/70000001036342155,branch
Gabit Telephone,бутик по продаже телефонов,Компьютеры; Мобильные телефоны; Аксессуары к телефонам; Помощь в подключении услуг связи; Ремонт телефонов,"проспект Жибек Жолы, 85",29 сектор; 2 этаж; витрина 26,050004,,Алмалинский район,Алматы,,Алматы,Казахстан,Пн: 10:00-21:00; Вт: 10:00-21:00; Ср: 10:00-21:00; Чт: 10:00-21:00; Пт: 10:00-21:00; Сб: 10:00-21:00; Вс: 10:00-21:00,+05:00,5.0,12,87472029092,87781802003,,,,,,,,https://instagram.com/gabit_abilda,,,,https://wa.me/77472029092,https://wa.me/77781802003,,,,,,,43.26205,76.941855,https://2gis.com/firm/70000001084533104,branch
Genesis Gamers,компания по продаже компьютеров и комплектующих,Компьютеры; Сборка и апгрейд ПК,"улица Галилея, 4",,050014,,Жетысуский район,Алматы,,Алматы,Казахстан,Пн: 11:00-19:00; Вт: 11:00-19:00; Ср: 11:00-19:00; Чт: 11:00-19:00; Пт: 11:00-19:00; Сб: 11:00-19:00,+05:00,5.0,29,87079555213,,,,,,,,,https://instagram.com/genesis_gamers,,,,https://wa.me/77079555213,,,,https://t.me/genesis_gamers,,,,43.268406,76.909389,https://2gis.com/firm/70000001096904594,branch
Getmobile.kz,торговая компания,Компьютеры; Мобильные телефоны; Аксессуары к телефонам; Помощь в подключении услуг связи; Бытовая техника,"проспект Абылай хана, 62",20 место; 15 сектор; 2 этаж,050004,,Алмалинский район,Алматы,,Алматы,Казахстан,Пн: 10:00-20:00; Вт: 10:00-20:00; Ср: 10:00-20:00; Чт: 10:00-20:00; Пт: 10:00-20:00; Сб: 10:00-20:00; Вс: 10:00-20:00,+05:00,4.0,4,87018195551,,,,,,,,,https://instagram.com/getmobile.kz,,,,https://wa.me/77018195551,,,,,,,,43.26205,76.941855,https://2gis.com/firm/70000001062793952,branch
Global IT Technologies,компания,Компьютеры; Оргтехника; Программное обеспечение; Сетевое оборудование,"улица Айманова, 126",609 кабинет; 6 этаж,050057,,Бостандыкский район,Алматы,,Алматы,Казахстан,Пн: 10:00-18:30; Вт: 10:00-18:30; Ср: 10:00-18:30; Чт: 10:00-18:30; Пт: 10:00-18:30; Сб: 10:00-17:00,+05:00,5.0,8,87774379898,,,,,,,,,,,,,https://wa.me/77774379898,https://wa.me/77470852440,,,https://t.me/+77774379898,,,,43.23778,76.897399,https://2gis.com/firm/70000001045196092,branch
Global Market City,магазин,Компьютеры; Офисная мебель; Канцтовары; Охранные системы,"микрорайон Думан-2, 18",2 этаж,050064,Думан-2 м-н,Медеуский район,Алматы,,Алматы,Казахстан,"Пн: 09:00-13:00, 14:00-18:00; Вт: 09:00-13:00, 14:00-18:00; Ср: 09:00-13:00, 14:00-18:00; Чт: 09:00-13:00, 14:00-18:00; Пт: 09:00-13:00, 14:00-18:00",+05:00,,,87082515984,,,,,,,,,https://instagram.com/g_marketcity,,,,https://wa.me/77082515984,,,,,,,,43.287843,77.003736,https://2gis.com/firm/70000001105139418,branch
Golden Store,магазин электроники,Компьютеры; Мобильные телефоны; Аксессуары к телефонам,"проспект Абылай хана, 62",13-17 место; 21 сектор; 2 этаж,050004,,Алмалинский район,Алматы,,Алматы,Казахстан,Пн: 11:00-20:00; Вт: 11:00-20:00; Ср: 11:00-20:00; Чт: 11:00-20:00; Пт: 11:00-20:00; Сб: 11:00-20:00; Вс: 11:00-20:00,+05:00,5.0,6,87472220888,,,,,,,,,https://instagram.com/golden_store_empire,,,,https://wa.me/77472220888,,,,,,,,43.26205,76.941855,https://2gis.com/firm/70000001078853641,branch
Goodgame,компания по продаже компьютеров,Компьютеры,"микрорайон Аксай-1, 11/7",,050031,Аксай-1 м-н,Ауэзовский район,Алматы,,Алматы,Казахстан,"Пн: 09:00-13:00, 14:00-18:00; Вт: 09:00-13:00, 14:00-18:00; Ср: 09:00-13:00, 14:00-18:00; Чт: 09:00-13:00, 14:00-18:00; Пт: 09:00-13:00, 14:00-18:00",+05:00,5.0,8,87089798774,,,,,,,,,,,,,https://wa.me/77089798774,,,,,,,,43.242718,76.834113,https://2gis.com/firm/70000001094602270,branch
Gufa,компания,Компьютеры; Мобильные телефоны; Часы,"улица Кунаева, 43",314 офис; 2 этаж,050004,,Медеуский район,Алматы,,Алматы,Казахстан,Пн: 12:00-21:00; Вт: 12:00-21:00; Ср: 12:00-21:00; Чт: 12:00-21:00; Пт: 12:00-21:00; Сб: 12:00-21:00; Вс: 12:00-21:00,+05:00,5.0,5,87773877787,,,,,,,,,,,,,https://wa.me/77773877787,,,,,,,,43.262917,76.948928,https://2gis.com/firm/70000001090817048,branch
High Systems,сервисная компания,Компьютеры; Заправка картриджей; Ремонт компьютеров; Ремонт оргтехники,"улица Маркова, 22/37",3 этаж,050040,Коктем-1 м-н,Бостандыкский район,Алматы,,Алматы,Казахстан,Пн: 10:00-18:00; Вт: 10:00-18:00; Ср: 10:00-18:00; Чт: 10:00-18:00; Пт: 10:00-18:00,+05:00,4.9,46,87471102638,,,,,,,,,,,,,https://wa.me/77471102638,,,,,,,,43.230618,76.929444,https://2gis.com/firm/70000001024603785,branch
Hitcom,торговая компания,Компьютеры; Оргтехника; Расходные материалы для оргтехники; Сетевое оборудование; Программное обеспечение,"улица Карасай батыра, 237",,050009,,Алмалинский район,Алматы,,Алматы,Казахстан,"Пн: 09:00-13:00, 14:00-18:00; Вт: 09:00-13:00, 14:00-18:00; Ср: 09:00-13:00, 14:00-18:00; Чт: 09:00-13:00, 14:00-18:00; Пт: 09:00-13:00, 14:00-18:00",+05:00,2.7,8,87771064197,,,,,,,,,,,,,https://wa.me/77771064197,,,,,,,,43.247489,76.885874,https://2gis.com/firm/70000001092583427,branch
Hqservice.kz,,Компьютеры; Ремонт компьютеров; Ремонт цифровой техники; Сборка и апгрейд ПК; Комиссионные магазины; Программное обеспечение; Элементы питания,"улица Маркова, 61/1",7 офис; цокольный этаж,050040,,Бостандыкский район,Алматы,,Алматы,Казахстан,Пн: 10:00-18:00; Вт: 10:00-18:00; Ср: 10:00-18:00; Чт: 10:00-18:00; Пт: 10:00-18:00; Сб: 10:00-18:00; Вс: 10:00-18:00,+05:00,5.0,25,87079104686,,,,,,,,,https://instagram.com/hqservice.kz,,https://facebook.com/profile.php?id=61561325563450,,https://wa.me/77079104686,,,,,,,,43.226619,76.934658,https://2gis.com/firm/70000001074192482,branch
ikhlas_mobile,,Компьютеры; Ремонт телефонов; Ремонт компьютеров; Мобильные телефоны,"проспект Абылай хана, 62",5 место; 21 сектор; 2 этаж,050004,,Алмалинский район,Алматы,,Алматы,Казахстан,Пн: 10:00-21:00; Вт: 10:00-21:00; Ср: 10:00-21:00; Чт: 10:00-21:00; Пт: 10:00-21:00; Сб: 10:00-21:00; Вс: 10:00-21:00,+05:00,5.0,6,87477453937,,,,,,,,,https://instagram.com/ikhlas_mobile_,,,,https://wa.me/77477453937,,,,,,,,43.26205,76.941855,https://2gis.com/firm/70000001114153153,branch
Impacto Gaming,центр по продаже и ремонту компьютеров,Компьютеры; Ремонт компьютеров,"микрорайон Сайран, 114",1 этаж,050062,Сайран м-н,Ауэзовский район,Алматы,,Алматы,Казахстан,Пн: 11:00-19:00; Вт: 11:00-19:00; Ср: 11:00-19:00; Чт: 11:00-19:00; Пт: 11:00-19:00,+05:00,5.0,3,87082703625,,,,,,,,,,,,,https://wa.me/77082703625,,,,,,,,43.239292,76.861772,https://2gis.com/firm/70000001114717276,branch
Inteco,магазин мобильных телефонов и гаджетов,Компьютеры; Мобильные телефоны; Аксессуары к телефонам,"улица Биокомбинатская, 20",1 этаж,050008,,Бостандыкский район,Алматы,,Алматы,Казахстан,Пн: 10:00-22:30; Вт: 10:00-22:30; Ср: 10:00-22:30; Чт: 10:00-22:30; Пт: 14:00-23:00; Сб: 10:00-22:30; Вс: 10:00-22:30,+05:00,4.5,24,87000990203,,,,,,,,,https://instagram.com/inteco.kz,,,,https://wa.me/77000990203,,,,,,,,43.237946,76.912466,https://2gis.com/firm/70000001081895422,branch
Intercom,компания по продаже компьютерного оборудования,Компьютеры; Ремонт компьютеров; Заправка картриджей; Расходные материалы для оргтехники,"улица Карасай батыра, 29",,040900,,,Каскелен,Карасайский район,Алматинская область,Казахстан,"Пн: 09:00-13:00, 14:00-18:30; Вт: 09:00-13:00, 14:00-18:30; Ср: 09:00-13:00, 14:00-18:30; Чт: 09:00-13:00, 14:00-18:30; Пт: 09:00-13:00, 14:00-18:30; Сб: 09:00-13:00, 14:00-17:30; Вс: 09:00-13:00, 14:00-17:30",+05:00,4.5,35,87087257155,87081831060,87277122285,,,,,,,https://instagram.com/_intercom_computer_shop,,,,https://wa.me/77087257155,,,,,,,,43.200409,76.621868,https://2gis.com/firm/70000001044161297,branch
IT Spirit,IT-компания,Компьютеры; Системное администрирование; Ремонт компьютеров; Бухгалтерские программы; Разработка и продвижение сайтов,"проспект Жибек Жолы, 64",310 офис; 3 этаж,050002,,Медеуский район,Алматы,,Алматы,Казахстан,Пн: 09:00-18:00; Вт: 09:00-18:00; Ср: 09:00-18:00; Чт: 09:00-18:00; Пт: 09:00-18:00; Сб: 09:00-14:00,+05:00,4.4,6,87769993278 (техническая поддержка),,,,,,,,,,,,,https://wa.me/77769993278,,,viber://chat/?number=77769993278,,,,,43.261929,76.950826,https://2gis.com/firm/70000001064219921,branch
It-factory.kz,компания по ремонту ноутбуков и компьютеров,Компьютеры; Ремонт компьютеров,"проспект Гагарина, 83",211 офис; 2 этаж,050009,,Алмалинский район,Алматы,,Алматы,Казахстан,Пн: 10:00-17:00; Вт: 10:00-17:00; Ср: 10:00-17:00; Чт: 10:00-17:00; Пт: 10:00-17:00,+05:00,5.0,7,87779452929,,,,,,,,,,,,,https://wa.me/77779452929,,,,,,,,43.241245,76.893636,https://2gis.com/firm/70000001045807950,branch
IT-MR,сервисный центр по ремонту компьютеров,Компьютеры; Ремонт компьютеров,"микрорайон Шугыла, 340/4 к4",цокольный этаж,050000,Шугыла м-н,Наурызбайский район,Алматы,,Алматы,Казахстан,"Пн: 11:00-14:00, 15:00-20:00; Вт: 11:00-14:00, 15:00-20:00; Ср: 11:00-14:00, 15:00-20:00; Чт: 11:00-14:00, 15:00-20:00; Пт: 11:00-14:00, 15:00-20:00; Сб: 11:00-14:00, 15:00-20:00",+05:00,4.9,2,87087590401,,,,,,,,,https://instagram.com/pc.itmr.kz,,,,https://wa.me/77087590401,,,,,,,,43.207694,76.789824,https://2gis.com/firm/70000001103738841,branch
ItBro,магазин компьютеров,Компьютеры; Сборка и апгрейд ПК; Ремонт компьютеров,"улица Навои, 156",,050042,,Бостандыкский район,Алматы,,Алматы,Казахстан,Пн: 10:00-18:00; Вт: 10:00-18:00; Ср: 10:00-18:00; Чт: 10:00-18:00; Пт: 10:00-18:00,+05:00,5.0,161,87081258656,,,,,,,,,https://instagram.com/itbro.kz,,,,https://wa.me/77081258656,,,,,,,,43.210533,76.88317,https://2gis.com/firm/70000001069616071,branch
Itlex,торговая компания,Компьютеры; Ремонт компьютеров,"улица Толе би, 189д",306 офис; 3 этаж,050009,,Алмалинский район,Алматы,,Алматы,Казахстан,Пн: 11:00-19:00; Вт: 11:00-19:00; Ср: 11:00-19:00; Чт: 11:00-19:00; Пт: 11:00-19:00; Сб: 11:00-18:00,+05:00,4.2,5,87477017890,,,,,,,,,,,,,https://wa.me/77477017890,,,,,,,,43.252213,76.891215,https://2gis.com/firm/70000001052910695,branch
J & S,компания,Компьютеры; Оргтехника; Ремонт оргтехники; Заправка картриджей,"улица Казыбек би, 65",419а офис; 4 этаж,050000,,Алмалинский район,Алматы,,Алматы,Казахстан,Пн: 16:00-19:00; Вт: 16:00-19:00; Ср: 16:00-19:00; Чт: 16:00-19:00; Пт: 16:00-19:00; Сб: 16:00-19:00; Вс: 16:00-19:00 (по предварительному звонку),+05:00,5.0,3,87272670425,87075976312,,,,,,,,,,,,https://wa.me/77075976312,,,,,,,,43.256888,76.945996,https://2gis.com/firm/9429940001407691,branch
Januya,центр по ремонту оргтехники и заправке картриджей,Компьютеры; Ремонт компьютеров; Разработка и продвижение сайтов; Сборка и апгрейд ПК; Оргтехника; Программное обеспечение; Системное администрирование; Монтаж компьютерных сетей; Расходные материалы для оргтехники; Ремонт оргтехники; Заправка картриджей,"улица Байтурсынова, 65а",,050012,,Алмалинский район,Алматы,,Алматы,Казахстан,Пн: 08:00-20:00; Вт: 08:00-20:00; Ср: 08:00-20:00; Чт: 08:00-20:00; Пт: 08:00-20:00; Сб: 12:00-18:00; Вс: 12:00-18:00 (по предварительному звонку),+05:00,5.0,9,87071580946,,,3apravka.teh@mail.ru,,,,,,,,,,https://wa.me/77071580946,,,,,,,,43.249241,76.925857,https://2gis.com/firm/70000001112608988,branch
Januya,центр по ремонту оргтехники и заправке картриджей,Компьютеры; Заправка картриджей; Разработка и продвижение сайтов; Сборка и апгрейд ПК; Оргтехника; Программное обеспечение; Ремонт компьютеров; Системное администрирование; Монтаж компьютерных сетей; Сетевое оборудование; Расходные материалы для оргтехники; Ремонт оргтехники,"улица Аносова, 153а",,050009,,Алмалинский район,Алматы,,Алматы,Казахстан,Пн: 09:00-20:00; Вт: 09:00-20:00; Ср: 09:00-20:00; Чт: 09:00-20:00; Пт: 09:00-20:00; Сб: 12:00-18:00; Вс: 12:00-18:00,+05:00,5.0,7,87071580946,,,3apravka.teh@mail.ru,,,,,,,,,,https://wa.me/77071580946,,,,,,,,43.24278,76.886049,https://2gis.com/firm/70000001112420753,branch
Januya,центр по ремонту оргтехники и заправке картриджей,Компьютеры; Заправка картриджей; Разработка и продвижение сайтов; Сборка и апгрейд ПК; Программное обеспечение; Ремонт компьютеров; Системное администрирование; Монтаж компьютерных сетей; Расходные материалы для оргтехники; Копировальные услуги; Ремонт оргтехники,"улица Масанчи, 23а/2",,050000,,Алмалинский район,Алматы,,Алматы,Казахстан,Пн: 08:00-20:00; Вт: 08:00-20:00; Ср: 08:00-20:00; Чт: 08:00-20:00; Пт: 08:00-20:00; Сб: 12:00-18:00; Вс: 12:00-18:00 (по предварительному звонку),+05:00,5.0,13,87071580946,,,3apravka.teh@mail.ru,,,,,,,,,,https://wa.me/77071580946,,,,https://t.me/+77472874265,,,,43.26059,76.927118,https://2gis.com/firm/70000001092814552,branch
Januya,центр по ремонту оргтехники и заправке картриджей,Компьютеры; Ремонт компьютеров; Разработка и продвижение сайтов; Сборка и апгрейд ПК; Оргтехника; Программное обеспечение; Системное администрирование; Монтаж компьютерных сетей; Сетевое оборудование; Расходные материалы для оргтехники; Ремонт оргтехники; Заправка картриджей,"проспект Абая, 52в",М17 офис; цокольный этаж,050008,,Бостандыкский район,Алматы,,Алматы,Казахстан,Пн: 08:00-20:00; Вт: 08:00-20:00; Ср: 08:00-20:00; Чт: 08:00-20:00; Пт: 08:00-20:00; Сб: 12:00-18:00; Вс: 12:00-18:00 (по предварительному звонку),+05:00,4.0,15,87071580946,,,3apravka.teh@mail.ru,,,,,,,,,,https://wa.me/77071580946,,,,,,,,43.238497,76.914105,https://2gis.com/firm/70000001037367612,branch
Jef market,магазин и сервисный центр,Компьютеры; Ремонт оргтехники; Оргтехника; Ремонт компьютеров,"улица Немировича-Данченко, 8",,050061,,Алатауский район,Алматы,,Алматы,Казахстан,Пн: 10:00-19:00; Вт: 10:00-19:00; Ср: 10:00-19:00; Чт: 10:00-19:00; Пт: 10:00-19:00; Сб: 10:00-19:00,+05:00,,,87004140404,87087772898,,,,,,,,,,,,https://wa.me/77087772898,https://wa.me/77004140404,,,,,,,43.259484,76.869457,https://2gis.com/firm/70000001111741916,branch
Joy,бутик,Компьютеры; Мобильные телефоны; Аксессуары к телефонам; Помощь в подключении услуг связи,"проспект Абылай хана, 62","10, 12, 13 место; 19 сектор; 2 этаж",050004,,Алмалинский район,Алматы,,Алматы,Казахстан,Пн: 10:00-20:30; Вт: 10:00-20:30; Ср: 10:00-20:30; Чт: 10:00-20:30; Пт: 10:00-20:30; Сб: 10:00-20:30; Вс: 10:00-20:30,+05:00,5.0,8,87058888588,87076788884,,,,,,,,https://instagram.com/joy_mobilee,,,,https://wa.me/77058888588,https://wa.me/77076788884,,,,,,,43.26205,76.941855,https://2gis.com/firm/70000001066989409,branch
jpc.kz,компания по сборке и продаже компьютеров,Компьютеры; Сборка и апгрейд ПК; Ремонт компьютеров,"улица Челюскина, 27",,050011,,Турксибский район,Алматы,,Алматы,Казахстан,Пн: 10:00-20:30; Вт: 10:00-20:30; Ср: 10:00-18:30; Чт: 10:00-20:30; Пт: 10:00-20:30; Сб: 10:00-20:30 (по предварительному звонку),+05:00,4.8,57,87071222133,,,,,,,,,,,,,https://wa.me/77071222133,,,,https://t.me/+77071222133,,,,43.318141,76.947819,https://2gis.com/firm/70000001043472539,branch
K-One Group,склад,Компьютеры,"улица Утеген батыра, 7/2а",1 этаж,050031,,Ауэзовский район,Алматы,,Алматы,Казахстан,Пн: 10:00-19:00; Вт: 10:00-19:00; Ср: 10:00-19:00; Чт: 10:00-19:00; Пт: 10:00-19:00,+05:00,5.0,2,87770970987,87711389969,,,,,,,,https://instagram.com/k_one_group,,,,https://wa.me/77770970987,https://wa.me/77711389969,,,,,,,43.248261,76.853852,https://2gis.com/firm/70000001103188782,branch
K-service,сервисный центр,Компьютеры; Ремонт компьютеров; Программное обеспечение,"микрорайон Мамыр-1, 29/6",4 этаж,050036,Мамыр-1 м-н,Ауэзовский район,Алматы,,Алматы,Казахстан,Пн: 00:00-24:00; Вт: 00:00-24:00; Ср: 00:00-24:00; Чт: 00:00-24:00; Пт: 00:00-24:00; Сб: 00:00-24:00; Вс: 00:00-24:00 (по предварительному звонку),+05:00,4.0,4,87765529502,,,,,,,,,,,,,https://wa.me/77765529502,,,,,,,,43.212184,76.843737,https://2gis.com/firm/70000001091234197,branch
Kafa Electric,торговая компания,Компьютеры; Светотехника; Электроустановочная продукция; Подвесные потолки,"улица Туркебаева, 99",,050009,,Алмалинский район,Алматы,,Алматы,Казахстан,"Пн: 10:00-11:45, 13:15-17:00; Вт: 10:00-11:45, 13:15-17:00; Ср: 10:00-11:45, 13:15-17:00; Чт: 10:00-11:45, 13:15-17:00; Пт: 10:00-11:45, 13:15-17:00",+05:00,4.4,10,87770802270,87051112950,,,,,,,,,,,,https://wa.me/77770802270,https://wa.me/77051112950,,,,,,,43.248749,76.878808,https://2gis.com/firm/70000001025777117,branch
Kascom,​оптово-розничная торговая компания по продаже компьютеров и комплектующих,Компьютеры,"улица Ухтомского, 21",,050042,,Бостандыкский район,Алматы,,Алматы,Казахстан,"Пн: 11:00-15:00, 16:00-18:00; Вт: 11:00-15:00, 16:00-18:00; Ср: 11:00-15:00, 16:00-18:00; Чт: 11:00-15:00, 16:00-18:00; Пт: 11:00-15:00, 16:00-18:00; Сб: 11:00-15:00, 16:00-18:00",+05:00,3.5,21,87475516888,,,,,,,,,https://instagram.com/bestgamer.kz,,,,https://wa.me/77475516888,,,,,,,,43.206191,76.880305,https://2gis.com/firm/70000001084553158,branch
Komek,IT-компания,Компьютеры; Ремонт компьютеров; Сетевое оборудование; Сборка и апгрейд ПК; Оргтехника,"улица Карасай батыра, 326",323 бутик; цокольный этаж,050005,,Алмалинский район,Алматы,,Алматы,Казахстан,Пн: 10:00-18:00; Вт: 10:00-18:00; Ср: 10:00-18:00; Чт: 10:00-18:00; Пт: 10:00-18:00; Сб: 10:00-18:00; Вс: 10:00-18:00 (по предварительному звонку),+05:00,4.8,7,87014033335,,,,,,,,,https://instagram.com/it_komek,https://twitter.com/it_komek,,,https://wa.me/77014033335,,,,https://t.me/it_komek,,https://youtube.com/channel/UCoSVKfBVISLKFou6WsScpag,,43.246251,76.869219,https://2gis.com/firm/70000001057160372,branch
Laptop.kz,магазин по продаже электроники,Компьютеры; Комиссионные магазины,"улица Туркебаева, 257а",15 офис; 2 этаж,050046,,Бостандыкский район,Алматы,,Алматы,Казахстан,Пн: 10:00-19:00; Вт: 10:00-19:00; Ср: 10:00-19:00; Чт: 10:00-19:00; Пт: 10:00-19:00; Сб: 10:00-19:00; Вс: 10:00-19:00,+05:00,4.9,16,87772422002,,,,,,,,,https://instagram.com/laptop_kz,,,,https://wa.me/77772422002,,,,,,,,43.233466,76.882245,https://2gis.com/firm/70000001099776527,branch
Lineup PC,магазин компьютерной техники,Компьютеры; Ремонт компьютеров,"проспект Гагарина, 230",1 этаж,050060,,Бостандыкский район,Алматы,,Алматы,Казахстан,Пн: 10:00-22:00; Вт: 10:00-22:00; Ср: 10:00-22:00; Чт: 10:00-22:00; Пт: 10:00-22:00; Сб: 10:00-22:00; Вс: 10:00-22:00,+05:00,4.8,113,87070705670,87476625919,,,,,,,,https://instagram.com/lineup.kzz,,,,https://wa.me/77476625919,https://wa.me/77070705670,,,,,,,43.215906,76.898192,https://2gis.com/firm/70000001103886920,branch
Makentosh,бутик по продаже мобильных телефонов и аксессуаров,Компьютеры; Мобильные телефоны; Аксессуары к телефонам; Ремонт телефонов,"проспект Абылай хана, 62",32 сектор; 2 этаж,050004,,Алмалинский район,Алматы,,Алматы,Казахстан,Пн: 10:00-20:00; Вт: 10:00-20:00; Ср: 10:00-20:00; Чт: 10:00-20:00; Пт: 10:00-20:00; Сб: 10:00-20:00; Вс: 10:00-20:00,+05:00,,,87015298888,,,,,,,,,https://instagram.com/makentosh_kz,,,,https://wa.me/77015298888,,,,,,,,43.26205,76.941855,https://2gis.com/firm/70000001090646733,branch
Marti Technology,,Компьютеры; Оргтехника; Офисная мебель,"улица Немировича-Данченко, 51а",,050061,,Алатауский район,Алматы,,Алматы,Казахстан,Пн: 09:00-18:00; Вт: 09:00-18:00; Ср: 09:00-18:00; Чт: 09:00-18:00; Пт: 09:00-18:00,+05:00,5.0,1,87758028840,,,,,,,,,https://instagram.com/martitechnology,,,,,,,,,,,,43.264342,76.869397,https://2gis.com/firm/70000001101222109,branch
Maxitel,сервисный центр,Компьютеры; Ремонт телефонов; Ремонт компьютеров; Аксессуары к телефонам; Ремонт цифровой техники,"микрорайон Айнабулак-2, 71д",1 этаж; напротив Cosmart,050014,Айнабулак-2 м-н,Жетысуский район,Алматы,,Алматы,Казахстан,Пн: 09:00-20:00; Вт: 09:00-20:00; Ср: 09:00-20:00; Чт: 09:00-20:00; Пт: 09:00-20:00; Сб: 09:00-20:00; Вс: 09:00-20:00,+05:00,5.0,1,87712776699,87752776699,,,,,,,,https://instagram.com/maxitel.kz,,,https://vk.com/maxitel_kz,https://wa.me/77712776699,,,,https://t.me/maxitel_kz,,,,43.320106,76.915769,https://2gis.com/firm/70000001059894467,branch
Telefoniya,интернет магазин электроники,Компьютеры; Мобильные телефоны,"проспект Абылай хана, 62",113 кабинет; 4 этаж,050004,,Алмалинский район,Алматы,,Алматы,Казахстан,Пн: 11:00-19:00; Вт: 11:00-19:00; Ср: 11:00-19:00; Чт: 11:00-19:00; Пт: 11:00-19:00; Сб: 11:00-19:00; Вс: 11:00-19:00,+05:00,4.6,9,87073597605,,,,,,,,,https://instagram.com/i_telefoniya_,,,,https://wa.me/77073597605,,,,,,,,43.26205,76.941855,https://2gis.com/firm/70000001084528495,branch
Thunderobot,магазин компьютерной техники,Компьютеры,"проспект Сейфуллина, 617",2 этаж,050013,,Бостандыкский район,Алматы,,Алматы,Казахстан,Пн: 10:00-22:00; Вт: 10:00-22:00; Ср: 10:00-22:00; Чт: 10:00-22:00; Пт: 10:00-22:00; Сб: 10:00-22:00; Вс: 10:00-22:00,+05:00,5.0,1,87087337165,,,,,,,,,https://instagram.com/thunderobot.kz,,,,https://wa.me/77087337165,,,,,,,,43.233497,76.935599,https://2gis.com/firm/70000001110818868,branch
Trx Pc,,Компьютеры; Ремонт компьютеров; Сборка и апгрейд ПК,"проспект Абая, 52в",103/2 офис; 1 этаж,050008,,Бостандыкский район,Алматы,,Алматы,Казахстан,Пн: 11:00-20:00; Вт: 11:00-20:00; Ср: 11:00-20:00; Чт: 11:00-20:00; Пт: 11:00-20:00 (по предварительному звонку),+05:00,4.9,107,87719969845,,,,,,,,,https://instagram.com/trx_pc_almaty,,,,https://wa.me/77719969845,,,,,,,,43.238497,76.914105,https://2gis.com/firm/70000001078804675,branch
Veltrix,магазин компьютерной техники,Компьютеры; Ремонт компьютеров,"микрорайон Аксай-4, 44а",,050063,Аксай-4 м-н,Ауэзовский район,Алматы,,Алматы,Казахстан,Пн: 10:00-19:00; Вт: 10:00-19:00; Ср: 10:00-19:00; Чт: 10:00-19:00; Пт: 10:00-19:00; Сб: 10:00-17:00; Вс: 10:00-19:00,+05:00,4.4,30,87005558088,,,,,,,,,https://instagram.com/veltrixkz,,,,https://wa.me/77005558088,,,,https://t.me/+77005558088,,,,43.227109,76.837478,https://2gis.com/firm/70000001092493844,branch
Ne Service,"сервисный центр по ремонту ноутбуков, ПК и телефонов",Компьютеры; Запчасти к телефонам; Сборка и апгрейд ПК; Элементы питания; Системное администрирование,"улица Немировича-Данченко, 18а",цокольный этаж,050061,,Алатауский район,Алматы,,Алматы,Казахстан,Пн: 14:00-19:00; Вт: 14:00-19:00; Ср: 14:00-19:00; Чт: 14:00-19:00; Пт: 14:00-19:00; Сб: 14:00-18:00; Вс: 14:00-18:00,+05:00,4.6,537,87056544169,,,,,,,,,,,,,https://wa.me/77056544169,,,,,,,,43.261098,76.868841,https://2gis.com/firm/70000001047307029,branch
Nemo.kz,интернет-магазин,Компьютеры; Стационарные телефоны; Бытовая техника; Мобильные телефоны; Аксессуары к телефонам,"улица Байтурсынова, 179 блок 3",1 этаж,050013,,Бостандыкский район,Алматы,,Алматы,Казахстан,Пн: 09:00-20:00; Вт: 09:00-20:00; Ср: 09:00-20:00; Чт: 09:00-20:00; Пт: 09:00-20:00; Сб: 09:00-20:00; Вс: 09:00-20:00,+05:00,4.5,414,87782167342 (сервисный центр),87766950577,,,,,,,,https://instagram.com/nemo.kz,,,,https://wa.me/77766950577,,,,,,,,43.230723,76.934958,https://2gis.com/firm/70000001064626186,branch
Nice Store,бутик по продаже аксессуаров и ремонту мобильных телефонов,Компьютеры; Мобильные телефоны; Аксессуары к телефонам; Ремонт компьютеров,"улица Макатаева, 45",104 бутик; 1 этаж,050002,,Медеуский район,Алматы,,Алматы,Казахстан,Пн: 10:00-20:00; Вт: 10:00-20:00; Ср: 10:00-20:00; Чт: 10:00-20:00; Пт: 10:00-20:00; Сб: 10:00-20:00; Вс: 10:00-20:00,+05:00,4.7,17,87475553145 (отдел продаж),87081646282 (ремонт ноутбуков),,,,,,,,https://instagram.com/nicestore.kz,,,,https://wa.me/77475553145,https://wa.me/77081646282,,,,,,,43.264973,76.955657,https://2gis.com/firm/70000001046686032,branch
Nk-servise,сервисный центр,Компьютеры; Ремонт компьютеров; Ремонт оргтехники; Сборка и апгрейд ПК; Ремонт цифровой техники,"улица Гоголя, 89",218 кабинет; 2 этаж,050004,,Алмалинский район,Алматы,,Алматы,Казахстан,Пн: 09:00-18:00; Вт: 09:00-18:00; Ср: 09:00-18:00; Чт: 09:00-18:00; Пт: 09:00-18:00; Сб: 09:00-18:00,+05:00,4.9,100,87074351095,,,,,,,,,https://instagram.com/nk_servise_,,,,https://wa.me/77074351095,,,,,,,,43.260745,76.942189,https://2gis.com/firm/70000001065260817,branch
NLT Service,сервисный центр по обслуживанию компьютеров и ноутбуков,Компьютеры; Сборка и апгрейд ПК; Ремонт компьютеров; Системное администрирование; Оргтехника,"проспект Абая, 68/74",104 офис; 1 этаж,050008,,Бостандыкский район,Алматы,,Алматы,Казахстан,Пн: 10:00-21:00; Вт: 10:00-21:00; Ср: 10:00-21:00; Чт: 10:00-21:00; Пт: 10:00-21:00; Сб: 11:00-18:00 (по предварительному звонку),+05:00,5.0,13,87472150000,,,,,,,,,https://instagram.com/nlt.service,,,,https://wa.me/77472150000,,,,https://t.me/+77472150000,,,,43.238723,76.90472,https://2gis.com/firm/70000001098472574,branch
Notnik,магазин компьютерной техники,Компьютеры,"микрорайон Аксай-2, 8/3",9 бутик; 3 этаж,050031,Аксай-2 м-н,Ауэзовский район,Алматы,,Алматы,Казахстан,"Пн: 10:30-13:00, 14:00-20:30; Вт: 10:30-13:00, 14:00-20:30; Ср: 10:30-13:00, 14:00-20:30; Чт: 10:30-13:00, 14:00-20:30; Пт: 10:30-13:00, 14:00-20:30; Сб: 10:30-13:00, 14:00-20:30; Вс: 10:30-13:00, 14:00-20:30",+05:00,5.0,128,87007720003,,,,,,,,,https://instagram.com/notnik_kazakhstan,,,,,,,,,,,,43.239827,76.834404,https://2gis.com/firm/70000001090348396,branch
Ogo! Market,магазин электроники,Компьютеры; Электротехника; Средства радиосвязи,"улица Толе би, 266",15/1 бутик; 1 этаж,050005,,Алмалинский район,Алматы,,Алматы,Казахстан,Пн: 09:00-18:00; Ср: 09:00-18:00; Чт: 09:00-18:00; Пт: 09:00-18:00; Сб: 09:00-18:00; Вс: 09:00-18:00,+05:00,5.0,7,87474018294,87018803305,87075283371,,,,,,,https://instagram.com/ogomarket,,,,https://wa.me/77474018294,https://wa.me/77018803305,https://wa.me/77075283371,,,,,,43.249802,76.877107,https://2gis.com/firm/70000001078595871,branch
Omoto,дистрибьюторская компания,Компьютеры; Бытовая техника; Детская мебель,"проспект Райымбека, 496а",02 помещение; 1 этаж,050031,,Ауэзовский район,Алматы,,Алматы,Казахстан,Пн: 09:00-18:00; Вт: 09:00-18:00; Ср: 09:00-18:00; Чт: 09:00-18:00; Пт: 09:00-18:00; Сб: 09:00-18:00,+05:00,,,87029653311,,,,,,,,,,,,,https://wa.me/77029653311,,,,,,,,43.247811,76.844885,https://2gis.com/firm/70000001112633633,branch
Oncharge,​магазин мобильных телефонов и гаджетов,Компьютеры; Мобильные телефоны; Аксессуары к телефонам,"Луганского улица, 19",,050051,,Медеуский район,Алматы,,Алматы,Казахстан,Пн: 10:00-22:00; Вт: 10:00-22:00; Ср: 10:00-22:00; Чт: 10:00-22:00; Пт: 10:00-22:00; Сб: 10:00-22:00; Вс: 10:00-22:00,+05:00,4.9,140,87765955555,,,oncharge@mail.ru,,,,,,https://instagram.com/oncharge_kz,,,,https://wa.me/77765955555,,,,,,,,43.239266,76.960142,https://2gis.com/firm/70000001080286191,branch
OpenLinkSystems,компания дистрибьютор,Компьютеры,"Богенбай батыра улица, 180",1 этаж,050012,,Алмалинский район,Алматы,,Алматы,Казахстан,Пн: 08:30-17:30; Вт: 08:30-17:30; Ср: 08:30-17:30; Чт: 08:30-17:30; Пт: 08:30-17:30,+05:00,5.0,2,87021533211,,,,,,,,,,,,,https://wa.me/77021533211,,,,,,,,43.251589,76.924878,https://2gis.com/firm/70000001089340198,branch
Pan,магазин мобильных гаджетов,Компьютеры; Мобильные телефоны; Аксессуары к телефонам; Аудиотехника и видеотехника; Бытовая техника,"проспект Абылай хана, 62",33 сектор; 2 этаж,050004,,Алмалинский район,Алматы,,Алматы,Казахстан,Пн: 10:00-21:00; Вт: 10:00-21:00; Ср: 10:00-21:00; Чт: 10:00-21:00; Пт: 10:00-21:00; Сб: 10:00-21:00; Вс: 10:00-21:00,+05:00,5.0,6,87077913939,,,,,,,,,https://instagram.com/pan_opt.store,,,,https://wa.me/77077912929,,,,,,,,43.26205,76.941855,https://2gis.com/firm/70000001084534172,branch
PC Plus,сервисный центр,Компьютеры; Ремонт компьютеров; Комиссионные магазины,"улица Толе би, 266","13 бутик; 1, 2 этаж",050005,,Алмалинский район,Алматы,,Алматы,Казахстан,Пн: 10:00-18:00; Ср: 10:00-18:00; Чт: 10:00-18:00; Пт: 10:00-18:00; Сб: 10:00-18:00; Вс: 10:00-18:00,+05:00,3.0,3,87783835555,,,,,,,,,https://instagram.com/detailing_pc_kz,,,,https://wa.me/77783835555,,,,,,,,43.249802,76.877107,https://2gis.com/firm/70000001036007008,branch
Pixel Kazakhstan,сервисный центр,Компьютеры,"улица Панфилова, 103",3 этаж,050004,,Алмалинский район,Алматы,,Алматы,Казахстан,Пн: 10:00-18:00; Вт: 10:00-18:00; Ср: 10:00-18:00; Чт: 10:00-18:00; Пт: 10:00-18:00; Сб: 10:00-18:00,+05:00,3.6,7,87084989898,,,,,,,,,,,,,https://wa.me/77084989898,,,,,,,,43.261033,76.942936,https://2gis.com/firm/70000001093745858,branch
Pixel pro service,сервисная компания,Компьютеры; Ремонт компьютеров; Системное администрирование; Ремонт цифровой техники; Сборка и апгрейд ПК,"улица Котельникова, 50/2",2 этаж,050037,,Турксибский район,Алматы,,Алматы,Казахстан,Пн: 10:00-24:00; Вт: 10:00-24:00; Ср: 10:00-24:00; Чт: 10:00-24:00; Пт: 10:00-24:00; Сб: 10:00-24:00; Вс: 10:00-24:00 (по предварительному звонку),+05:00,5.0,88,87051179070,,,,,,,,,,,,,https://wa.me/77051179070,,,,https://t.me/+77051179070,,,,43.309282,76.935848,https://2gis.com/firm/70000001060018660,branch
Politech trade company,торговая компания,Компьютеры; Расходные материалы для оргтехники; Программное обеспечение; Монтаж охранно-пожарных систем; Оргтехника,"проспект Жибек Жолы, 50 блок В","32, 48 офис; 3 этаж",050002,,Медеуский район,Алматы,,Алматы,Казахстан,"Пн: 09:00-13:00, 14:00-18:00; Вт: 09:00-13:00, 14:00-18:00; Ср: 09:00-13:00, 14:00-18:00; Чт: 09:00-13:00, 14:00-18:00; Пт: 09:00-13:00, 14:00-18:00",+05:00,,,87775113153,87272737751,,,,,,,,,,,https://vk.com/politech_kz,https://wa.me/77775113153,,,,,,,,43.26193,76.954652,https://2gis.com/firm/9429940001543834,branch
Prime Limited,торговая компания,Компьютеры; Оргтехника; Системное администрирование; Программное обеспечение,"проспект Назарбаева, 103",701 офис; 7 этаж,050000,,Алмалинский район,Алматы,,Алматы,Казахстан,"Пн: 09:00-13:00, 14:00-18:00; Вт: 09:00-13:00, 14:00-18:00; Ср: 09:00-13:00, 14:00-18:00; Чт: 09:00-13:00, 14:00-18:00; Пт: 09:00-13:00, 14:00-18:00",+05:00,,,87273132720,,,,,,,,,,,,,,,,,,,,,43.257805,76.945751,https://2gis.com/firm/70000001106135482,branch
Prime pulser,шоурум,Компьютеры; Сборка и апгрейд ПК,"проспект Аль-Фараби, 128/8",,050044,,Бостандыкский район,Алматы,,Алматы,Казахстан,Пн: 11:00-20:00; Вт: 11:00-20:00; Ср: 11:00-20:00; Чт: 11:00-20:00; Пт: 11:00-20:00; Сб: 11:00-20:00; Вс: 11:00-20:00,+05:00,4.3,9,87004004425,,,,,,,,,https://instagram.com/prime.pulser,,,,https://wa.me/77004004425,,,,,,,,43.21364,76.934578,https://2gis.com/firm/70000001110610605,branch
Prime Tech Pro,,Компьютеры; Ремонт компьютеров; Сборка и апгрейд ПК,"улица Айманова, 196",1 этаж,050057,,Бостандыкский район,Алматы,,Алматы,Казахстан,Пн: 10:00-17:00; Вт: 10:00-17:00; Ср: 10:00-17:00; Чт: 10:00-17:00; Пт: 10:00-17:00,+05:00,4.9,11,87053335311,87071010338 (сервисный центр),,,,,,,,,,,,https://wa.me/77053335311,https://wa.me/77001010338,,,,,,,43.230628,76.897852,https://2gis.com/firm/70000001111096678,branch
PrimeComputers,оптово-розничная компания,Компьютеры; Оргтехника,"улица Рыскулбекова, 34",1 офис; 1 этаж,050043,,Бостандыкский район,Алматы,,Алматы,Казахстан,"Пн: 10:00-13:00, 14:00-18:00; Вт: 10:00-13:00, 14:00-18:00; Ср: 10:00-13:00, 14:00-18:00; Чт: 10:00-13:00, 14:00-18:00; Пт: 10:00-13:00, 14:00-18:00",+05:00,,,87004105641,,,,,,,,,,,,,https://wa.me/77004105641,,,,,,,,43.204553,76.870624,https://2gis.com/firm/70000001089692278,branch
Print Service,торгово-сервисная компания,Компьютеры; Ремонт компьютеров; Заправка картриджей; Ремонт оргтехники,"улица Заманбека Батталханова, 7",204 офис; 2 этаж,040700,,,,Илийский район,Алматинская область,Казахстан,Пн: 09:00-17:00; Вт: 09:00-17:00; Ср: 09:00-17:00; Чт: 09:00-17:00; Пт: 09:00-17:00,+05:00,4.9,13,87782644478,,,,,,,,,,,,,https://wa.me/77782644478,,,,,,,,43.415837,77.01556,https://2gis.com/firm/9429940001172765,branch
Print-comp,сервисный центр по ремонту и обслуживанию офисной техники,Компьютеры; Ремонт компьютеров; Ремонт оргтехники; Заправка картриджей; Сборка и апгрейд ПК,"проспект Райымбека, 251г",0/5 офис; цокольный этаж,050034,,Жетысуский район,Алматы,,Алматы,Казахстан,Пн: 12:00-20:00; Вт: 12:00-20:00; Ср: 12:00-20:00; Чт: 12:00-20:00; Пт: 12:00-20:00; Сб: 12:00-20:00; Вс: 12:00-20:00 (по предварительной записи),+05:00,4.4,31,87029098242,,,,,,,,,,,,,https://wa.me/77083306752,,,,https://t.me/+77083306752,,,,43.263177,76.896941,https://2gis.com/firm/70000001037374003,branch
PrintService,центр по ремонту принтеров и заправке картриджей,Компьютеры; Ремонт компьютеров; Заправка картриджей; Ремонт оргтехники; Системное администрирование,"Ташкентский тракт, 18/6",в Магазин автоаксессуаров,,,,Алматы,Карасайский район,Алматы,Казахстан,Пн: 10:00-21:00; Вт: 10:00-21:00; Ср: 10:00-21:00; Чт: 10:00-21:00; Пт: 10:00-21:00; Сб: 10:00-21:00; Вс: 10:00-21:00 (по предварительному звонку),+05:00,3.3,7,87780192058,,,,,,,,,,,,,https://wa.me/77780192058,,,,,,,,43.227441,76.743543,https://2gis.com/firm/70000001096800521,branch
Pro Comp,сервисный центр,Компьютеры; Ремонт компьютеров; Ремонт оргтехники; Сборка и апгрейд ПК; Системное администрирование,"улица Харьковская, 85",,050028,Нижняя пятилетка м-н,Турксибский район,Алматы,,Алматы,Казахстан,Пн: 10:00-22:00; Вт: 10:00-22:00; Ср: 10:00-22:00; Чт: 10:00-22:00; Пт: 10:00-22:00; Сб: 10:00-22:00; Вс: 10:00-22:00,+05:00,5.0,70,87073982005,,,,,,,,,https://instagram.com/koryakin_vyacheslav,,,,https://wa.me/77073982005,,,viber://chat/?number=77073982005,https://t.me/procomp1001,,https://youtube.com/@procomp8081,,43.354633,76.955706,https://2gis.com/firm/70000001094669949,branch
Profix Service,сервисный центр,Компьютеры; Ремонт компьютеров; Системное администрирование; Сборка и апгрейд ПК; Комиссионные магазины,"улица Спортивная, 10",2 этаж,050052,Мамыр м-н,Ауэзовский район,Алматы,,Алматы,Казахстан,Пн: 12:00-20:00; Вт: 12:00-20:00; Ср: 12:00-20:00; Чт: 12:00-20:00; Пт: 12:00-20:00; Сб: 12:00-20:00; Вс: 12:00-20:00,+05:00,5.0,60,87771877799,,,,,,,,,,,,,,,,,,,,,43.201703,76.843505,https://2gis.com/firm/70000001094393691,branch
Programmist Almaty,сервисный центр,Компьютеры; Ремонт компьютеров; Программное обеспечение; Сборка и апгрейд ПК; Бухгалтерские программы,"улица Муратбаева, 200",4 этаж,050022,,Алмалинский район,Алматы,,Алматы,Казахстан,"Пн: 09:00-13:00, 14:00-18:00; Вт: 09:00-13:00, 14:00-18:00; Ср: 09:00-13:00, 14:00-18:00; Чт: 09:00-13:00, 14:00-18:00; Пт: 09:00-13:00, 14:00-18:00",+05:00,5.0,16,87014987902,,,,,,,,,https://instagram.com/programmist_almaty,,,,https://wa.me/77014987902,,,,,,,,43.243862,76.920417,https://2gis.com/firm/70000001066767616,branch
Q-Hi mobile service,сервисный центр,Компьютеры; Ремонт компьютеров; Ремонт телефонов; Системное администрирование; Аксессуары к телефонам,"микрорайон Самал-1, 22",1 этаж; в MasterStore,050051,Самал-1 м-н,Медеуский район,Алматы,,Алматы,Казахстан,Пн: 09:00-20:00; Вт: 09:00-20:00; Ср: 09:00-20:00; Чт: 09:00-20:00; Пт: 09:00-20:00; Сб: 09:00-20:00; Вс: 09:00-20:00,+05:00,4.9,17,87014876066,,,,,,,,,,,,,https://wa.me/77014876066,,,,https://t.me/qhi212,,,,43.235416,76.953539,https://2gis.com/firm/70000001099738408,branch
Qazaq investment Company,компания,Компьютеры,"проспект Райымбека, 519/3","1, 2 этаж",050024,,Алатауский район,Алматы,,Алматы,Казахстан,"Пн: 09:00-13:00, 14:00-18:00; Вт: 09:00-13:00, 14:00-18:00; Ср: 09:00-13:00, 14:00-18:00; Чт: 09:00-13:00, 14:00-18:00; Пт: 09:00-13:00, 14:00-18:00",+05:00,1.8,5,87477009049,87711167047,,,,,,,,,,,,https://wa.me/77477009049,https://wa.me/77711167047,,,,,,,43.238804,76.80959,https://2gis.com/firm/70000001080701502,branch
Qereq store,магазин электронных товаров,Компьютеры; Аксессуары к телефонам; Мобильные телефоны,"проспект Абылай хана, 62",18 сектор; 2 этаж,050004,,Алмалинский район,Алматы,,Алматы,Казахстан,Пн: 10:00-21:00; Вт: 10:00-21:00; Ср: 10:00-21:00; Чт: 10:00-21:00; Пт: 10:00-21:00; Сб: 10:00-21:00; Вс: 10:00-21:00,+05:00,4.3,13,87754370878,,,,,,,,,https://instagram.com/qereqstore.qz,,,,https://wa.me/77754370878,https://wa.me/77752741777,,,,,,,43.26205,76.941855,https://2gis.com/firm/70000001084528460,branch
Real Com Service,торгово-сервисная компания,Компьютеры; Оргтехника; Ремонт оргтехники; Ремонт компьютеров; Заправка картриджей,"улица Кунаева, 38",302 офис; 3 этаж,050004,,Медеуский район,Алматы,,Алматы,Казахстан,"Пн: 10:00-13:00, 14:00-19:00; Вт: 10:00-13:00, 14:00-19:00; Ср: 10:00-13:00, 14:00-19:00; Чт: 10:00-13:00, 14:00-19:00; Пт: 10:00-13:00, 14:00-19:00",+05:00,4.2,6,87018211118,87076790493,87086370255,,,,,,,,,,,https://wa.me/77018211118,https://wa.me/77076790493,https://wa.me/77086370255,,,,,,43.265051,76.948659,https://2gis.com/firm/9429940001014517,branch
Reball service,сервис-центр по ремонту ноутбуков и компьютеров,Компьютеры; Ремонт компьютеров; Сборка и апгрейд ПК; Монтаж компьютерных сетей; Системное администрирование,"улица Масанчи, 23/12",цокольный этаж,050000,,Алмалинский район,Алматы,,Алматы,Казахстан,Пн: 10:00-20:00; Вт: 10:00-20:00; Ср: 10:00-20:00; Чт: 10:00-20:00; Пт: 10:00-20:00; Сб: 10:00-20:00; Вс: 10:00-20:00 (по предварительной записи),+05:00,4.9,129,87023101492 (единый номер: пн-вс 9:00-20:00),,,,,,,,,,,,,https://wa.me/77023101492,,,,,,,,43.259024,76.927405,https://2gis.com/firm/70000001043616903,branch
Red Fox,интернет-магазин,Компьютеры,"12-й микрорайон, 26",1 этаж,050036,12-й м-н,Ауэзовский район,Алматы,,Алматы,Казахстан,Пн: 10:00-18:00; Вт: 10:00-18:00; Ср: 10:00-18:00; Чт: 10:00-18:00; Пт: 10:00-18:00; Сб: 10:00-14:00,+05:00,5.0,26,87086418322,,,,,,,,,https://instagram.com/redfoxkz,,,,https://wa.me/77086418322,,,,https://t.me/redfox_helper,,,,43.221429,76.865805,https://2gis.com/firm/70000001074192449,branch
Red Geek,,Компьютеры; Комиссионные магазины; Мобильные телефоны; Аксессуары к телефонам,"Ораза Жандосова улица, 82",,050060,,Бостандыкский район,Алматы,,Алматы,Казахстан,Пн: 11:00-19:00; Вт: 11:00-19:00; Ср: 11:00-19:00; Чт: 11:00-19:00; Пт: 11:00-19:00; Сб: 11:00-19:00,+05:00,4.8,171,87087063040,,,,,,,,,https://instagram.com/redgeek.kz,,,,https://wa.me/77087063040,,,viber://chat/?number=77087063040,https://t.me/+77087063040,,,,43.226465,76.889903,https://2gis.com/firm/70000001042698240,branch
Rem comp service,сервисный центр по ремонту компьютерной техники,Компьютеры; Ремонт компьютеров; Заправка картриджей; Копировальные услуги; Расходные материалы для оргтехники,"улица Асета Бейсеуова, 22",,40616,,,,Жамбылский район,Алматинская область,Казахстан,Пн: 09:30-18:00; Вт: 09:30-18:00; Ср: 09:30-18:00; Чт: 09:30-18:00; Пт: 09:30-18:00; Сб: 10:00-17:00; Вс: 10:00-17:00,+05:00,5.0,6,87074049374,,,,,,,,,https://instagram.com/rem_comp_service_kargaly,,,,https://wa.me/77074049374,,,,,,,,43.159003,76.413335,https://2gis.com/firm/70000001083768606,branch
Restart techno-service,сервисный центр,Компьютеры; Ремонт компьютеров; Комиссионные магазины; Сборка и апгрейд ПК,"улица Тыныбаева, 42а",,050006,Калкаман-2 м-н,Наурызбайский район,Алматы,,Алматы,Казахстан,Пн: 11:00-19:00; Вт: 11:00-19:00; Ср: 11:00-19:00; Чт: 11:00-19:00; Пт: 11:00-19:00; Сб: 11:00-19:00,+05:00,5.0,4,87471488393 (сервис компьютеров и ноутбуков),87024493444 (сервис мобильных устройств),,,,,,,,,,,,https://wa.me/77471488393,,,,,,,,43.223371,76.810801,https://2gis.com/firm/70000001079119152,branch
RST Reset Service,сервисный центр,Компьютеры; Ремонт компьютеров; Сборка и апгрейд ПК,"проспект Абая, 21",3902 офис; цокольный этаж,050010,,Медеуский район,Алматы,,Алматы,Казахстан,Пн: 10:00-19:00; Вт: 10:00-19:00; Ср: 10:00-19:00; Чт: 10:00-19:00; Пт: 10:00-19:00; Сб: 10:00-19:00,+05:00,4.8,59,87078780602,,,,,,,,,,,,,https://wa.me/77078780602,,,,,,,,43.243389,76.953109,https://2gis.com/firm/70000001061069211,branch
Rx,компьютерный магазин,Компьютеры,"микрорайон Мамыр-4, 3",1 этаж,050036,Мамыр-4 м-н,Ауэзовский район,Алматы,,Алматы,Казахстан,Пн: 10:00-20:00; Вт: 10:00-20:00; Ср: 10:00-20:00; Чт: 10:00-20:00; Пт: 10:00-20:00; Сб: 10:00-20:00; Вс: 10:00-20:00,+05:00,5.0,60,87070362035,,,,,,,,,https://instagram.com/rx.computer,,,,https://wa.me/77070362035,,,,,,,,43.21556,76.841421,https://2gis.com/firm/70000001062355540,branch
Sapa it Service,сервисный центр по ремонту ноутбуков,Компьютеры; Ремонт компьютеров; Сборка и апгрейд ПК; Программное обеспечение; Системное администрирование,"11-й микрорайон, 27",25 офис; цокольный этаж,050035,11 м-н,Ауэзовский район,Алматы,,Алматы,Казахстан,Пн: 10:00-19:00; Вт: 10:00-19:00; Ср: 10:00-19:00; Чт: 10:00-19:00; Пт: 10:00-19:00; Сб: 11:00-18:00,+05:00,5.0,130,87074398634,,,,,,,,,https://instagram.com/sapa_it_service,,,,https://wa.me/77074398634,,,,,,,,43.219439,76.873425,https://2gis.com/firm/70000001076179817,branch
Saphone,магазин по продаже сотовых аксессуаров и ремонту телефонов,Компьютеры; Аксессуары к телефонам; Ремонт телефонов; Мобильные телефоны; Элементы питания,"улица Щепкина, 35Б",1 этаж; слева от центрального входа,050043,,Бостандыкский район,Алматы,,Алматы,Казахстан,Пн: 10:00-21:30; Вт: 10:00-21:30; Ср: 10:00-21:30; Чт: 10:00-21:30; Пт: 10:00-21:30; Сб: 10:00-21:30; Вс: 10:00-21:30,+05:00,4.8,56,87079780008,,,,,,,,,https://instagram.com/saphone_kz,,,,,,,,,,,,43.204833,76.877814,https://2gis.com/firm/70000001067245611,branch
Shop3D,магазин,Компьютеры; 3D-печать; Оборудование для 3D печати; Сетевое оборудование; Бытовая техника,"улица Утеген батыра, 11а",304 офис; 3 этаж,050031,,Ауэзовский район,Алматы,,Алматы,Казахстан,Пн: 11:00-18:00; Вт: 11:00-18:00; Ср: 11:00-18:00; Чт: 11:00-18:00; Пт: 11:00-18:00; Сб: 11:00-16:00,+05:00,3.7,12,87773579030,,,,,,,,,https://instagram.com/tsunami_electronics,,,,https://wa.me/77773579030,,,,,,,,43.244085,76.85541,https://2gis.com/firm/70000001062726486,branch
Shopster,интернет-магазин сетевого оборудования,Компьютеры; Оргтехника; Охранные системы; Сетевое оборудование,"проспект Турара Рыскулова, 101/2",103 офис; 1 этаж,050058,,Жетысуский район,Алматы,,Алматы,Казахстан,Пн: 09:00-18:00; Вт: 09:00-18:00; Ср: 09:00-18:00; Чт: 09:00-18:00; Пт: 09:00-18:00,+05:00,4.7,5,87775829928,87770888222,,,,,,,,https://instagram.com/shopster.kz,,,,https://wa.me/77775829928,,,,,,,,43.274159,76.888615,https://2gis.com/firm/70000001045819471,branch
Silky Way,магазин по продаже компьютеров,Компьютеры,"улица Коперника, 124а/2",,050007,,Медеуский район,Алматы,,Алматы,Казахстан,Пн: 10:00-18:00; Вт: 10:00-18:00; Ср: 10:00-18:00; Чт: 10:00-18:00; Пт: 10:00-18:00,+05:00,5.0,3,87273390253,,,,,,,,,,,,,,,,,,,,,43.269347,76.967833,https://2gis.com/firm/70000001092873392,branch
Siriusmobile. kz,островок по продаже мобильных телефонов,Компьютеры; Мобильные телефоны; Аксессуары к телефонам; Помощь в подключении услуг связи,"улица Тимирязева, 42 к3",1 этаж; витрина 47,050057,,Бостандыкский район,Алматы,,Алматы,Казахстан,Пн: 10:00-20:00; Вт: 10:00-20:00; Ср: 10:00-20:00; Чт: 10:00-20:00; Пт: 10:00-20:00; Сб: 10:00-20:00; Вс: 10:00-20:00 (по предварительному звонку),+05:00,,,87774662002,,,,,,,,,,,,,https://wa.me/77772625666,https://wa.me/77774662002,,,,,,,43.224796,76.908327,https://2gis.com/firm/70000001048926405,branch
Smart Tech Service,мастерская по ремонту компьютеров и ноутбуков,Компьютеры; Ремонт компьютеров; Программное обеспечение; Комиссионные магазины; Элементы питания,"улица Макатаева, 45",115 бутик; 1 этаж; возле эскалатора,050002,,Медеуский район,Алматы,,Алматы,Казахстан,Пн: 10:00-19:00; Вт: 10:00-19:00; Ср: 10:00-19:00; Чт: 10:00-19:00; Пт: 10:00-19:00; Сб: 10:00-19:00; Вс: 10:00-19:00,+05:00,3.2,6,87714575347,87023265977,,,,,,,,,,,,https://wa.me/77714575347,https://wa.me/77023265977,,,,,,,43.264973,76.955657,https://2gis.com/firm/70000001037551071,branch
SmartCom,сервисный центр,Компьютеры; Ремонт компьютеров,"улица Толе би, 266",21 бутик; 2 этаж,050005,,Алмалинский район,Алматы,,Алматы,Казахстан,Пн: 10:30-18:00; Ср: 10:30-18:00; Чт: 10:30-18:00; Пт: 10:30-18:00; Сб: 10:30-18:00; Вс: 10:30-18:00,+05:00,5.0,1,87012216623,,,,,,,,,,,,,https://wa.me/77012216623,,,,,,,,43.249802,76.877107,https://2gis.com/firm/70000001089632065,branch
Smartnote,сервисный центр,Компьютеры; Ремонт компьютеров; Программное обеспечение,"14-я линия, 6",,,Коянкус с.,,Алатау,Алатау городская администрация,Алматинская область,Казахстан,Пн: 10:00-20:00; Вт: 10:00-20:00; Ср: 10:00-20:00; Чт: 10:00-20:00; Пт: 10:00-20:00; Сб: 10:00-20:00; Вс: 10:00-20:00,+05:00,4.9,2,87012292229,87779221943,,,,,,,,,,,,https://wa.me/77012292229,,,,,,,,43.412564,76.941624,https://2gis.com/firm/70000001089078482,branch
Soft Kaz Group,оптовый склад компьютерной техники,Компьютеры; Оргтехника; Программное обеспечение; Мебель для учебных учреждений; Проекционное оборудование,"Коммунальная улица, 4",200 офис; 2 этаж,050050,,Жетысуский район,Алматы,,Алматы,Казахстан,"Пн: 09:00-13:00, 14:00-18:00; Вт: 09:00-13:00, 14:00-18:00; Ср: 09:00-13:00, 14:00-18:00; Чт: 09:00-13:00, 14:00-18:00; Пт: 09:00-13:00, 14:00-18:00 (по предварительному звонку)",+05:00,5.0,2,87780010905,,,,,,,,,https://instagram.com/softkazgroup,,,,https://wa.me/77780010905,,,,https://t.me/+77780010905,,,,43.271133,76.932005,https://2gis.com/firm/70000001077207062,branch
Systemnik Service,сервисный центр,Компьютеры; Ремонт компьютеров; Копировальные услуги; Сборка и апгрейд ПК; Электронные подписи,"улица Менделеева, 17Б/1",2 этаж; вторая дверь,041602,,,Талгар,Талгарский район,Алматинская область,Казахстан,Пн: 09:00-19:00; Вт: 09:00-19:00; Ср: 09:00-19:00; Чт: 09:00-19:00; Пт: 09:00-19:00; Сб: 09:00-19:00; Вс: 09:00-19:00 (по предварительному звонку),+05:00,4.7,16,87477778513 (для жалоб и предложений),,,,,,,,,https://instagram.com/systemnik_service_talgar,,,,https://wa.me/77477778513,,,,https://t.me/+77477778513,,,,43.335369,77.247803,https://2gis.com/firm/70000001067833497,branch
Talgar System Llp,компания,Компьютеры; Сетевое оборудование; Программное обеспечение; Системное администрирование; Оргтехника,"проспект Назарбаева, 103",706 офис; 7 этаж,050000,,Алмалинский район,Алматы,,Алматы,Казахстан,"Пн: 09:00-13:00, 14:00-18:00; Вт: 09:00-13:00, 14:00-18:00; Ср: 09:00-13:00, 14:00-18:00; Чт: 09:00-13:00, 14:00-18:00; Пт: 09:00-13:00, 14:00-18:00",+05:00,,,87059904736,,,,,,,,,,,,,https://wa.me/77059904736,,,,,,,,43.257805,76.945751,https://2gis.com/firm/70000001109581975,branch
Taures,сервисный центр,Компьютеры; Сборка и апгрейд ПК; Ремонт компьютеров; Монтаж охранно-пожарных систем,"улица Бакинская, 4",,,,,Талгар,Талгарский район,Алматинская область,Казахстан,Пн: 09:00-17:00; Вт: 09:00-17:00; Ср: 09:00-17:00; Чт: 09:00-17:00; Пт: 09:00-17:00; Сб: 09:00-17:00; Вс: 09:00-17:00,+05:00,,,87772939999,,,,,,,,,,,,,https://wa.me/77772939999,,,,,,,,43.33686,77.259904,https://2gis.com/firm/70000001066156924,branch
Teb Gaming,сервисный центр по ремонту компьютеров,Компьютеры; Ремонт компьютеров,"улица Макатаева, 117 лит Д",208 офис; 3 этаж,050000,,Алмалинский район,Алматы,,Алматы,Казахстан,Пн: 13:00-23:00; Вт: 13:00-23:00; Ср: 13:00-23:00; Чт: 13:00-23:00; Пт: 13:00-23:00; Сб: 13:00-23:00; Вс: 13:00-23:00,+05:00,5.0,1,87053706367,87071110321,,,,,,,,https://instagram.com/tebgaming.kz,,,,https://wa.me/77071110321,https://wa.me/77053706367,,,,,,,43.264684,76.927479,https://2gis.com/firm/70000001099971889,branch
Teb Gaming,сервисный центр по ремонту компьютеров,Компьютеры; Ремонт компьютеров,"проспект Абая, 52в",725 офис; 7 этаж,050008,,Бостандыкский район,Алматы,,Алматы,Казахстан,Пн: 13:00-23:00; Вт: 13:00-23:00; Ср: 13:00-23:00; Чт: 13:00-23:00; Пт: 13:00-23:00; Сб: 13:00-23:00; Вс: 13:00-23:00,+05:00,4.7,45,87053706367,87071110321,,,,,,,,https://instagram.com/tebgaming.kz,,,,https://wa.me/77071110321,https://wa.me/77053706367,,,https://t.me/httpsadil,,,,43.238497,76.914105,https://2gis.com/firm/70000001099971861,branch
TecHHub,онлайн-магазин по продаже компьютеров,Компьютеры,,,,,,Алматы,,Алматы,Казахстан,Пн: 10:00-20:00; Вт: 10:00-20:00; Ср: 10:00-20:00; Чт: 10:00-20:00; Пт: 10:00-20:00; Сб: 10:00-20:00; Вс: 10:00-20:00,+05:00,5.0,1,87051946524,87779542516,,,,,,,,https://instagram.com/techhub_pvl,,,,https://wa.me/77051946524,https://wa.me/77779542516,,,,,,,,,https://2gis.com/firm/70000001103901577,branch
Technic Service,сервисный центр,Компьютеры; Ремонт компьютеров,"проспект Жибек Жолы, 55",1 этаж; в конце зала справа от лестницы,050002,,Медеуский район,Алматы,,Алматы,Казахстан,Пн: 10:00-19:00; Вт: 10:00-19:00; Ср: 10:00-19:00; Чт: 10:00-19:00; Пт: 10:00-19:00; Сб: 10:00-19:00; Вс: 10:00-19:00,+05:00,5.0,3,87077682397,87064071974,,,,,,,,https://instagram.com/technic.service,,,,https://wa.me/77077682397,https://wa.me/77064071974,,,,,,,43.26287,76.953753,https://2gis.com/firm/70000001060039529,branch
Techno Kings,комиссионный магазин,Компьютеры; Комиссионные магазины; Мобильные телефоны; Аудиотехника и видеотехника,"улица Пушкина, 41",,050016,,Медеуский район,Алматы,,Алматы,Казахстан,Пн: 10:00-22:00; Вт: 10:00-22:00; Ср: 10:00-22:00; Чт: 10:00-22:00; Пт: 10:00-22:00; Сб: 10:00-24:00; Вс: 10:00-24:00,+05:00,4.8,32,87087214819,,,,,,,,,https://instagram.com/technokings1,,,,https://wa.me/77087214819,,,,,,,,43.263822,76.952306,https://2gis.com/firm/70000001105466810,branch
Temirtas1986,магазин по продаже электроники,Компьютеры; Мобильные телефоны,"проспект Абылай хана, 62",105 кабинет; 4 этаж,050004,,Алмалинский район,Алматы,,Алматы,Казахстан,Пн: 10:00-19:00; Вт: 10:00-19:00; Ср: 10:00-19:00; Чт: 10:00-19:00; Сб: 10:00-19:00; Вс: 10:00-19:00,+05:00,5.0,8,87054707786,,,,,,,,,https://instagram.com/temirtas1986,,,,https://wa.me/77054707786,,,,,,,,43.26205,76.941855,https://2gis.com/firm/70000001094675515,branch
TNP trade,компания,Компьютеры,"улица Айтеке би, 193",,050026,,Алмалинский район,Алматы,,Алматы,Казахстан,Пн: 10:00-21:00; Вт: 10:00-21:00; Ср: 10:00-21:00; Чт: 10:00-21:00; Пт: 10:00-21:00; Сб: 10:00-21:00; Вс: 10:00-21:00,+05:00,4.6,9,87077772822,,,,,,,,,https://instagram.com/tnp_trade_almaty,,,,https://wa.me/77077772822,,,,,,,,43.255804,76.906677,https://2gis.com/firm/70000001066032750,branch
todservis.kz,бутик по ремонту телефонов,Компьютеры; Ремонт телефонов; Ремонт компьютеров; Мобильные телефоны,"проспект Абылай хана, 62",2 сектор; 2 этаж,050004,,Алмалинский район,Алматы,,Алматы,Казахстан,Пн: 11:00-20:00; Вт: 11:00-20:00; Ср: 11:00-20:00; Чт: 11:00-20:00; Пт: 11:00-20:00; Сб: 11:00-20:00; Вс: 11:00-20:00,+05:00,,,87075777516,,,,,,,,,https://instagram.com/todservis.kz,,,,,,,,,,,,43.26205,76.941855,https://2gis.com/firm/70000001114288760,branch
Trade City,компания по продаже серверного оборудования,Компьютеры; Сетевое оборудование; Программное обеспечение; Системное администрирование,"улица Толе би, 286/2",206 офис; 2 этаж,050005,,Алмалинский район,Алматы,,Алматы,Казахстан,"Пн: 09:00-13:00, 14:00-18:00; Вт: 09:00-13:00, 14:00-18:00; Ср: 09:00-13:00, 14:00-18:00; Чт: 09:00-13:00, 14:00-18:00; Пт: 09:00-13:00, 14:00-18:00",+05:00,5.0,1,87007606052,,,,,,,,,,,,,,,,,https://t.me/Trade_City,,,,43.248043,76.869342,https://2gis.com/firm/9429940000790707,branch
Tristan КМ,,"Компьютеры; Комиссионные магазины; Мобильные телефоны; Покупка драгметаллов, ювелирных изделий","улица Кунаева, 98",36 бутик; цокольный этаж,041604,,,Талгар,Талгарский район,Алматинская область,Казахстан,Пн: 09:00-19:00; Вт: 09:00-19:00; Ср: 09:00-19:00; Чт: 09:00-19:00; Пт: 09:00-19:00; Сб: 09:00-19:00; Вс: 09:00-19:00,+05:00,3.2,2,87076668645,,,,,,,,,,,,,https://wa.me/77076668645,,,,,,,,43.303111,77.233224,https://2gis.com/firm/70000001045478129,branch
TechnoPoint,сервисный центр,Компьютеры; Программное обеспечение; Мобильные телефоны; Аксессуары к телефонам; Разработка и продвижение сайтов; Ремонт компьютеров; Ремонт телефонов; Ремонт цифровой техники; Аудиотехника и видеотехника; Заправка картриджей; Запчасти к телефонам; Радиоуправляемые модели; Сборка и апгрейд ПК; Системное администрирование; Элементы питания,"9-й микрорайон, 19",,050036,9-й м-н,Ауэзовский район,Алматы,,Алматы,Казахстан,Пн: 10:00-20:00; Вт: 10:00-20:00; Ср: 10:00-20:00; Чт: 10:00-20:00; Пт: 10:00-20:00; Сб: 10:00-20:00; Вс: 10:00-20:00,+05:00,5.0,54,87065159002,,,,,,,,,,,,,https://wa.me/77065159002,,,,,,,,43.212736,76.858727,https://2gis.com/firm/70000001115207437,branch
Varma Tech,торговая компания,Компьютеры,"улица Монгольская, 44",302 офис; 3 этаж,050026,,Алмалинский район,Алматы,,Алматы,Казахстан,Пн: 09:00-18:00; Вт: 09:00-18:00; Ср: 09:00-18:00; Чт: 09:00-18:00; Пт: 09:00-18:00,+05:00,,,87057687933,,,,,,,,,,,,,https://wa.me/77057687933,,,,,,,,43.263139,76.91441,https://2gis.com/firm/70000001115777812,branch
Velar,бутик сотовых телефонов и аксессуаров,Компьютеры; Мобильные телефоны; Аксессуары к телефонам; Помощь в подключении услуг связи; Ремонт телефонов,"проспект Абылай хана, 62","10, 11 место; 28 сектор; 2 этаж",050004,,Алмалинский район,Алматы,,Алматы,Казахстан,Пн: 10:00-21:00; Вт: 10:00-21:00; Ср: 10:00-21:00; Чт: 10:00-21:00; Пт: 10:00-21:00; Сб: 10:00-21:00; Вс: 10:00-21:00,+05:00,4.4,4,87086044399,87001923252,,,,,,,,https://instagram.com/velar.kzt,,,,https://wa.me/77086044399,,,,,,,,43.26205,76.941855,https://2gis.com/firm/70000001066992025,branch
Veltrix,магазин компьютерной техники,Компьютеры,"микрорайон Аксай-1, 11/10",цокольный этаж,050031,Аксай-1 м-н,Ауэзовский район,Алматы,,Алматы,Казахстан,"Пн: 08:00-12:00, 13:00-17:00; Вт: 08:00-12:00, 13:00-17:00; Ср: 08:00-12:00, 13:00-17:00; Чт: 08:00-12:00, 13:00-17:00; Пт: 08:00-12:00, 13:00-17:00",+05:00,5.0,1,87005558088,,,,,,,,,,,,,https://wa.me/77005558088,,,,https://t.me/+77005558088,,,,43.24199,76.831146,https://2gis.com/firm/70000001113591628,branch
Vertex trade,интернет-магазин,"Компьютеры; Бытовая техника; Радиоуправляемые модели; Звуковое, световое и видеооборудование","улица Мусоргского, 2/4",12 кабинет; 1 этаж,050016,,Жетысуский район,Алматы,,Алматы,Казахстан,Пн: 10:00-20:00; Вт: 10:00-20:00; Ср: 10:00-20:00; Чт: 10:00-20:00; Пт: 10:00-20:00; Сб: 10:00-20:00; Вс: 10:00-20:00,+05:00,5.0,4,87783315830,,,,,,,,,https://instagram.com/vertex_trade_kz,,,,https://wa.me/77783315830,,,,,,,,43.284745,76.94945,https://2gis.com/firm/70000001065981487,branch
Visystem Service,выездная компания по ремонту компьютеров и ноутбуков,Компьютеры; Ремонт компьютеров; Системное администрирование; Ремонт оргтехники; Монтаж охранно-пожарных систем,"микрорайон Казахфильм, 27",1 этаж,050023,Казахфильм м-н,Бостандыкский район,Алматы,,Алматы,Казахстан,Пн: 09:00-18:00; Вт: 09:00-18:00; Ср: 09:00-18:00; Чт: 09:00-18:00; Пт: 09:00-18:00; Сб: 09:00-18:00; Вс: 09:00-18:00 (по предварительному звонку),+05:00,5.0,15,87089564009,,,,,,,,,,,,,https://wa.me/77089564009,,,,,,,,43.196306,76.907365,https://2gis.com/firm/70000001098871776,branch
vstrade,торговая компания,Компьютеры; Оргтехника; Расходные материалы для оргтехники,"Аральская улица, 8",1 этаж,050056,,Турксибский район,Алматы,,Алматы,Казахстан,"Пн: 09:00-12:30, 13:30-18:00; Вт: 09:00-12:30, 13:30-18:00; Ср: 09:00-12:30, 13:30-18:00; Чт: 09:00-12:30, 13:30-18:00; Пт: 09:00-12:30, 13:30-18:00",+05:00,4.7,43,87272785478,87272275822,,,,,,,,,,,,,,,,,,,,43.304816,76.95471,https://2gis.com/firm/70000001031935313,branch
WellMart,торгово-сервисная компания,Компьютеры; Фотоцентры; Копировальные услуги; Фото на документы; Оперативная полиграфия; Полиграфия; Дизайн рекламы; Широкоформатная печать; Ремонт компьютеров; Фототовары; Термотрансфер; Флексопечать; Рекламные агентства полного цикла; Заправка картриджей; Сборка и апгрейд ПК; Печать на сувенирах; Офсетная печать; Плоттерная резка; Послепечатная обработка; Предпечатная подготовка; Прямая цифровая печать; Помощь в подключении услуг связи; Канцтовары,"микрорайон Аксай-3, 5/1",4 бутик; 1 этаж,050031,Аксай-3 м-н,Ауэзовский район,Алматы,,Алматы,Казахстан,Пн: 10:00-19:00; Вт: 10:00-19:00; Ср: 10:00-19:00; Чт: 10:00-19:00; Пт: 10:00-19:00; Сб: 11:00-18:00; Вс: 11:00-18:00,+05:00,4.9,102,87717287022,87273270430,,,,,,,,https://instagram.com/by.klavdia,,,,https://wa.me/77717287022,,,,,,,,43.238563,76.829435,https://2gis.com/firm/70000001081830517,branch
WellMart,торгово-сервисная компания,Компьютеры; Заправка картриджей; Фотоцентры; Полиграфия; Аксессуары к телефонам; Дизайн рекламы; Изготовление рекламных конструкций; Копировальные услуги; Печать на сувенирах; Оперативная полиграфия; Послепечатная обработка; Плоттерная резка; Предпечатная подготовка; Расходные материалы для оргтехники; Рекламные агентства полного цикла; Ремонт цифровой техники; Ремонт компьютеров; УФ-печать; Фототовары; Фото на документы; Широкоформатная печать; Запчасти к телефонам; Мобильные телефоны; Материалы для наружной рекламы; Сборка и апгрейд ПК; Монтаж компьютерных сетей; Размещение наружной рекламы; Реклама в интернете; Ремонт и установка бытовой техники; Световая реклама; Indoor-реклама; Оргтехника,"проспект Райымбека, 514а",цокольный этаж,050031,Аксай-1 м-н,Ауэзовский район,Алматы,,Алматы,Казахстан,Пн: 09:00-20:00; Вт: 09:00-20:00; Ср: 09:00-20:00; Чт: 09:00-20:00; Пт: 09:00-20:00; Сб: 09:00-20:00; Вс: 09:00-20:00,+05:00,5.0,13,87071012071,,,,,,,,,https://instagram.com/by.klavdia,,,,https://wa.me/77071012071,,,,,,,,43.244424,76.83568,https://2gis.com/firm/70000001065079657,branch
XFinity Store,торговая компания,Компьютеры; Бытовая техника; Мобильные телефоны; Аудиотехника и видеотехника,"улица Иркутская, 25",1 этаж,050050,,Жетысуский район,Алматы,,Алматы,Казахстан,"Пн: 08:00-13:00, 14:00-17:00; Вт: 08:00-13:00, 14:00-17:00; Ср: 08:00-13:00, 14:00-17:00; Чт: 08:00-13:00, 14:00-17:00; Пт: 08:00-13:00, 14:00-17:00",+05:00,4.4,21,87717226529,,,,,,,,,,,,,https://wa.me/77717226529,,,,,,,,43.281479,76.932774,https://2gis.com/firm/70000001055434783,branch
Zent,салон,Компьютеры; Ремонт компьютеров; Аудиотехника и видеотехника; Программное обеспечение,"проспект Суюнбая, 2 к3",1 этаж; возле входа,050016,,Жетысуский район,Алматы,,Алматы,Казахстан,Пн: 10:00-20:00; Вт: 10:00-20:00; Ср: 10:00-20:00; Чт: 10:00-20:00; Пт: 10:00-20:00; Сб: 10:00-20:00; Вс: 10:00-20:00,+05:00,4.0,26,87477387664,87783513354,,,,,,,,,,,,https://wa.me/77477387664,,,,https://t.me/+77477387664,,,,43.271225,76.948379,https://2gis.com/firm/9429940001569169,branch
Авиор Трэйд KZ,салон компьютерной техники,Компьютеры; Оргтехника; Расходные материалы для оргтехники; Ремонт компьютеров; Программное обеспечение,"улица Шолохова, 3",1 этаж,050011,,Турксибский район,Алматы,,Алматы,Казахстан,Пн: 10:00-19:00; Вт: 10:00-19:00; Ср: 10:00-19:00; Чт: 10:00-19:00; Пт: 10:00-19:00,+05:00,4.7,10,87012354833,,,,,,,,,,,,,https://wa.me/77012354833,,,,,,,,43.333182,76.956931,https://2gis.com/firm/9429940000788427,branch
Бота,бутик сотовых телефонов и аксессуаров,Компьютеры; Мобильные телефоны; Аксессуары к телефонам; Помощь в подключении услуг связи,"проспект Абылай хана, 62",9 место; Е сектор; 1 этаж,050004,,Алмалинский район,Алматы,,Алматы,Казахстан,Пн: 10:00-21:00; Вт: 10:00-21:00; Ср: 10:00-21:00; Чт: 10:00-21:00; Пт: 10:00-21:00; Сб: 10:00-21:00; Вс: 10:00-21:00,+05:00,,,87023334792,,,,,,,,,,,,,https://wa.me/77023334792,,,,,,,,43.26205,76.941855,https://2gis.com/firm/70000001066991960,branch
Бутик по продаже мобильных телефонов и аксессуаров,,Компьютеры; Мобильные телефоны; Аксессуары к телефонам; Помощь в подключении услуг связи,"проспект Абылай хана, 62",12 сектор; 2 этаж; витрина 24-26,050004,,Алмалинский район,Алматы,,Алматы,Казахстан,Пн: 10:00-21:00; Вт: 10:00-21:00; Ср: 10:00-21:00; Чт: 10:00-21:00; Пт: 10:00-21:00; Сб: 10:00-21:00; Вс: 10:00-21:00,+05:00,,,87056266662,87019977877,,,,,,,,https://instagram.com/iphonamanya_2018,,,,https://wa.me/77056266662,https://wa.me/77019977877,,,,,,,43.26205,76.941855,https://2gis.com/firm/70000001056830632,branch
Бутик по продаже электроники,,Компьютеры; Мобильные телефоны; Аксессуары к телефонам; Помощь в подключении услуг связи,"проспект Абылай хана, 62",D сектор; 1 этаж; витрина 8,050004,,Алмалинский район,Алматы,,Алматы,Казахстан,Пн: 10:00-21:00; Вт: 10:00-21:00; Ср: 10:00-21:00; Чт: 10:00-21:00; Пт: 10:00-21:00; Сб: 10:00-21:00; Вс: 10:00-21:00,+05:00,,,87058152818,,,,,,,,,,,,,https://wa.me/77058152818,,,,,,,,43.26205,76.941855,https://2gis.com/firm/70000001084528502,branch
Ваш Сервис Центр,сервисная компания,Компьютеры; Ремонт компьютеров; Копировальные услуги; Заправка картриджей; Фото на документы,"улица Байтерек, 41а",,40729,,,,Илийский район,Алматинская область,Казахстан,Пн: 10:00-20:00; Вт: 10:00-20:00; Ср: 10:00-20:00; Чт: 10:00-20:00; Пт: 10:00-20:00; Сб: 10:00-20:00,+05:00,4.0,18,87079544152,,,,,,,,,,,,,https://wa.me/77079544152,,,,,,,,43.438267,76.916151,https://2gis.com/firm/70000001074348636,branch
Гулянда,магазин,Компьютеры; Аксессуары к телефонам; Копировальные услуги; Фото на документы; Бытовая техника,"11-й микрорайон, 27",32 бутик; цокольный этаж,050035,11 м-н,Ауэзовский район,Алматы,,Алматы,Казахстан,Пн: 10:00-19:00; Вт: 10:00-19:00; Ср: 10:00-19:00; Чт: 10:00-19:00; Пт: 10:00-19:00; Сб: 10:00-19:00; Вс: 11:00-18:00,+05:00,5.0,46,87076793717,,,,,,,,,https://instagram.com/to_chto_nado_kaz,,,,https://wa.me/77076793717,,,,,,,,43.219439,76.873425,https://2gis.com/firm/70000001040300308,branch
Ерасыл,фотосалон,Компьютеры; Фотоцентры; Ремонт компьютеров; Копировальные услуги; Ремонт телефонов,"проспект Абылай хана, 4а",,040901,,,Каскелен,Карасайский район,Алматинская область,Казахстан,Пн: 09:00-18:00; Вт: 09:00-18:00; Ср: 09:00-18:00; Чт: 09:00-18:00; Пт: 09:00-18:00,+05:00,4.6,16,87779389632,,,,,,,,,,,,,https://wa.me/77779389632,https://wa.me/77782941971,,,,,,,43.204489,76.659338,https://2gis.com/firm/70000001104157501,branch
Зарядка,бутик по продаже комплектующих для фотоаппаратов и зарядных устройств для ноутбуков,Компьютеры; Фототовары,"улица Кунаева, 21",B1-13 бутик; 1 этаж,050016,,Медеуский район,Алматы,,Алматы,Казахстан,Пн: 10:00-21:00; Вт: 10:00-21:00; Ср: 10:00-21:00; Чт: 10:00-21:00; Пт: 10:00-21:00; Сб: 10:00-21:00; Вс: 10:00-21:00,+05:00,5.0,10,87772200444,87076370304,,,,,,,,https://instagram.com/adapteri_na_noutbuki,,,,https://wa.me/77076370304,https://wa.me/77772200444,,,,,,,43.267206,76.947991,https://2gis.com/firm/70000001022073190,branch
ИП Masterком,,Компьютеры; Ремонт компьютеров; Оргтехника; Бухгалтерские программы; Системное администрирование,"улица Тимирязева, 42 к15/6",,050057,,Бостандыкский район,Алматы,,Алматы,Казахстан,"Пн: 09:00-13:00, 14:00-18:00; Вт: 09:00-13:00, 14:00-18:00; Ср: 09:00-13:00, 14:00-18:00; Чт: 09:00-13:00, 14:00-18:00; Пт: 09:00-13:00, 14:00-18:00 (по предварительному звонку)",+05:00,5.0,18,87024007227,,,,,,,,,,,,,https://wa.me/77066007227,https://wa.me/77024007227,,,,,,,43.21681,76.906103,https://2gis.com/firm/70000001033210109,branch
Казинтлком,компания по продаже компьютерного оборудования,Компьютеры,"проспект Суюнбая, 43",5 офис; 2 этаж,050016,,Жетысуский район,Алматы,,Алматы,Казахстан,Пн: 09:00-20:00; Вт: 09:00-20:00; Ср: 09:00-20:00; Чт: 09:00-20:00; Пт: 09:00-20:00,+05:00,,,87077888422,,,,,,,,,,,,,https://wa.me/77077888422,,,,,,,,43.279085,76.948861,https://2gis.com/firm/70000001064251051,branch
Компьютерная Лавка,салон,Компьютеры; Полиграфия; Ремонт компьютеров; Заправка картриджей; Ремонт оргтехники; Копировальные услуги; Широкоформатная печать,"улица Рихарда Зорге, 18/4","0-22, 0-24 бутик; цокольный этаж",050011,,Турксибский район,Алматы,,Алматы,Казахстан,Пн: 10:00-22:00; Вт: 10:00-22:00; Ср: 10:00-22:00; Чт: 10:00-22:00; Пт: 10:00-22:00; Сб: 10:00-22:00; Вс: 10:00-22:00 (копировальный центр: пн-вс 10:00-21:30),+05:00,4.9,78,87765555012,,,,,,,,,https://instagram.com/mart_lavka,,,,https://wa.me/77765555012,,,,https://t.me/+77765555012,,,,43.335411,76.953822,https://2gis.com/firm/70000001028636628,branch
Компьютерная Лавка,салон,Компьютеры; Ремонт компьютеров; Заправка картриджей; Расходные материалы для оргтехники; Полиграфия; Копировальные услуги,"микрорайон Айнабулак-2, 71д",29 бутик; 2 этаж,050014,Айнабулак-2 м-н,Жетысуский район,Алматы,,Алматы,Казахстан,Пн: 09:00-20:00; Вт: 09:00-20:00; Ср: 09:00-20:00; Чт: 09:00-20:00; Пт: 09:00-20:00; Сб: 09:00-20:00; Вс: 09:00-20:00 (по предварительному звонку),+05:00,4.9,35,87055550122,,,,,,,,,https://instagram.com/mart_lavka,,,,https://wa.me/77055550122,,,,https://t.me/+77055550122,,,,43.320106,76.915769,https://2gis.com/firm/9429940000797024,branch
Компьютерный цехъ,компания по сборке и продаже компьютеров,Компьютеры; Ремонт компьютеров; Фотосъёмка; Видеосъёмка,"улица Серикова, 25",цокольный этаж,050066,Кулагер м-н,Жетысуский район,Алматы,,Алматы,Казахстан,Пн: 09:00-18:00; Вт: 09:00-18:00; Ср: 09:00-18:00; Чт: 09:00-18:00; Пт: 09:00-18:00,+05:00,4.9,47,87758517152,,,,,,,,,https://instagram.com/comp999,,,,https://wa.me/77758517152,,,,https://t.me/aylokin,,,,43.30388,76.926676,https://2gis.com/firm/70000001045416428,branch
Кристалл AmetiST,розничная торговая компания,Компьютеры,"улица Москвина, 13а",,050058,,Жетысуский район,Алматы,,Алматы,Казахстан,Пн: 10:00-17:00; Вт: 10:00-17:00; Ср: 10:00-17:00; Чт: 10:00-17:00; Пт: 10:00-17:00,+05:00,,,87770201910,,,,,,,,,,,,,,,,,,,,,43.278771,76.892954,https://2gis.com/firm/70000001094199146,branch
Магазин аксессуаров для мобильных телефонов,,Компьютеры; Аксессуары к телефонам; Сумки и кожгалантерея; Помощь в подключении услуг связи,"улица Тимирязева, 30",,050060,,Бостандыкский район,Алматы,,Алматы,Казахстан,Пн: 10:00-19:00; Вт: 10:00-19:00; Ср: 10:00-19:00; Чт: 10:00-19:00; Пт: 10:00-19:00,+05:00,4.8,30,87772252772,87072252772,,,,,,,,https://instagram.com/aksessuaryimnogoedrugoe,,,,https://wa.me/77772252772,https://wa.me/77072252772,,,https://t.me/+77776477272,,,,43.229466,76.932255,https://2gis.com/firm/70000001049138462,branch
Магазин бытовой и компьютерной техники,,Компьютеры; Бытовая техника; Аудиотехника и видеотехника; Оргтехника; Заправка картриджей,"улица Титова, 39/2",цокольный этаж,040700,,,,Илийский район,Алматинская область,Казахстан,"Пн: 10:00-13:00, 14:00-18:00; Вт: 10:00-13:00, 14:00-18:00; Ср: 10:00-13:00, 14:00-18:00; Чт: 10:00-13:00, 14:00-18:00; Пт: 10:00-13:00, 14:00-18:00; Сб: 10:00-13:00, 14:00-18:00",+05:00,5.0,8,87786154645,87016662526,,,,,,,,https://instagram.com/_bytovaya_tehnika_gres_,,,,https://wa.me/77016662526,https://wa.me/77786154645,,,,,,,43.423255,77.021195,https://2gis.com/firm/70000001027315511,branch
Магазин по продаже аксессуаров и мобильных телефонов,,Компьютеры; Аксессуары к телефонам; Мобильные телефоны; Ремонт телефонов,"улица Тимирязева, 42 к3",Студент блок; 1 этаж; витрина 11,050057,,Бостандыкский район,Алматы,,Алматы,Казахстан,Пн: 10:00-21:00; Вт: 10:00-21:00; Ср: 10:00-21:00; Чт: 10:00-21:00; Пт: 10:00-21:00; Сб: 10:00-21:00; Вс: 10:00-21:00,+05:00,,,87477878939,,,,,,,,,,,,,https://wa.me/77477878939,,,,,,,,43.224851,76.908249,https://2gis.com/firm/70000001056356362,branch
Сервисный центр,ИП DSN.KZ,Компьютеры; Системное администрирование; Ремонт компьютеров,"улица Толе би, 266",26 бутик; 2 этаж,050005,,Алмалинский район,Алматы,,Алматы,Казахстан,Пн: 09:00-18:00; Ср: 09:00-18:00; Чт: 09:00-18:00; Пт: 09:00-18:00; Сб: 09:00-18:00; Вс: 09:00-18:00,+05:00,1.0,1,87002532510,,,,,,,,,,,,,https://wa.me/77002532510,,,,,,,,43.249802,76.877107,https://2gis.com/firm/70000001084433959,branch
Сервисный центр,ИП Ханимов,Компьютеры; Ремонт компьютеров; Программное обеспечение; Сборка и апгрейд ПК,"улица Толе би, 266",13 бутик; 1 этаж,050005,,Алмалинский район,Алматы,,Алматы,Казахстан,Пн: 10:00-17:00; Ср: 10:00-17:00; Чт: 10:00-17:00; Пт: 10:00-17:00; Сб: 10:00-17:00; Вс: 10:00-17:00 (по предварительной записи),+05:00,,,87051873255,,,,,,,,,,,,,https://wa.me/77051873255,,,,https://t.me/+77051873255,,,,43.249802,76.877107,https://2gis.com/firm/70000001094517339,branch
Сервисный центр ноутбуков,,Компьютеры; Ремонт компьютеров,"улица Момышулы, 2",,041615,,,,Талгарский район,Алматинская область,Казахстан,Пн: 09:00-18:00; Вт: 09:00-18:00; Ср: 09:00-18:00; Чт: 09:00-18:00; Пт: 09:00-18:00; Сб: 09:00-18:00; Вс: 09:00-18:00,+05:00,5.0,3,87785381886,87471424295,,,,,,,,,,,,https://wa.me/77471424295,https://wa.me/77785381886,,,,,,,43.383583,77.108042,https://2gis.com/firm/70000001091199664,branch
Смайлик,магазин компьютерной техники,Компьютеры,"улица Каныша Сатпаева, 90/4",605 офис; 6 этаж,050046,,Бостандыкский район,Алматы,,Алматы,Казахстан,Пн: 11:00-19:00; Вт: 11:00-19:00; Ср: 11:00-19:00; Чт: 11:00-19:00; Пт: 11:00-19:00,+05:00,5.0,17,87055991090,,,,,,,,,https://instagram.com/smailik.pc,,,,https://wa.me/77055991090,,,,https://t.me/+77055991090,,,,43.233158,76.876003,https://2gis.com/firm/70000001097623023,branch
Солнышко market shop,магазин по продаже мобильной технике,Компьютеры; Мобильные телефоны; Аксессуары к телефонам; Помощь в подключении услуг связи,"проспект Абылай хана, 62",33 сектор; 2 этаж; витрина 11-15,050004,,Алмалинский район,Алматы,,Алматы,Казахстан,Пн: 10:00-21:00; Вт: 10:00-21:00; Ср: 10:00-21:00; Чт: 10:00-21:00; Пт: 10:00-21:00; Сб: 10:00-21:00; Вс: 10:00-21:00,+05:00,1.5,9,87025505078,,,,,,,,,https://instagram.com/lyudmila150189,,,,https://wa.me/77025505078,,,,,,,,43.26205,76.941855,https://2gis.com/firm/70000001066989447,branch
Сотка,бутик мобильных аксессуаров,Компьютеры; Аксессуары к телефонам; Фототовары,"микрорайон Нуркент, 5 к23-26",24 корпус; 1 этаж,050038,Нуркент м-н,Алатауский район,Алматы,,Алматы,Казахстан,Пн: 09:00-21:00; Вт: 09:00-21:00; Ср: 09:00-21:00; Чт: 09:00-21:00; Пт: 09:00-21:00; Сб: 09:00-21:00; Вс: 09:00-21:00,+05:00,5.0,75,87477718074,,,,,,,,,,,,,https://wa.me/77477718074,,,,,,,,43.261158,76.814914,https://2gis.com/firm/70000001037010244,branch
Тастак,сервисный центр,Компьютеры; Ремонт компьютеров,"улица Толе би, 266",25 бутик; 2 этаж,050005,,Алмалинский район,Алматы,,Алматы,Казахстан,Пн: 09:00-18:00; Ср: 09:00-18:00; Чт: 09:00-18:00; Пт: 09:00-18:00; Сб: 09:00-18:00; Вс: 09:00-18:00,+05:00,4.9,58,87714924290,,,,,,,,,,,,,https://wa.me/77714924290,,,,,,,,43.249709,76.877125,https://2gis.com/firm/70000001075209862,branch
Тех Маркет,​магазин по продаже сотовых телефонов и аксессуаров,Компьютеры; Мобильные телефоны; Аксессуары к телефонам; Бытовая техника; Аудиотехника и видеотехника,"проспект Райымбека, 239/2",,050034,,Жетысуский район,Алматы,,Алматы,Казахстан,Пн: 00:00-24:00; Вт: 00:00-24:00; Ср: 00:00-24:00; Чт: 00:00-24:00; Пт: 00:00-24:00; Сб: 00:00-24:00; Вс: 00:00-24:00,+05:00,2.1,1,87476191499,,,,,,,,,,,,,https://wa.me/77476191499,,,,,,,,43.26441,76.901234,https://2gis.com/firm/70000001087654163,branch
ТехноГород.kz,,Компьютеры; Бытовая техника; Мобильные телефоны,"проспект Райымбека, 221",1 этаж,050016,,Жетысуский район,Алматы,,Алматы,Казахстан,Пн: 10:00-21:00; Вт: 10:00-21:00; Ср: 10:00-21:00; Чт: 10:00-21:00; Пт: 10:00-21:00; Сб: 10:00-21:00; Вс: 10:00-21:00,+05:00,5.0,29,87055888111,,,,,,,,,https://instagram.com/technogorod.kz,,,,https://wa.me/77055888111,,,,,,,,43.268583,76.918923,https://2gis.com/firm/70000001113599177,branch
Ноутбуки Узынагаш,центр цифровых компетенций и продажа техники,Компьютеры; Ремонт компьютеров; Мобильные телефоны; Аксессуары к телефонам; Помощь в подключении услуг связи,"улица Жамбыла, 71",,,,,,Жамбылский район,Алматинская область,Казахстан,Пн: 09:00-18:00; Вт: 09:00-18:00; Ср: 09:00-18:00; Чт: 09:00-18:00; Пт: 09:00-18:00; Сб: 09:00-18:00; Вс: 09:00-18:00,+05:00,4.9,1,87776467771,87479950607,,,,,,,,https://instagram.com/buu_notebook_uzynagash,,,,https://wa.me/77479950607,https://wa.me/77776467771,,,,,,,43.222048,76.304529,https://2gis.com/firm/70000001090475293,branch
Онлайн-магазин компьютерной техники,,Компьютеры; Комиссионные магазины,"микрорайон Аккент, 53",,050038,Аккент м-н,Алатауский район,Алматы,,Алматы,Казахстан,Пн: 14:00-23:00; Вт: 14:00-23:00; Ср: 14:00-23:00; Чт: 14:00-23:00; Пт: 14:00-23:00; Сб: 14:00-23:00; Вс: 14:00-23:00 (по предварительному звонку),+05:00,4.9,2,87018178482,,,,,,,,,,,,,https://wa.me/77018178482,,,,https://t.me/+77018178482,,,,43.243216,76.811348,https://2gis.com/firm/70000001084167859,branch
Орион,магазин компьютерной техники,Компьютеры; Аудиотехника и видеотехника; Заправка картриджей; Ремонт компьютеров; Ремонт оргтехники,"4-й микрорайон, 29",1 этаж,040803,4-й м-н,,Конаев,Конаев городская администрация,Алматинская область,Казахстан,Пн: 10:00-18:00; Вт: 10:00-18:00; Ср: 10:00-18:00; Чт: 10:00-18:00; Пт: 10:00-18:00; Сб: 10:00-17:00,+05:00,4.8,9,87277223333,87777986888,,,,,,,,https://instagram.com/magazin_orion_konaev,,,,https://wa.me/77777986888,,,,,,,,43.851772,77.055489,https://2gis.com/firm/70000001040690544,branch
Принт ноут,компания,Компьютеры; Заправка картриджей; Ремонт компьютеров; Оргтехника,"улица Жексенбаева, 2",,050006,Алтын бесик м-н,Ауэзовский район,Алматы,,Алматы,Казахстан,Пн: 09:00-18:00; Вт: 09:00-18:00; Ср: 09:00-18:00; Чт: 09:00-18:00; Пт: 09:00-18:00; Сб: 09:00-18:00; Вс: 09:00-18:00 (по предварительной записи),+05:00,3.0,2,87085700487,,,,,,,,,,,,,https://wa.me/77085700487,https://wa.me/77472866751,,,,,,,43.23731,76.811163,https://2gis.com/firm/70000001083817443,branch
Пункт выдачи заказа,ИП PS Company,Компьютеры; Фототовары; Аудиотехника и видеотехника,"Хусаинова улица, 28",,050046,,Бостандыкский район,Алматы,,Алматы,Казахстан,Пн: 10:00-18:00; Вт: 10:00-18:00; Ср: 10:00-18:00; Чт: 10:00-18:00; Пт: 10:00-18:00; Сб: 10:00-15:00,+05:00,3.7,41,87710309457,,,,,,,,,,,,,https://wa.me/77710309457,,,,,,,,43.237528,76.888834,https://2gis.com/firm/70000001081659290,branch
Салон сотовой связи,,Компьютеры; Помощь в подключении услуг связи; Аксессуары к телефонам,"проспект Сейфуллина, 168Б",1 этаж; напротив кассы,050037,,Турксибский район,Алматы,,Алматы,Казахстан,Пн: 10:30-20:00; Вт: 10:30-20:00; Ср: 10:30-20:00; Чт: 10:30-20:00; Пт: 10:30-20:00; Сб: 10:30-20:00; Вс: 10:30-20:00,+05:00,4.6,21,87718999595,87779555591,,,,,,,,,,,,https://wa.me/77718999595,,,,,,,,43.308367,76.939933,https://2gis.com/firm/70000001051243194,branch
Сервисный центр,,Компьютеры; Ремонт компьютеров; Бухгалтерские программы; Системное администрирование; Бухгалтерские услуги,"Жибек жолы улица, 30",1 этаж,,,,,Талгарский район,Алматинская область,Казахстан,"Пн: 09:00-13:00, 14:00-19:00; Вт: 09:00-13:00, 14:00-19:00; Ср: 09:00-13:00, 14:00-19:00; Чт: 09:00-13:00, 14:00-19:00; Пт: 09:00-13:00, 14:00-19:00; Сб: 09:00-13:00, 14:00-19:00",+05:00,,,87769778707,87772475097,,,,,,,,,,,,https://wa.me/77772475097,https://wa.me/77769778707,,,,,,,43.306622,77.099648,https://2gis.com/firm/70000001114591299,branch
Сервисный центр,,Компьютеры; Ремонт компьютеров,"улица Кеменгер, 11",1 этаж,050063,Достык м-н,Ауэзовский район,Алматы,,Алматы,Казахстан,Пн: 10:00-18:00; Вт: 10:00-18:00; Ср: 10:00-18:00; Чт: 10:00-18:00; Пт: 10:00-18:00; Сб: 10:00-18:00; Вс: 10:00-18:00,+05:00,5.0,7,87750181315,,,,,,,,,,,,,https://wa.me/77750181315,,,,,,,,43.229918,76.829453,https://2gis.com/firm/70000001083272101,branch
Сервисный центр,,Компьютеры; Ремонт компьютеров; Ремонт цифровой техники,"улица Емцова, 26",1 офис; 2 этаж,050061,,Алатауский район,Алматы,,Алматы,Казахстан,Пн: 09:30-16:30; Вт: 09:30-16:30; Ср: 09:30-16:30; Чт: 09:30-16:30; Пт: 09:30-16:30,+05:00,4.9,7,87015454091,,,,,,,,,,,,,https://wa.me/77015454091,,,,,,,,43.261886,76.858779,https://2gis.com/firm/70000001069381190,branch
Сервисный центр,,Компьютеры; Ремонт компьютеров; Ремонт оргтехники; Сборка и апгрейд ПК; Программное обеспечение,"Ораза Жандосова улица, 17а",1 этаж; вход со двора,050057,,Бостандыкский район,Алматы,,Алматы,Казахстан,Пн: 10:00-19:00; Вт: 10:00-19:00; Ср: 10:00-19:00; Чт: 10:00-19:00; Пт: 10:00-19:00; Сб: 11:00-15:00,+05:00,5.0,10,87009984323,87273540611,87087028989,,,,,,,,,,,https://wa.me/77087028989,https://wa.me/77009984323,,,,,,,43.233158,76.901431,https://2gis.com/firm/70000001066242572,branch
