Наименование,Описание,Рубрики,Адрес,Комментарий к адресу,Почтовый индекс,Микрорайон,Район,Город,Округ,Регион,Страна,Часы работы,Часовой пояс,Рейтинг,Количество отзывов,Телефон 1,Телефон 2,Телефон 3,E-mail 1,E-mail 2,Веб-сайт 1,Веб-сайт 2,Instagram,Twitter,Facebook,ВКонтакте,WhatsApp 1,WhatsApp 2,WhatsApp 3,Viber,Telegram 1,Telegram 2,YouTube,Широта,Долгота,2GIS URL,Тип
17 Aqyn Mebel,мебельная компания,Мебель для кухни; Мебель на заказ; Мебель для ванных комнат; Корпусная мебель; Офисная мебель; Детская мебель,"улица Сарын, 57",,,Юго-Восток (правая сторона) ж/м,Сарайшык район,Астана,,Астана,Казахстан,Пн: 09:00-18:00; Вт: 09:00-18:00; Ср: 09:00-18:00; Чт: 09:00-18:00; Пт: 09:00-18:00; Сб: 09:00-18:00,+05:00,5.0,26,87007501733,,,,,,,https://instagram.com/17aqynmebel,,,,https://wa.me/77007501733,,,,,,,51.13364,71.520962,https://2gis.com/firm/70000001104923058,branch
abk_mebel,,Мебель для кухни; Мебель на заказ; Корпусная мебель; Распиловка древесины,"улица Ильи Чехоева, 39а",,,,Байконыр район,Астана,,Астана,Казахстан,Пн: 09:00-19:00; Вт: 09:00-19:00; Ср: 09:00-19:00; Чт: 09:00-19:00; Пт: 09:00-19:00; Сб: 09:00-19:00; Вс: 09:00-19:00,+05:00,5.0,8,87013200009,,,,,,,https://instagram.com/abk.mebel.3,,,,https://wa.me/77013200009,,,,,,,51.199195,71.462909,https://2gis.com/firm/70000001105023665,branch
Adal Home,мебельная компания,Мебель для кухни; Мебель на заказ; Корпусная мебель; Детская мебель; Офисная мебель,"шоссе Алаш, 13","9, 10 бутик; 2 этаж",,,Байконыр район,Астана,,Астана,Казахстан,Пн: 10:00-19:00; Вт: 10:00-19:00; Ср: 10:00-19:00; Чт: 10:00-19:00; Пт: 10:00-19:00; Сб: 10:00-19:00; Вс: 10:00-19:00,+05:00,2.5,8,87072820094,,,,,,,https://instagram.com/adal.home.astana,,,,https://wa.me/77072820094,,,,,,,51.193748,71.464009,https://2gis.com/firm/70000001097363865,branch
Agera mebel,,Мебель для кухни; Мебель на заказ; Корпусная мебель,"проспект Туран, 53в",2 этаж,,,Нура район,Астана,,Астана,Казахстан,Пн: 10:00-21:00; Вт: 10:00-21:00; Ср: 10:00-21:00; Чт: 10:00-21:00; Пт: 10:00-21:00; Сб: 10:00-21:00; Вс: 10:00-21:00,+05:00,5.0,16,87003164646,,,,,,,https://instagram.com/agera_mebel,,,,https://wa.me/77080841010,,,,,,,51.116731,71.397862,https://2gis.com/firm/70000001110617216,branch
Aisa_mebel_interiors,мебельная компания,Мебель для кухни; Мебель на заказ; Корпусная мебель; Детская мебель; Офисная мебель,"улица Жумекен Нажимеденов, 37",,,,Сарайшык район,Астана,,Астана,Казахстан,Пн: 10:00-19:00; Вт: 10:00-19:00; Ср: 10:00-19:00; Чт: 10:00-19:00; Сб: 10:00-19:00; Вс: 10:00-19:00,+05:00,5.0,12,87052246995,,,,,,,https://instagram.com/aisa_mebel_interiors,,,,https://wa.me/77052246995,,,,,,,51.109181,71.538773,https://2gis.com/firm/70000001105348010,branch
Aisha Hanym,мебельная компания,Мебель для кухни; Мебель на заказ; Корпусная мебель; Детская мебель; Офисная мебель,"улица Шары Жиенкуловой, 38/1",1 этаж,,,Байконыр район,Астана,,Астана,Казахстан,Пн: 09:00-21:00; Вт: 09:00-21:00; Ср: 09:00-21:00; Чт: 09:00-21:00; Пт: 09:00-21:00; Сб: 09:00-21:00; Вс: 09:00-21:00,+05:00,4.9,18,87776777257,87718262604,,,,,,https://instagram.com/aishahanym_jihaz,,,,https://wa.me/77776777257,https://wa.me/77718262604,,,,,,51.177791,71.45688,https://2gis.com/firm/70000001067048426,branch
Aisha_mebel_kaz,магазин по продаже диванов,Мебель для кухни; Мебель на заказ; Корпусная мебель,"улица Лесная поляна, 3",цокольный этаж,,Лесная поляна м-н,,Косшы,Косшы городская администрация,Акмолинская область,Казахстан,Пн: 10:00-20:00; Вт: 10:00-20:00; Ср: 10:00-20:00; Чт: 10:00-20:00; Пт: 10:00-20:00; Сб: 10:00-20:00; Вс: 10:00-20:00,+05:00,4.6,20,87712645140,,,,,,,https://instagram.com/aisha_mebel_kaz,,,,https://wa.me/77712645140,,,,,,,50.999841,71.372528,https://2gis.com/firm/70000001083828247,branch
Aizu_mebel_astana,мебельная компания,Мебель для кухни; Мебель на заказ; Корпусная мебель; Детская мебель; Офисная мебель,"Бухар жырау улица, 23",,,,Есиль район,Астана,,Астана,Казахстан,Пн: 09:00-19:00; Вт: 09:00-19:00; Ср: 09:00-19:00; Чт: 09:00-19:00; Пт: 09:00-19:00; Сб: 09:00-19:00; Вс: 09:00-19:00,+05:00,5.0,7,87018604499,,,,,,,https://instagram.com/aizu_mebel_astana,,,,https://wa.me/77018604499,,,,,,,51.099839,71.436069,https://2gis.com/firm/70000001113428963,branch
Al Farabi,мебельный центр,Мебель для кухни; Корпусная мебель; Мягкая мебель; Матрасы; Детская мебель; Мебельные магазины,"проспект Акжол, 50",,,,Байконыр район,Астана,,Астана,Казахстан,Пн: 10:00-20:00; Вт: 10:00-20:00; Ср: 10:00-20:00; Чт: 10:00-20:00; Пт: 10:00-20:00; Сб: 10:00-20:00; Вс: 10:00-20:00,+05:00,4.9,160,87773477733,87788839885,,,,,,https://instagram.com/alfarabi_mebel_astana,,https://facebook.com/AlFarabiMebel,,https://wa.me/77773477733,https://wa.me/77788839885,,,,,,51.177986,71.469137,https://2gis.com/firm/70000001057074702,branch
Al Rahat,,Мебель для кухни; Мебель на заказ; Корпусная мебель; Мебель для ванных комнат; Офисная мебель; Детская мебель,"улица Е 900, 2",12 офис,,,Нура район,Астана,,Астана,Казахстан,Пн: 10:00-18:00; Вт: 10:00-18:00; Ср: 10:00-18:00; Чт: 10:00-18:00; Пт: 10:00-18:00; Сб: 10:00-18:00,+05:00,4.5,16,87054185086,,,,,,,https://instagram.com/mebel_al_rahat,,,,https://wa.me/77054185086,,,,,,,51.13257,71.394252,https://2gis.com/firm/70000001096951327,branch
Ali.Kar.zhihazy,,Мебель для кухни; Мебель на заказ; Корпусная мебель; Архитектурное проектирование; Детская мебель,"улица Касыма Аманжолова, 32",,,,Сарайшык район,Астана,,Астана,Казахстан,Пн: 08:00-19:00; Вт: 08:00-19:00; Ср: 08:00-19:00; Чт: 08:00-19:00; Пт: 08:00-19:00; Сб: 08:00-19:00; Вс: 08:00-19:00,+05:00,5.0,10,87066505550,,,,,,,https://instagram.com/ali.kar.zhihazy,,,,https://wa.me/77066505550,,,,,,,51.124463,71.476137,https://2gis.com/firm/70000001098578575,branch
Allmeb,,Мебель для кухни; Мебель на заказ; Корпусная мебель; Детская мебель; Офисная мебель; Мебель для ванных комнат,"Альмукан Сембинов улица, 13/3",,,,Байконыр район,Астана,,Астана,Казахстан,Пн: 10:00-18:00; Вт: 10:00-18:00; Ср: 10:00-18:00; Чт: 10:00-18:00; Пт: 10:00-18:00; Сб: 10:00-18:00,+05:00,5.0,18,87753754492,,,,,,,https://instagram.com/allmeb,,,,https://wa.me/77753754492,,,,,,,51.171709,71.451243,https://2gis.com/firm/70000001076852363,branch
Alta Mobili,салон мебели,Мебель для кухни; Корпусная мебель; Офисная мебель; Мягкая мебель; Мебельные магазины,"проспект Мангилик Ел, 20",Б блок; 1 этаж,010017,,Есиль район,Астана,,Астана,Казахстан,Пн: 10:00-19:00; Вт: 10:00-19:00; Ср: 10:00-19:00; Чт: 10:00-19:00; Пт: 10:00-19:00; Сб: 10:00-19:00,+05:00,4.9,11,87786073800,,,,,,,https://instagram.com/altamobili,,https://facebook.com/altamobili,,https://wa.me/77786073800,,,,,,,51.116948,71.435336,https://2gis.com/firm/70000001044106864,branch
Ambrella.mebel,,Мебель для кухни; Мебельные магазины; Мягкая мебель,"улица Е-429, 6",,,,Нура район,Астана,,Астана,Казахстан,Пн: 11:30-18:30; Вт: 11:30-18:30; Ср: 11:30-18:30; Чт: 11:30-18:30; Пт: 11:30-18:30; Сб: 11:30-18:30; Вс: 11:30-18:30,+05:00,5.0,35,87764441772,,,,,,,https://instagram.com/ambrella.mebel,,,,https://wa.me/77764441772,,,,https://t.me/+77071166749,,,51.143518,71.358972,https://2gis.com/firm/70000001082001307,branch
Aq_zhihaz_ast,,Мебель для кухни; Мебель на заказ; Корпусная мебель; Распиловка древесины,"улица Бейбитшилик, 47/1",,,,Сарыарка район,Астана,,Астана,Казахстан,Пн: 09:00-18:00; Вт: 09:00-18:00; Ср: 09:00-18:00; Чт: 09:00-18:00; Пт: 09:00-18:00; Сб: 09:00-18:00,+05:00,5.0,7,87003121991,,,,,,,https://instagram.com/aq_zhihaz_ast,,,,https://wa.me/77003121991,,,,,,,51.179262,71.41449,https://2gis.com/firm/70000001104894460,branch
Arimax,,Мебель для кухни; Мебельные магазины,"шоссе Алаш, 35/2",цокольный этаж,,,Байконыр район,Астана,,Астана,Казахстан,Пн: 09:00-19:00; Вт: 09:00-19:00; Ср: 09:00-19:00; Чт: 09:00-19:00; Пт: 09:00-19:00; Сб: 09:00-19:00; Вс: 09:00-19:00,+05:00,4.4,6,87011069477,87013558555,,,,,,https://instagram.com/arimax.astana,,,,https://wa.me/77013558555,https://wa.me/77011069477,,,,,,51.204815,71.489327,https://2gis.com/firm/70000001114717361,branch
Armada,магазин по продаже столов и стульев,Мебель для кухни; Корпусная мебель,"улица Е-36, 2",,,,Нура район,Астана,,Астана,Казахстан,Пн: 11:00-19:00; Вт: 11:00-19:00; Ср: 11:00-19:00; Чт: 11:00-19:00; Пт: 11:00-19:00; Сб: 11:00-19:00; Вс: 11:00-19:00,+05:00,4.0,9,87014509851,,,,,,,https://instagram.com/stol_stulya_astana_,,,,https://wa.me/77014509851,,,,,,,51.124599,71.382264,https://2gis.com/firm/70000001080839467,branch
arman_mebel.astana,,Мебель для кухни; Мебель на заказ; Корпусная мебель,"улица Ыкылас Дукенулы, 31/4",,,,Сарыарка район,Астана,,Астана,Казахстан,Пн: 09:00-20:00; Вт: 09:00-20:00; Ср: 09:00-20:00; Чт: 09:00-20:00; Пт: 09:00-20:00; Сб: 09:00-20:00,+05:00,4.8,12,87024650931,87086201363,,,,,,https://instagram.com/arman_mebel.astana,,,,https://wa.me/77024650931,,,,,,,51.182534,71.436175,https://2gis.com/firm/70000001094387600,branch
Arnaya home,,Мебель для кухни,"улица Жолымбетская, 43",5 этаж,,,Байконыр район,Астана,,Астана,Казахстан,Пн: 10:00-18:00; Вт: 10:00-18:00; Ср: 10:00-18:00; Чт: 10:00-18:00; Пт: 10:00-18:00; Сб: 10:00-18:00; Вс: 10:00-18:00,+05:00,5.0,5,87008110986,,,,,,,,,,,https://wa.me/77008110986,,,,,,,51.199883,71.468133,https://2gis.com/firm/70000001109971965,branch
Artico_kz,мебельный салон,Мебель для кухни; Мягкая мебель; Корпусная мебель; Мебель на заказ,"улица А 91, 14",цокольный этаж,,,Сарайшык район,Астана,,Астана,Казахстан,"Пн: 10:00-13:00, 14:00-18:00; Ср: 10:00-13:00, 14:00-18:00; Чт: 10:00-13:00, 14:00-18:00; Пт: 10:00-13:00, 14:00-18:00; Сб: 10:00-13:00, 14:00-18:00; Вс: 10:00-13:00, 14:00-18:00 (по предварительному звонку)",+05:00,5.0,21,87081712572,,,,,,,https://instagram.com/artico_kz,,,,https://wa.me/77081712572,,,,https://t.me/+77081712572,,,51.118459,71.52474,https://2gis.com/firm/70000001090816708,branch
Asadal,мебельная компания,Мебель для кухни; Мебель на заказ; Корпусная мебель,"проспект Улы Дала, 41/3",НП: 10,010000,,Есиль район,Астана,,Астана,Казахстан,"Пн: 10:00-13:00, 14:00-18:00; Вт: 10:00-13:00, 14:00-18:00; Ср: 10:00-13:00, 14:00-18:00; Чт: 10:00-13:00, 14:00-18:00; Пт: 10:00-13:00, 14:00-18:00",+05:00,5.0,10,87775229592,,,,,,,https://instagram.com/asadal_mebel_astana,,,,https://wa.me/77775229592,,,,,,,51.098361,71.416666,https://2gis.com/firm/70000001093609218,branch
Aser_mebel_astana,мебельная компания,Мебель для кухни; Мебель на заказ; Корпусная мебель; Ремонт мебели; Мебель для ванных комнат; Детская мебель; Офисная мебель,"улица Жумекен Нажимеденов, 44",,,,Сарайшык район,Астана,,Астана,Казахстан,Пн: 09:00-22:00; Вт: 09:00-22:00; Ср: 09:00-22:00; Чт: 09:00-22:00; Пт: 09:00-22:00; Сб: 09:00-22:00; Вс: 09:00-22:00,+05:00,4.6,30,87713642824,,,,,,,https://instagram.com/aser_mebel_astana,,,,https://wa.me/77713642824,,,,https://t.me/+77713642824,,,51.113028,71.509653,https://2gis.com/firm/70000001111105151,branch
Ast Group,мебельная компания,Мебель для кухни; Детская мебель; Мебель на заказ; Корпусная мебель; Изделия из камня для помещений,"проспект Мангилик Ел, 53",1 этаж,,,Есиль район,Астана,,Астана,Казахстан,Пн: 10:00-20:00; Вт: 10:00-20:00; Ср: 10:00-20:00; Чт: 10:00-20:00; Пт: 10:00-20:00; Сб: 10:00-20:00; Вс: 10:00-20:00,+05:00,4.9,120,87073186663,,,,,,,https://instagram.com/astgroup_mebel.kz,,,,https://wa.me/77073186663,,,,,,,51.093861,71.425597,https://2gis.com/firm/70000001047398318,branch
Astana Wood,мебельная компания,Мебель для кухни; Мебель на заказ; Корпусная мебель; Детская мебель; Офисная мебель,"улица Ыкылас Дукенулы, 31/3",,,,Сарыарка район,Астана,,Астана,Казахстан,Пн: 09:00-22:00; Вт: 09:00-22:00; Ср: 09:00-22:00; Чт: 09:00-22:00; Пт: 09:00-22:00; Сб: 09:00-22:00; Вс: 09:00-22:00,+05:00,5.0,8,87751000001,,,,,,,https://instagram.com/mebelnazakazvastane,,,,https://wa.me/77751000001,,,,,,,51.182651,71.435567,https://2gis.com/firm/70000001104446463,branch
Asylai mebel,,Мебель для кухни; Мебель на заказ; Корпусная мебель; Детская мебель; Офисная мебель,"Керей, Жанибек хандар улица, 44/2",1 этаж,,,Есиль район,Астана,,Астана,Казахстан,Пн: 09:00-19:00; Вт: 09:00-19:00; Ср: 09:00-19:00; Чт: 09:00-19:00; Пт: 09:00-19:00; Сб: 09:00-19:00; Вс: 09:00-19:00,+05:00,4.9,9,87075758820 (администратор),,,,,,,https://instagram.com/asylai_mebel_astana,,,,https://wa.me/77075758820,,,,,,,51.104969,71.446714,https://2gis.com/firm/70000001100803354,branch
Äulet,мебельная компания,Мебель для кухни; Мебель на заказ; Корпусная мебель; Мебель для ванных комнат; Мягкая мебель; Детская мебель; Офисная мебель,"улица Касыма Аманжолова, 24",,,,Сарайшык район,Астана,,Астана,Казахстан,Пн: 10:00-18:00; Вт: 10:00-18:00; Ср: 10:00-18:00; Чт: 10:00-18:00; Пт: 10:00-18:00; Сб: 10:00-18:00; Вс: 10:00-18:00,+05:00,4.9,79,87022677784,,,,,,,https://instagram.com/aulet_jihaz,,,,https://wa.me/77022677784,https://wa.me/77086476284,,,,,,51.117854,71.47342,https://2gis.com/firm/70000001036866655,branch
BaDi Elegant,мебельная компания,Мебель для кухни; Корпусная мебель; Мягкая мебель; Мебель на заказ; Детская мебель; Офисная мебель,"шоссе Коргалжын, 13/3",2 этаж; левое крыло,,,Нура район,Астана,,Астана,Казахстан,Пн: 10:00-20:00; Ср: 10:00-20:00; Чт: 10:00-20:00; Пт: 10:00-20:00; Сб: 10:00-20:00; Вс: 10:00-20:00,+05:00,5.0,11,87775740574,,,,,,,https://instagram.com/badi_elegant,,,,https://wa.me/77775740574,,,,,,,51.147176,71.381002,https://2gis.com/firm/70000001097291242,branch
Bai Luxe,мебельная компания,Мебель для кухни; Мебель на заказ; Корпусная мебель,"улица Александра Пушкина, 51/1",1 этаж,,,Байконыр район,Астана,,Астана,Казахстан,Пн: 08:00-20:00; Вт: 08:00-20:00; Ср: 08:00-20:00; Чт: 08:00-20:00; Пт: 08:00-20:00; Сб: 08:00-20:00; Вс: 08:00-20:00,+05:00,5.0,11,87783244835,,,,,,,https://instagram.com/bailuxe_mebel,,,,https://wa.me/77783244835,,,,,,,51.181768,71.489045,https://2gis.com/firm/70000001081323199,branch
Baspana Mebel,компания по изготовлению мебели,Мебель для кухни; Мебель на заказ; Корпусная мебель; Офисная мебель; Детская мебель; Мебель для ванных комнат,"улица Койтас, 1Б",,,,Алматы район,Астана,,Астана,Казахстан,Пн: 08:00-20:00; Вт: 08:00-20:00; Ср: 08:00-20:00; Чт: 08:00-20:00; Пт: 08:00-20:00; Сб: 08:00-20:00; Вс: 08:00-20:00,+05:00,4.9,30,87770313158,,,,,,,https://instagram.com/baspana_mebel,,,,https://wa.me/77770313158,,,,,,,51.181499,71.505205,https://2gis.com/firm/70000001094103562,branch
Bazis. Mebel. Astana,мебельная компания,Мебель для кухни; Мебель на заказ; Мебельная фурнитура,"улица Темирбек Жургенов, 19",17 офис,,,Сарайшык район,Астана,,Астана,Казахстан,Пн: 09:00-22:00; Вт: 09:00-22:00; Ср: 09:00-22:00; Чт: 09:00-22:00; Пт: 09:00-22:00; Сб: 09:00-22:00; Вс: 09:00-22:00,+05:00,4.8,21,87784888439,,,,,,,https://instagram.com/Bazis.mebel.astana,,,,https://wa.me/77784888439,,,,,,,51.118841,71.501827,https://2gis.com/firm/70000001103300824,branch
Big stroi,мебельная компания,Мебель для кухни; Мебель на заказ; Корпусная мебель; Детская мебель; Офисная мебель,"улица Орлыкол, 21/3",,,,Сарыарка район,Астана,,Астана,Казахстан,Пн: 09:00-02:00; Вт: 09:00-02:00; Ср: 09:00-02:00; Чт: 09:00-02:00; Пт: 09:00-02:00; Сб: 09:00-02:00; Вс: 09:00-02:00 (по предварительному звонку),+05:00,4.5,26,87080011401 (мебель на заказ),87080011601 (услуга фасадов),,,,,,https://instagram.com/big_stroi.kz,,,,https://wa.me/77080011401,https://wa.me/77080011601,,,,,,51.18704,71.430274,https://2gis.com/firm/70000001089219454,branch
BioDivan,мебельная компания,Мебель для кухни; Мягкая мебель; Мебель на заказ; Мебель для общественного питания; Мебель для культурно-досуговых учреждений; Корпусная мебель; Офисная мебель; Детская мебель; Светотехника,"шоссе Алаш, 20/1",3 этаж,,,Байконыр район,Астана,,Астана,Казахстан,Пн: 09:00-18:00; Вт: 09:00-18:00; Ср: 09:00-18:00; Чт: 09:00-18:00; Пт: 09:00-18:00; Сб: 09:00-18:00; Вс: 09:00-18:00,+05:00,3.9,7,87477353650,,,,,,,https://instagram.com/biodivan_kz,,,,https://wa.me/77477353650,,,,,,,51.19252,71.463851,https://2gis.com/firm/70000001066886063,branch
Bora Mebel,,Мебель для кухни; Корпусная мебель; Мебель на заказ; Мебель для ванных комнат; Офисная мебель; Детская мебель,"проспект Улы Дала, 54",,,,Есиль район,Астана,,Астана,Казахстан,Пн: 10:00-19:00; Вт: 10:00-19:00; Ср: 10:00-19:00; Чт: 10:00-19:00; Пт: 10:00-19:00; Сб: 10:00-19:00; Вс: 10:00-19:00 (по предварительной записи),+05:00,5.0,24,87028481888,,,,,,,https://instagram.com/bora_mebel.kz,,,,https://wa.me/77028481888,,,,,,,51.09757,71.406781,https://2gis.com/firm/70000001055056135,branch
Bora Mebel,,Мебель для кухни; Корпусная мебель; Мебель на заказ,"улица Орлыкол, 10а",,,,Сарыарка район,Астана,,Астана,Казахстан,Пн: 10:00-19:00; Вт: 10:00-19:00; Ср: 10:00-19:00; Чт: 10:00-19:00; Пт: 10:00-19:00; Сб: 10:00-19:00,+05:00,5.0,7,87028481888,,,,,,,https://instagram.com/bora_mebel.kz,,,,https://wa.me/77028481888,,,,,,,51.183404,71.428815,https://2gis.com/firm/70000001055055854,branch
Bosaga.mebel.astana,,Мебель для кухни; Мебель на заказ; Офисная мебель; Детская мебель; Сборка мебели,"улица Лесная поляна, 50",,,Лесная поляна м-н,,Косшы,Косшы городская администрация,Акмолинская область,Казахстан,Пн: 09:00-22:00; Вт: 09:00-22:00; Ср: 09:00-22:00; Чт: 09:00-22:00; Пт: 09:00-22:00; Сб: 09:00-22:00; Вс: 09:00-22:00,+05:00,4.2,5,87753146679,,,,,,,,,,,https://wa.me/77753146679,,,,,,,51.006437,71.379656,https://2gis.com/firm/70000001114898072,branch
Brend Home,мебельный магазин,Мебель для кухни; Мягкая мебель; Мебель на заказ; Корпусная мебель,"улица Жолымбетская, 43",5 этаж,,,Байконыр район,Астана,,Астана,Казахстан,Пн: 10:00-18:00; Вт: 10:00-18:00; Ср: 10:00-18:00; Чт: 10:00-18:00; Пт: 10:00-18:00; Сб: 10:00-18:00; Вс: 10:00-18:00,+05:00,1.9,5,87053497471,,,,,,,https://instagram.com/brend_home.kz,,,,https://wa.me/77053497471,,,,,,,51.199883,71.468133,https://2gis.com/firm/70000001093032890,branch
Carpenter,мебельный салон,Мебель для кухни; Мягкая мебель; Корпусная мебель; Мебельные магазины,"проспект Улы Дала, 39",3 офис,,,Есиль район,Астана,,Астана,Казахстан,Пн: 10:30-20:00; Вт: 10:30-20:00; Ср: 10:30-20:00; Чт: 10:30-20:00; Пт: 10:30-20:00; Сб: 10:30-20:00; Вс: 10:30-20:00,+05:00,5.0,13,87087046566,,,,,,,https://instagram.com/mebel.carpenter.kz,,,,https://wa.me/77087046566,,,,,,,51.098252,71.410888,https://2gis.com/firm/70000001030278534,branch
Centr Кухни,мебельный салон,Мебель для кухни; Мебель на заказ; Офисная мебель; Корпусная мебель; Мягкая мебель; Мебельные магазины,"улица Каныш Сатпаев, 16",3 этаж,,Қараөткел ж/м,Алматы район,Астана,,Астана,Казахстан,Пн: 10:30-19:00; Вт: 10:30-19:00; Ср: 10:30-19:00; Чт: 10:30-19:00; Пт: 10:30-19:00; Сб: 10:30-19:00; Вс: 10:30-19:00,+05:00,4.2,10,87755911875,,,,,,,https://instagram.com/centrkuhni_kz,,,,https://wa.me/77717051570,https://wa.me/77755911875,,,,,,51.143579,71.474902,https://2gis.com/firm/70000001047738733,branch
Comfort_lux_furniture,,Мебель для кухни; Мебель на заказ; Мягкая мебель; Корпусная мебель; Офисная мебель; Мебель для ванных комнат,"улица Шары Жиенкуловой, 38/1",1 этаж,,,Байконыр район,Астана,,Астана,Казахстан,Пн: 09:00-20:00; Вт: 09:00-20:00; Ср: 09:00-20:00; Чт: 09:00-20:00; Пт: 09:00-20:00; Сб: 09:00-20:00; Вс: 09:00-20:00,+05:00,5.0,10,87773440233,,,,,,,https://instagram.com/comfort_lux_furniture,,,,https://wa.me/77773440233,,,,,,,51.177791,71.45688,https://2gis.com/firm/70000001101374445,branch
Console,мебельный салон,Мебель для кухни; Мягкая мебель; Мебельные магазины,"проспект Улы Дала, 33",,,,Нура район,Астана,,Астана,Казахстан,"Пн: 10:00-13:00, 14:00-19:00; Вт: 10:00-13:00, 14:00-19:00; Ср: 10:00-13:00, 14:00-19:00; Чт: 10:00-13:00, 14:00-19:00; Пт: 10:00-13:00, 14:00-19:00; Сб: 10:00-13:00, 14:00-19:00; Вс: 12:00-18:00",+05:00,4.7,8,87782659464,,,,,,,https://instagram.com/console_jihaz,,,,https://wa.me/77782659464,,,,,,,51.100142,71.401996,https://2gis.com/firm/70000001065515504,branch
Dara,мебельный цех,Мебель для кухни; Мебель на заказ; Корпусная мебель; Мебельные фасады; Мебель для ванных комнат; Детская мебель; Офисная мебель,"улица Сакена Сейфуллина, 47",31/2 бутик; 6 этаж,,,Байконыр район,Астана,,Астана,Казахстан,Пн: 10:00-20:00; Вт: 10:00-20:00; Ср: 10:00-20:00; Чт: 10:00-20:00; Пт: 10:00-20:00; Сб: 10:00-20:00; Вс: 10:00-20:00,+05:00,3.9,8,87012071316,87478030418,87075680584,,,,,,,,,https://wa.me/77478030418,https://wa.me/77075680584,https://wa.me/77012071316,,,,,51.172982,71.437433,https://2gis.com/firm/70000001064272730,branch
Delmax,салон мебели,Мебель для кухни; Мебель на заказ; Корпусная мебель; Детская мебель; Офисная мебель; Мягкая мебель; Мебельные магазины,"улица генерала Сабыра Ракымова, 22",2 этаж,,,Байконыр район,Астана,,Астана,Казахстан,Пн: 11:00-16:00; Вт: 11:00-16:00; Ср: 11:00-16:00; Чт: 11:00-16:00; Пт: 11:00-16:00; Сб: 10:00-15:00,+05:00,5.0,8,87053333415,,,,,,,https://instagram.com/delmax_mebel,,,,https://wa.me/77053333415,,,,,,,51.162858,71.438741,https://2gis.com/firm/70000001018133668,branch
Demal Design,,Мебель для кухни; Мягкая мебель,"улица Достык, 3",1 этаж,,,Есиль район,Астана,,Астана,Казахстан,Пн: 10:00-20:00; Вт: 10:00-20:00; Ср: 10:00-20:00; Чт: 10:00-20:00; Пт: 10:00-20:00; Сб: 10:00-20:00; Вс: 10:00-20:00,+05:00,5.0,31,87711946639,,,,,,,https://instagram.com/demal_design,,,,https://wa.me/77711946639,,,,,,,51.128696,71.420465,https://2gis.com/firm/70000001086715426,branch
Dero мебель,,Мебель для кухни; Мебель на заказ; Корпусная мебель; Детская мебель; Мебель для ванных комнат; Офисная мебель; Распиловка древесины,"проспект Абая, 54/3",,,,Байконыр район,Астана,,Астана,Казахстан,Пн: 10:00-24:00; Вт: 10:00-24:00; Ср: 10:00-24:00; Чт: 10:00-24:00; Пт: 10:00-24:00; Сб: 10:00-24:00; Вс: 10:00-24:00,+05:00,4.8,149,87763470717,87072210202,,,,,,https://instagram.com/dero_mebel,,,,https://wa.me/77763470717,,,,,,,51.170509,71.446027,https://2gis.com/firm/70000001098165930,branch
Dilas_mebel,,Мебель для кухни; Мебель на заказ; Детская мебель; Матрасы; Мебельные магазины; Мягкая мебель,"улица Достык, 3",B зал; 1 этаж,,,Есиль район,Астана,,Астана,Казахстан,Пн: 10:00-20:00; Вт: 10:00-20:00; Ср: 10:00-20:00; Чт: 10:00-20:00; Пт: 10:00-20:00; Сб: 10:00-20:00; Вс: 10:00-20:00,+05:00,4.9,36,87056567733,,,,,,,https://instagram.com/dilas_mebel,,,,https://wa.me/77056567733,,,,,,,51.128684,71.420883,https://2gis.com/firm/70000001065408327,branch
Din mebel Astana,,Мебель для кухни; Мебель на заказ; Корпусная мебель,"улица Бактыораза Бейсекбаева, 25/7",,,,Байконыр район,Астана,,Астана,Казахстан,Пн: 09:00-18:00; Вт: 09:00-18:00; Ср: 09:00-18:00; Чт: 09:00-18:00; Пт: 09:00-18:00; Сб: 09:00-18:00,+05:00,4.7,12,87086846977,87086846973,,,,,,https://instagram.com/din_mebel_astana,,,,https://wa.me/77086846977,,,,,,,51.173299,71.460523,https://2gis.com/firm/70000001104399635,branch
Divan Lider,мебельная компания,Мебель для кухни; Мягкая мебель; Мебель на заказ; Корпусная мебель; Матрасы; Детская мебель,"проспект Ракымжан Кошкарбаев, 15",,,,Алматы район,Астана,,Астана,Казахстан,Пн: 10:00-20:00; Вт: 10:00-20:00; Ср: 10:00-20:00; Чт: 10:00-20:00; Пт: 10:00-20:00; Сб: 10:00-20:00; Вс: 10:00-20:00,+05:00,4.6,290,87000913030,,,,,,,https://instagram.com/divan_lider_mebel,,,,https://wa.me/77000913030,,,,,,,51.12596,71.484595,https://2gis.com/firm/70000001077396847,branch
Divan_showroom,,Мебель для кухни; Мягкая мебель,"улица Шамши Калдаяков, 29",,,,Сарайшык район,Астана,,Астана,Казахстан,Пн: 10:00-20:00; Вт: 10:00-20:00; Ср: 10:00-20:00; Чт: 10:00-20:00; Пт: 10:00-20:00; Сб: 10:00-20:00; Вс: 10:00-20:00,+05:00,4.8,44,87074231437,,,,,,,https://instagram.com/divan_showroom,,,,https://wa.me/77074231437,,,,,,,51.112326,71.501706,https://2gis.com/firm/70000001065452191,branch
Dm Furniture,,Мебель для кухни; Мягкая мебель; Мебель для ванных комнат; Офисная мебель; Корпусная мебель,"проспект Акжол, 50",1 этаж,,,Байконыр район,Астана,,Астана,Казахстан,Пн: 10:00-20:00; Вт: 10:00-20:00; Ср: 10:00-20:00; Чт: 10:00-20:00; Сб: 10:00-20:00; Вс: 10:00-20:00,+05:00,5.0,9,87782477753,87771930613,,,,,,https://instagram.com/dm.furniture.kz,,,,https://wa.me/77782477753,https://wa.me/77771930613,,,,,,51.178085,71.469546,https://2gis.com/firm/70000001087738599,branch
Dolonait,мебельная фабрика,Мебель для кухни; Мебель на заказ; Корпусная мебель; Детская мебель; Офисная мебель; Мебель для ванных комнат,"улица Бактыораза Бейсекбаева, 29",,,,Байконыр район,Астана,,Астана,Казахстан,"Пн: 09:00-13:00, 14:00-20:00; Вт: 09:00-13:00, 14:00-20:00; Ср: 09:00-13:00, 14:00-20:00; Чт: 09:00-13:00, 14:00-20:00; Пт: 09:00-13:00, 14:00-20:00; Сб: 10:00-14:00",+05:00,4.3,16,87750717375,,,,,,,https://instagram.com/dolonait_mebel,,,,https://wa.me/77750717375,,,,,,,51.17398,71.461307,https://2gis.com/firm/70000001032323409,branch
Dos Mebel,,Мебель для кухни; Корпусная мебель; Матрасы; Мягкая мебель,"улица Сакена Сейфуллина, 47","15/2, 21/2, 55 место; 6 этаж",,,Байконыр район,Астана,,Астана,Казахстан,Пн: 10:00-19:00; Вт: 10:00-19:00; Ср: 10:00-19:00; Чт: 10:00-19:00; Пт: 10:00-19:00; Сб: 10:00-19:00; Вс: 10:00-19:00,+05:00,4.9,34,87066062628,87784298015,,,,,,https://instagram.com/dos___mebel,,,,https://wa.me/77066062628,https://wa.me/77784298015,,,,,,51.172982,71.437433,https://2gis.com/firm/70000001063855518,branch
El-Ganiyy,,Мебель для кухни; Мебельные магазины; Мягкая мебель; Мебель на заказ,"улица Айша биби, 11 стр",,,,,,Целиноградский район,Акмолинская область,Казахстан,Пн: 09:00-21:00; Вт: 09:00-21:00; Ср: 09:00-21:00; Чт: 09:00-21:00; Пт: 09:00-21:00; Сб: 09:00-21:00; Вс: 09:00-21:00,+05:00,5.0,17,87476873333,87000824042,,,,,,https://instagram.com/el_ganiyy_01,,,,https://wa.me/77476873333,https://wa.me/77000824042,,,,,,51.106277,71.211927,https://2gis.com/firm/70000001087512433,branch
Estetmebel,мебельная компания,Мебель для кухни; Корпусная мебель; Мебель на заказ; Детская мебель,"улица Тоныкок, 33",,,,,Косшы,Косшы городская администрация,Акмолинская область,Казахстан,Пн: 09:00-19:00; Вт: 09:00-19:00; Ср: 09:00-19:00; Чт: 09:00-19:00; Пт: 09:00-19:00; Сб: 09:00-19:00,+05:00,5.0,14,87019001931,,,,,,,https://instagram.com/estetmebel_,,,,https://wa.me/77019001931,,,,,,,50.967977,71.379753,https://2gis.com/firm/70000001024694216,branch
Eva Mebel,мебельный салон,Мебель для кухни; Мебель на заказ; Корпусная мебель; Детская мебель; Мебель для учебных учреждений; Мебельные магазины,"Александр Кравцов улица, 5/3",,,Целинный м-н,Байконыр район,Астана,,Астана,Казахстан,Пн: 10:00-19:00; Вт: 10:00-19:00; Ср: 10:00-19:00; Чт: 10:00-19:00; Пт: 10:00-19:00; Сб: 10:00-19:00,+05:00,5.0,30,87004348004,,,,,,,https://instagram.com/eva.mebel.astana,,,,https://wa.me/77004348004,,,,,,,51.15806,71.452932,https://2gis.com/firm/70000001018104225,branch
Exclusive-Damu,мебельный салон,Мебель для кухни; Мебель на заказ; Корпусная мебель,"улица Шокана Уалиханова, 24",311 бутик; 3 этаж,,,Байконыр район,Астана,,Астана,Казахстан,Пн: 10:00-21:00; Вт: 10:00-21:00; Ср: 10:00-21:00; Чт: 10:00-21:00; Пт: 10:00-21:00; Сб: 10:00-21:00; Вс: 10:00-21:00,+05:00,4.8,48,87017971011,87077777303,,,,,,https://instagram.com/mebel_tulpar,,,,https://wa.me/77017971011,https://wa.me/77077777303,,,,,,51.174567,71.438999,https://2gis.com/firm/70000001019405605,branch
Fabriq,салон фабричной мебели,Мебель для кухни; Корпусная мебель; Мебель на заказ,"улица Турар Рыскулов, 3",,,,Есиль район,Астана,,Астана,Казахстан,Пн: 10:00-18:00; Вт: 10:00-18:00; Ср: 10:00-18:00; Чт: 10:00-18:00; Пт: 10:00-18:00; Сб: 10:00-18:00; Вс: 10:00-18:00,+05:00,5.0,11,87477820828,,,,,,,https://instagram.com/fabriq_by,,,,https://wa.me/77477820828,,,,,,,51.086899,71.408119,https://2gis.com/firm/70000001082885061,branch
Family.kz,,Мебель для кухни; Корпусная мебель; Матрасы; Мягкая мебель,"улица Шокана Уалиханова, 24",205 бутик; 2 этаж,,,Байконыр район,Астана,,Астана,Казахстан,Пн: 10:00-21:00; Вт: 10:00-21:00; Ср: 10:00-21:00; Чт: 10:00-21:00; Пт: 10:00-21:00; Сб: 10:00-21:00; Вс: 10:00-21:00,+05:00,4.1,9,87783030226 (руководитель),87789210552 (менеджер),,,,,,https://instagram.com/family_mebel.kz,,,,,,,,,,,51.174567,71.438999,https://2gis.com/firm/70000001087009248,branch
Family.kz,,Мебель для кухни; Корпусная мебель; Матрасы; Мягкая мебель,"улица Жолымбетская, 43",5 этаж,,,Байконыр район,Астана,,Астана,Казахстан,Пн: 10:00-18:00; Вт: 10:00-18:00; Ср: 10:00-18:00; Чт: 10:00-18:00; Пт: 10:00-18:00; Сб: 10:00-18:00; Вс: 10:00-18:00,+05:00,3.9,14,87751717026 (менеджер),87783030226 (руководитель),,,,,,https://instagram.com/family_mebel.kz,,,,,,,,,,,51.199883,71.468133,https://2gis.com/firm/70000001087009179,branch
Ferdinand Wood,,Мебель для кухни; Мебель на заказ; Корпусная мебель; Офисная мебель,"улица Алихан Бокейхан, 29Б",НП: 9,,,Есиль район,Астана,,Астана,Казахстан,Пн: 10:00-18:00; Вт: 10:00-18:00; Ср: 10:00-18:00; Чт: 10:00-18:00; Пт: 10:00-18:00; Сб: 10:00-14:00,+05:00,5.0,14,87777985050,,,,,,,https://instagram.com/ferdinand_wood_kz,,,,https://wa.me/77777985050,,,,https://t.me/+77777985050,,,51.082654,71.429837,https://2gis.com/firm/70000001065547744,branch
Fiducia,,Мебель для кухни; Мебель на заказ; Корпусная мебель; Офисная мебель; Торгово-выставочное оборудование; Мебель для ванных комнат; Стеллажи и витрины,"улица Ыкылас Дукенулы, 31/2",2 цех; 1 этаж,,,Сарыарка район,Астана,,Астана,Казахстан,"Пн: 10:00-13:00, 14:00-20:00; Вт: 10:00-13:00, 14:00-20:00; Ср: 10:00-13:00, 14:00-20:00; Чт: 10:00-13:00, 14:00-20:00; Пт: 10:00-13:00, 14:00-20:00; Сб: 10:00-13:00, 14:00-20:00; Вс: 10:00-13:00, 14:00-20:00 (по предварительной записи)",+05:00,4.9,47,87059708674,,,,,,,https://instagram.com/fiducia.business,,,,https://wa.me/77059708674,,,,,,,51.183004,71.435401,https://2gis.com/firm/70000001089528191,branch
Full house,,Мебель для кухни; Мебель на заказ; Корпусная мебель,"проспект Туран, 53в",3 этаж,,,Нура район,Астана,,Астана,Казахстан,Пн: 10:00-21:00; Вт: 10:00-21:00; Ср: 10:00-21:00; Чт: 10:00-21:00; Пт: 10:00-21:00; Сб: 10:00-21:00; Вс: 10:00-21:00,+05:00,4.1,54,87087264303,87001001180,,,,,,https://instagram.com/full_house.kz,,,,https://wa.me/77087264303,,,,,,,51.116986,71.398385,https://2gis.com/firm/70000001065322706,branch
Furnico,,Мебель для кухни; Мебельная фурнитура; Герметики и клеи; Сантехника; Облицовочные материалы для мебели,"улица Бактыораза Бейсекбаева, 23/1",1 этаж,,,Байконыр район,Астана,,Астана,Казахстан,Пн: 09:00-20:00; Вт: 09:00-20:00; Ср: 09:00-20:00; Чт: 09:00-20:00; Пт: 09:00-20:00; Сб: 09:00-20:00; Вс: 11:00-18:00,+05:00,4.7,9,87013457715,87074577664,,,,,,https://instagram.com/furnico_astana,,,,,,,,,,,51.172632,71.460076,https://2gis.com/firm/70000001089676534,branch
Furnicom.kz,,Мебель для кухни; Мебель на заказ; Корпусная мебель,"улица Евгения Брусиловского, 21",1 этаж,,,Байконыр район,Астана,,Астана,Казахстан,"Пн: 09:00-13:00, 14:00-18:00; Вт: 09:00-13:00, 14:00-18:00; Ср: 09:00-13:00, 14:00-18:00; Чт: 09:00-13:00, 14:00-18:00; Пт: 09:00-13:00, 14:00-18:00; Сб: 09:00-13:00, 14:00-18:00",+05:00,4.5,6,87016831418,87028602086,,,,,,https://instagram.com/furnicom.kz,,,,https://wa.me/77016831418,https://wa.me/77028602086,,,,,,51.170554,71.462803,https://2gis.com/firm/70000001055686246,branch
Futurist,компания по продаже стульев,Мебель для кухни; Мебель для общественного питания; Мягкая мебель; Офисная мебель; Мебель на заказ,"Аль-Фараби проспект, 21/1",3 офис,,,Есиль район,Астана,,Астана,Казахстан,Пн: 10:00-18:00; Вт: 10:00-18:00; Ср: 10:00-18:00; Чт: 10:00-18:00; Пт: 10:00-18:00; Сб: 10:00-18:00; Вс: 10:00-18:00 (по предварительной записи),+05:00,4.6,29,87015309870,87476045023,,,,,,https://instagram.com/futurist.kz,,,,https://wa.me/77476045023,,,,,,,51.09209,71.447461,https://2gis.com/firm/70000001059726250,branch
Gaik Furniture,,Мебель для кухни; Мебель на заказ; Офисная мебель; Корпусная мебель; Мебель для ванных комнат,"улица Ер Косай, 22",напротив M-service,,Юго-Восток (правая сторона) ж/м,Алматы район,Астана,,Астана,Казахстан,"Пн: 10:00-13:00, 14:00-18:00; Вт: 10:00-13:00, 14:00-18:00; Ср: 10:00-13:00, 14:00-18:00; Чт: 10:00-13:00, 14:00-18:00; Пт: 10:00-13:00, 14:00-18:00; Сб: 10:00-14:00",+05:00,5.0,6,87770352322,,,,,,,https://instagram.com/gaik_furniture,,,,https://wa.me/77770352322,,,,,,,51.143688,71.505837,https://2gis.com/firm/70000001094392567,branch
Gala_divan_stol,,Мебель для кухни; Мягкая мебель; Мебельные магазины; Корпусная мебель,"улица Жолымбетская, 43",5 этаж,,,Байконыр район,Астана,,Астана,Казахстан,Пн: 10:00-20:00; Вт: 10:00-20:00; Ср: 10:00-20:00; Чт: 10:00-20:00; Пт: 10:00-20:00; Сб: 10:00-20:00; Вс: 10:00-20:00,+05:00,4.9,26,87022461895,,,,,,,https://instagram.com/gala_divan_stol,,,,https://wa.me/77022461895,,,,,,,51.199883,71.468133,https://2gis.com/firm/70000001068416065,branch
garand_mebel_group,,Мебель для кухни; Мебель на заказ; Корпусная мебель,,,,,,Астана,,Астана,Казахстан,Пн: 00:00-24:00; Вт: 00:00-24:00; Ср: 00:00-24:00; Чт: 00:00-24:00; Пт: 00:00-24:00; Сб: 00:00-24:00; Вс: 00:00-24:00 (по предварительной записи),+05:00,3.1,48,87077740447,,,,,,,https://instagram.com/garant_mebel_group,,,,https://wa.me/77077740447,,,,,,,,,https://2gis.com/firm/70000001100605311,branch
Garant_divan01,мебельная компания,Мебель для кухни; Мягкая мебель,"улица Жумекен Нажимеденов, 15",,,,Сарайшык район,Астана,,Астана,Казахстан,Пн: 10:00-20:00; Вт: 10:00-20:00; Ср: 10:00-20:00; Чт: 10:00-20:00; Пт: 10:00-20:00; Сб: 10:00-20:00; Вс: 10:00-20:00,+05:00,5.0,15,87776925052,,,,,,,https://instagram.com/garant_divan01,,,,https://wa.me/77776925052,,,,,,,51.113878,71.511739,https://2gis.com/firm/70000001113811748,branch
Gold mebel,мебельная компания,Мебель для кухни; Корпусная мебель; Детская мебель; Офисная мебель; Распиловка древесины; Мебельные фасады; Мебель на заказ,"Альмукан Сембинов улица, 13",1 этаж,,,Байконыр район,Астана,,Астана,Казахстан,Пн: 10:00-19:00; Вт: 10:00-19:00; Ср: 10:00-19:00; Чт: 10:00-19:00; Пт: 10:00-19:00; Сб: 10:00-19:00; Вс: 10:00-19:00,+05:00,4.9,15,87089090031,,,,,,,https://instagram.com/gold_mebel__astana,,,,https://wa.me/77089090031,,,,,,,51.171325,71.451294,https://2gis.com/firm/70000001076587534,branch
Grand divan,магазин мягкой мебели,Мебель для кухни; Мягкая мебель; Мебельные магазины,"проспект Бауыржан Момышулы, 28/12Б",,,Юго-Восток (правая сторона) ж/м,Алматы район,Астана,,Астана,Казахстан,Пн: 10:00-20:00; Вт: 10:00-20:00; Ср: 10:00-20:00; Чт: 10:00-20:00; Пт: 10:00-20:00; Сб: 10:00-20:00; Вс: 10:00-20:00,+05:00,3.8,12,87789948824,,,,,,,https://instagram.com/grand_divan01,,,,https://wa.me/77789948824,,,,,,,51.146323,71.501418,https://2gis.com/firm/70000001083496555,branch
Grand_mebel.astana,,Мебель для кухни; Мебель на заказ; Корпусная мебель; Офисная мебель; Мебель для ванных комнат; Детская мебель; Ремонт мебели,"улица Алихан Бокейхан, 16/3",,,,Есиль район,Астана,,Астана,Казахстан,Пн: 09:00-21:00; Вт: 09:00-21:00; Ср: 09:00-21:00; Чт: 09:00-21:00; Пт: 09:00-21:00; Сб: 09:00-21:00; Вс: 09:00-21:00,+05:00,5.0,15,87780411339,87008552776,,,,,,https://instagram.com/grand_mebel.astana,,,,https://wa.me/77780411339,,,,,,,51.104908,71.43284,https://2gis.com/firm/70000001063905135,branch
GrandMaster,мебельная компания,Мебель для кухни; Мебель на заказ; Корпусная мебель; Мягкая мебель; Детская мебель; Офисная мебель,"улица Толе би, 50",,,,Нура район,Астана,,Астана,Казахстан,Пн: 10:00-19:00; Вт: 10:00-19:00; Ср: 10:00-19:00; Чт: 10:00-19:00; Пт: 10:00-19:00; Сб: 10:00-19:00; Вс: 10:00-19:00,+05:00,4.8,10,87011907407,,,,,,,https://instagram.com/grandmaster_mebel,,,,https://wa.me/77011907407,,,,,,,51.132851,71.397912,https://2gis.com/firm/70000001088979074,branch
Home mebel,мебельный салон,Мебель для кухни; Мягкая мебель; Корпусная мебель; Офисная мебель,"улица Кайым Мухамедханов, 8",,,,Нура район,Астана,,Астана,Казахстан,Пн: 10:00-17:00; Вт: 10:00-17:00; Ср: 10:00-17:00; Чт: 10:00-17:00; Пт: 10:00-17:00; Сб: 10:00-17:00; Вс: 10:00-17:00,+05:00,4.6,14,87084185828,87023465042,,,,,,https://instagram.com/home_mebel_astana_,,,,https://wa.me/77084185828,https://wa.me/77023465042,,,,,,51.140312,71.382221,https://2gis.com/firm/70000001088192882,branch
House Interiors,салон мебели,Мебель для кухни; Мягкая мебель; Садово-парковая мебель,,,,,,Астана,,Астана,Казахстан,Пн: 10:00-17:00; Вт: 10:00-17:00; Ср: 10:00-17:00; Чт: 10:00-17:00; Пт: 10:00-17:00,+05:00,4.3,6,87788088171,,,,,,,https://instagram.com/house.interiors.kz,,,,https://wa.me/77788088171,,,,,,,,,https://2gis.com/firm/70000001055314305,branch
Hygge.mebel,,Мебель для кухни; Мебель на заказ; Корпусная мебель; Офисная мебель; Детская мебель,"улица Сагадат Нурмагамбетов, 27/1",,,,Сарайшык район,Астана,,Астана,Казахстан,"Пн: 10:00-13:00, 14:00-19:00; Вт: 10:00-13:00, 14:00-19:00; Ср: 10:00-13:00, 14:00-19:00; Чт: 10:00-13:00, 14:00-19:00; Пт: 10:00-13:00, 14:00-19:00; Сб: 10:00-13:00, 14:00-17:00 (по предварительной записи)",+05:00,5.0,10,87064261044,,,,,,,https://instagram.com/hygge.mebel,,,,https://wa.me/77064261044,,,,https://t.me/hyggem,,,51.12071,71.482282,https://2gis.com/firm/70000001077759425,branch
ID Group,,Мебель для кухни; Дизайн интерьеров; Архитектурное проектирование; Мебель на заказ; Детская мебель; Корпусная мебель; Мебель для ванных комнат; Офисная мебель; Проектирование инженерных систем; Ремонт мебели; Ремонт помещений,"улица Тарас Шевченко, 4/1",512 офис; 5 этаж,,,Сарыарка район,Астана,,Астана,Казахстан,Пн: 10:00-18:00; Вт: 10:00-18:00; Ср: 10:00-18:00; Чт: 10:00-18:00; Пт: 10:00-18:00; Сб: 10:00-18:00; Вс: 10:00-18:00,+05:00,4.6,11,87064304476,,,,,,,https://instagram.com/id_group_astana,,,,https://wa.me/77064304476,,,,https://t.me/+77064304476,,,51.160607,71.402911,https://2gis.com/firm/70000001060802997,branch
Idea House,,Мебель для кухни; Мебель на заказ; Детская мебель; Офисная мебель; Корпусная мебель,"Бухар жырау улица, 19",,,,Есиль район,Астана,,Астана,Казахстан,Пн: 10:00-18:00; Вт: 10:00-18:00; Ср: 10:00-18:00; Чт: 10:00-18:00; Пт: 10:00-18:00; Сб: 10:00-18:00; Вс: 10:00-18:00,+05:00,3.9,7,87474767087,,,,,,,,,,,https://wa.me/77474767087,,,,,,,51.100672,71.425947,https://2gis.com/firm/70000001042674154,branch
Ideal mebel,,Мебель для кухни; Мебельная фурнитура; Мебель на заказ; Корпусная мебель; Офисная мебель; Мебельные ткани; Мягкая мебель,"улица Туркестан, 10",18 бутик; цокольный этаж; вход в Korkem center,,,Есиль район,Астана,,Астана,Казахстан,Пн: 11:00-19:30; Вт: 11:00-19:30; Ср: 11:00-19:30; Чт: 11:00-19:30; Пт: 11:00-19:30; Сб: 11:00-19:30; Вс: 11:00-19:30,+05:00,4.8,25,87755687150,,,,,,,https://instagram.com/ideal_mebel_astana,,,,https://wa.me/77755687150,,,,,,,51.111071,71.426133,https://2gis.com/firm/70000001090610937,branch
Ideal_mebel.ast,мебельная компания,Мебель для кухни; Мебель на заказ; Корпусная мебель; Детская мебель; Офисная мебель,"Керей, Жанибек хандар улица, 22",цокольный этаж; вход со стороны ул. Туркестан,,,Есиль район,Астана,,Астана,Казахстан,Пн: 10:00-20:00; Вт: 10:00-20:00; Ср: 10:00-20:00; Чт: 10:00-20:00; Пт: 10:00-20:00; Сб: 10:00-20:00; Вс: 10:00-20:00,+05:00,2.4,13,87076290505,,,,,,,https://instagram.com/ideal_mebel.ast,,,,https://wa.me/77076290505,,,,,,,51.112313,71.426721,https://2gis.com/firm/70000001101251261,branch
Ilyaspromebel,,Мебель для кухни; Мебель на заказ; Корпусная мебель,"улица Александра Пушкина, 27/4",,,,Байконыр район,Астана,,Астана,Казахстан,Пн: 09:00-18:00; Вт: 09:00-18:00; Ср: 09:00-18:00; Чт: 09:00-18:00; Пт: 09:00-18:00; Сб: 09:00-18:00,+05:00,5.0,9,87078554831,,,,,,,https://instagram.com/ilyaspromebel,,,,https://wa.me/77078554831,,,,,,,51.16642,71.473037,https://2gis.com/firm/70000001082057707,branch
Inkomebel,,Мебель для кухни; Мебель на заказ; Корпусная мебель,"Альмукан Сембинов улица, 27",3 офис; 1 этаж,,,Байконыр район,Астана,,Астана,Казахстан,Пн: 09:00-20:00; Вт: 09:00-20:00; Ср: 09:00-20:00; Чт: 09:00-20:00; Пт: 09:00-20:00; Сб: 09:00-20:00; Вс: 09:00-20:00 (по предварительной записи),+05:00,5.0,44,87026720498,,,,,,,https://instagram.com/inkomebel,,,,https://wa.me/77026720498,,,,,,,51.176312,71.454994,https://2gis.com/firm/70000001052441983,branch
Intera,,Мебель для кухни; Мебель на заказ; Корпусная мебель; Мягкая мебель,"улица Жошы хан, 14/1",НП: 25,,,Есиль район,Астана,,Астана,Казахстан,Пн: 09:00-20:00; Вт: 09:00-20:00; Ср: 09:00-20:00; Чт: 09:00-20:00; Пт: 09:00-20:00; Сб: 09:00-20:00; Вс: 09:00-20:00 (по предварительной записи),+05:00,4.2,9,87711614141,,,,,,,https://instagram.com/intera_mebel_astana,,,,https://wa.me/77711614141,,,,,,,51.103206,71.441417,https://2gis.com/firm/70000001094431334,branch
Interio,,Мебель для кухни; Мебель на заказ; Корпусная мебель; Мебель для ванных комнат,"Мукан Тулебаев улица, 25",,,Промышленный ж/м,Сарайшык район,Астана,,Астана,Казахстан,Пн: 10:00-18:00; Вт: 10:00-18:00; Ср: 10:00-18:00; Чт: 10:00-18:00; Пт: 10:00-18:00; Сб: 10:00-18:00; Вс: 10:00-18:00,+05:00,4.9,21,87786679199,87072024474,,,,,,https://instagram.com/interio.astana,,,,https://wa.me/77786679199,,,,,,,51.134223,71.529589,https://2gis.com/firm/70000001082644596,branch
Interwood Kazakhstan,,Мебель для кухни; Мебель на заказ; Корпусная мебель; Мебель для ванных комнат,"проспект Тауелсиздик, 34/2",44 офис; 2 этаж,,,Алматы район,Астана,,Астана,Казахстан,"Пн: 09:00-13:00, 14:00-18:00; Вт: 09:00-13:00, 14:00-18:00; Ср: 09:00-13:00, 14:00-18:00; Чт: 09:00-13:00, 14:00-18:00; Пт: 09:00-13:00, 14:00-18:00",+05:00,5.0,20,87475737925,,,,,,,https://instagram.com/interwood_kazakhstan,,,,https://wa.me/77475737925,,,,,,,51.138538,71.467498,https://2gis.com/firm/70000001057271697,branch
Iwoodmebel,,Мебель для кухни; Мебель на заказ; Мягкая мебель; Корпусная мебель,"шоссе Алаш, 26/4",,,,Байконыр район,Астана,,Астана,Казахстан,Пн: 10:00-20:00; Вт: 10:00-20:00; Ср: 10:00-20:00; Чт: 10:00-20:00; Пт: 10:00-20:00; Сб: 10:00-20:00; Вс: 10:00-20:00,+05:00,4.3,6,87056357647,87760977000,,,,,,https://instagram.com/iwoodmebel,,,,https://wa.me/77760977000,https://wa.me/77056357647,,,,,,51.197174,71.478646,https://2gis.com/firm/70000001094276424,branch
Izi__home,цех,Мебель для кухни; Мягкая мебель; Офисная мебель; Мебель для общественного питания; Мебель на заказ; Бескаркасная мебель,"улица Конституции, 15а",2 этаж,,Агрогородок м-н,Сарыарка район,Астана,,Астана,Казахстан,Пн: 10:00-19:00; Вт: 10:00-19:00; Ср: 10:00-19:00; Чт: 10:00-19:00; Пт: 10:00-19:00; Сб: 10:00-18:00; Вс: 10:00-18:00,+05:00,4.6,13,87777720777,87076997072,,,,,,https://instagram.com/izi__home,,,,https://wa.me/77777720777,https://wa.me/77076997072,,,https://t.me/+77777720777,,,51.195447,71.394523,https://2gis.com/firm/70000001072920808,branch
Jihaz Lux,,Мебель для кухни; Мягкая мебель; Корпусная мебель; Мебельные магазины,"шоссе Коргалжын, 13/3",2 этаж,,,Нура район,Астана,,Астана,Казахстан,Пн: 10:00-20:00; Вт: 10:00-20:00; Ср: 10:00-20:00; Чт: 10:00-20:00; Пт: 10:00-20:00; Сб: 10:00-20:00; Вс: 10:00-20:00,+05:00,4.2,11,87753953558,,,,,,,https://instagram.com/_jihaz_lux,,,,https://wa.me/77753953558,,,,,,,51.147176,71.381002,https://2gis.com/firm/70000001084071622,branch
Jihaz_o1,мебельная компания,Мебель для кухни; Мебель на заказ; Корпусная мебель; Детская мебель; Офисная мебель,"улица Александр Герцен, 32",,,,Сарыарка район,Астана,,Астана,Казахстан,Пн: 10:00-20:00; Вт: 10:00-20:00; Ср: 10:00-20:00; Чт: 10:00-20:00; Пт: 10:00-20:00; Сб: 10:00-20:00,+05:00,5.0,13,87009629816,,,,,,,https://instagram.com/jihaz_o1,,,,https://wa.me/77009629816,,,,,,,51.203775,71.373147,https://2gis.com/firm/70000001092731361,branch
Kaz Mebel Astana,,Мебель для кухни; Мебель на заказ; Корпусная мебель; Мягкая мебель,"переулок Куляш Байсеитовой, 8",,,,Сарыарка район,Астана,,Астана,Казахстан,Пн: 10:00-20:00; Вт: 10:00-20:00; Ср: 10:00-20:00; Чт: 10:00-20:00; Пт: 10:00-20:00; Сб: 10:00-20:00,+05:00,3.7,9,87014731092,87052645750,,,,,,,,,,https://wa.me/77014731092,https://wa.me/77052645750,,,,,,51.196428,71.359811,https://2gis.com/firm/70000001044678603,branch
Kazakh_mebel1,мебельная компания,Мебель для кухни; Мебель на заказ; Корпусная мебель; Детская мебель; Офисная мебель,"Альмукан Сембинов улица, 36/3",,,,Байконыр район,Астана,,Астана,Казахстан,Пн: 10:00-19:00; Вт: 10:00-19:00; Ср: 10:00-19:00; Чт: 10:00-19:00; Пт: 10:00-19:00; Сб: 10:00-19:00,+05:00,4.9,18,87081044736,,,,,,,https://instagram.com/kazakh_mebel1,,,,https://wa.me/77081044736,,,,,,,51.177513,71.458124,https://2gis.com/firm/70000001103496991,branch
Kazopt,склад,Мебель для кухни; Бытовая техника; Посуда; Средства радиосвязи,"улица Шаймерден Косшыгулулы, 20",цокольный этаж; вход с ул. Косшыгулулы,,,Сарыарка район,Астана,,Астана,Казахстан,Пн: 10:00-20:00; Вт: 10:00-20:00; Ср: 10:00-20:00; Чт: 10:00-20:00; Пт: 10:00-20:00; Сб: 10:00-20:00; Вс: 10:00-20:00,+05:00,5.0,5,87472260105,,,,,,,https://instagram.com/kazopt01,,,,https://wa.me/77472260105,,,,,,,51.172179,71.380919,https://2gis.com/firm/70000001088139601,branch
Kelebek,салон мебели,Мебель для кухни; Мягкая мебель; Корпусная мебель; Мебель на заказ; Детская мебель; Матрасы; Мебельные магазины,"проспект Туран, 53в",3 этаж,,,Нура район,Астана,,Астана,Казахстан,Пн: 10:00-22:00; Вт: 10:00-22:00; Ср: 10:00-22:00; Чт: 10:00-22:00; Пт: 10:00-22:00; Сб: 10:00-22:00; Вс: 10:00-22:00,+05:00,4.9,9,87012125940,,,,,,,https://instagram.com/kelebekkazakhstan,,,,https://wa.me/77012125940,,,,,,,51.116747,71.399504,https://2gis.com/firm/70000001102000217,branch
Ken,мебельный цех,"Мебель для кухни; Мебель на заказ; Распиловка древесины; Мебельные фасады; ЛДСП, ДВПО, МДФ; Корпусная мебель","улица Шары Жиенкуловой, 18/7",,,,Байконыр район,Астана,,Астана,Казахстан,Пн: 10:00-19:00; Вт: 10:00-19:00; Ср: 10:00-19:00; Чт: 10:00-19:00; Пт: 10:00-19:00; Сб: 10:00-19:00 (по предварительной записи),+05:00,5.0,36,87013429272,,,,,,,https://instagram.com/mebelken,,,,https://wa.me/77013429272,,,,,,,51.18127,71.450572,https://2gis.com/firm/70000001059269607,branch
Keń Jihaz,цех по изготовлению мебели,Мебель для кухни; Мебель на заказ; Корпусная мебель; Мебель для ванных комнат; Мебель для салонов красоты; Мебель для общественного питания; Мебель для учебных учреждений; Мебель для культурно-досуговых учреждений,"улица Берел, 25",,,,Сарыарка район,Астана,,Астана,Казахстан,Пн: 10:00-22:00; Вт: 10:00-22:00; Ср: 10:00-22:00; Чт: 10:00-22:00; Пт: 10:00-22:00; Сб: 10:00-22:00,+05:00,4.6,17,87085441207,,,,,,,https://instagram.com/ken_jihaz01,,,,https://wa.me/77085441207,,,,,,,51.17916,71.394088,https://2gis.com/firm/70000001105119850,branch
Khan Mebel,мебельная компания,Мебель для кухни; Мебель на заказ; Корпусная мебель; Детская мебель,"улица Ыкылас Дукенулы, 31/2",,,,Сарыарка район,Астана,,Астана,Казахстан,Пн: 10:00-20:00; Вт: 10:00-20:00; Ср: 10:00-20:00; Чт: 10:00-20:00; Пт: 10:00-20:00; Сб: 10:00-15:00,+05:00,5.0,30,87001116291,,,,,,,https://instagram.com/khan_mebel.kz,,,,https://wa.me/77001116291,,,,,,,51.183004,71.435401,https://2gis.com/firm/70000001102661573,branch
komfort_mebel_astana.kz,,Мебель для кухни; Мебель на заказ; Офисная мебель; Корпусная мебель; Сборка мебели; Мебель для ванных комнат; Детская мебель,,,,,,Астана,,Астана,Казахстан,Пн: 09:00-20:00; Вт: 09:00-20:00; Ср: 09:00-20:00; Чт: 09:00-20:00; Пт: 09:00-20:00; Сб: 09:00-20:00; Вс: 09:00-20:00,+05:00,3.7,12,87077399730,,,,,,,,,,,https://wa.me/77077399730,,,,,,,,,https://2gis.com/firm/70000001095533659,branch
Kuka home,мебельная компания,Мебель для кухни; Корпусная мебель; Мягкая мебель; Детская мебель; Матрасы,"улица Шокана Уалиханова, 24",110 бутик; 1 этаж,,,Байконыр район,Астана,,Астана,Казахстан,Пн: 10:00-21:00; Вт: 10:00-21:00; Ср: 10:00-21:00; Чт: 10:00-21:00; Пт: 10:00-21:00; Сб: 10:00-21:00; Вс: 10:00-21:00,+05:00,4.8,15,87786032206,,,,,,,https://instagram.com/kukahome.astana.karaganda,,,,https://wa.me/77786032206,,,,,,,51.174567,71.438999,https://2gis.com/firm/70000001097840942,branch
La_furniture.ast,мебельная компания,Мебель для кухни; Мебель на заказ; Корпусная мебель; Детская мебель; Офисная мебель,"улица Жумекен Нажимеденов, 37",,,,Сарайшык район,Астана,,Астана,Казахстан,Пн: 10:00-17:00; Вт: 10:00-17:00; Ср: 10:00-17:00; Чт: 10:00-17:00; Пт: 10:00-17:00,+05:00,5.0,34,87769262999,,,,,,,https://instagram.com/la_group.ast,,,,https://wa.me/77769262999,,,,,,,51.109236,71.539146,https://2gis.com/firm/70000001080752774,branch
Lemod,мебельное ателье,Мебель для кухни; Мебель на заказ; Корпусная мебель; Офисная мебель; Детская мебель,"улица Сагадат Нурмагамбетов, 27",НП: 7,,,Сарайшык район,Астана,,Астана,Казахстан,"Пн: 10:00-13:00, 14:00-19:00; Вт: 10:00-13:00, 14:00-19:00; Ср: 10:00-13:00, 14:00-19:00; Чт: 10:00-13:00, 14:00-19:00; Пт: 10:00-13:00, 14:00-19:00; Сб: 10:00-13:00, 14:00-19:00",+05:00,5.0,11,87771023322,,,,,,,https://instagram.com/lemod_astana,,,,https://wa.me/77771023322,,,,,,,51.120776,71.484882,https://2gis.com/firm/70000001087627404,branch
LeoMebel,,Мебель для кухни; Мебель на заказ; Корпусная мебель,"Альмукан Сембинов улица, 27 ст1",,,,Байконыр район,Астана,,Астана,Казахстан,"Пн: 10:00-13:00, 14:00-20:00; Вт: 10:00-13:00, 14:00-20:00; Ср: 10:00-13:00, 14:00-20:00; Чт: 10:00-13:00, 14:00-20:00; Пт: 10:00-13:00, 14:00-20:00; Сб: 11:00-13:00, 14:00-15:00",+05:00,4.8,17,87715905270,,,,,,,https://instagram.com/leomebel.kz,,,,https://wa.me/77715905270,,,,,,,51.17654,71.454407,https://2gis.com/firm/70000001102752736,branch
Lineo,мебельная компания,Мебель для кухни; Мебель на заказ; Корпусная мебель,"улица Ыкылас Дукенулы, 25/1",,,,Сарыарка район,Астана,,Астана,Казахстан,Пн: 09:00-19:30; Вт: 09:00-19:30; Ср: 09:00-19:30; Чт: 09:00-19:30; Пт: 09:00-19:30; Сб: 09:00-19:30,+05:00,5.0,29,87001112480,,,leo.lineo@mail.ru,,,,https://instagram.com/lineo.mebel.kz,,,,https://wa.me/77001112480,,,,,,,51.181032,71.430355,https://2gis.com/firm/70000001099074313,branch
Loft_Svarka_Astana,,Мебель для кухни; Сварочные работы; Корпусная мебель; Мебель на заказ; Детская мебель; Мягкая мебель; Офисная мебель; Металлообработка; Металлоконструкции для строительства; Мебель для ванных комнат; Ремонт мебели; Промышленное строительство; Быстровозводимые здания,"переулок Жетисай, 66",,,,Байконыр район,Астана,,Астана,Казахстан,Пн: 00:00-24:00; Вт: 00:00-24:00; Ср: 00:00-24:00; Чт: 00:00-24:00; Пт: 00:00-24:00; Сб: 00:00-24:00; Вс: 00:00-24:00 (по предварительному звонку),+05:00,5.0,28,87085499070,,,,,,,https://instagram.com/loft_svarka_astana,,,,https://wa.me/77773080870,,,,https://t.me/+77773080870,,,51.211144,71.376795,https://2gis.com/firm/70000001089079079,branch
LoftPro,цех сварочных работ и изготовлению лофт мебели и металлоконструкции,Мебель для кухни; Мебель на заказ; Сварочные работы; Металлоконструкции для строительства; Заборы и ограждения; Металлоизделия; Металлообработка; Офисная мебель; Ремонт мебели; Мебель для ванных комнат,"улица Таскескен, 69",,,Юго-Восток (правая сторона) ж/м,Алматы район,Астана,,Астана,Казахстан,Пн: 08:00-20:00; Вт: 08:00-20:00; Ср: 08:00-20:00; Чт: 08:00-20:00; Пт: 08:00-20:00; Сб: 08:00-20:00; Вс: 08:00-20:00 (по предварительной записи),+05:00,5.0,20,87711157967,,,,,,,https://instagram.com/loftpro.kz,,,,https://wa.me/77711157967,,,,,,,51.136233,71.504403,https://2gis.com/firm/70000001100095297,branch
lumahome astana,,Мебель для кухни; Мебель на заказ; Мягкая мебель,"улица Жолымбетская, 43",5 этаж,,,Байконыр район,Астана,,Астана,Казахстан,Пн: 10:00-20:00; Вт: 10:00-20:00; Ср: 10:00-20:00; Чт: 10:00-20:00; Пт: 10:00-20:00; Сб: 10:00-20:00; Вс: 10:00-20:00,+05:00,4.1,8,87089249522,,,,,,,https://instagram.com/lumahome.astana,,,,https://wa.me/77089249522,,,,,,,51.199883,71.468133,https://2gis.com/firm/70000001101229963,branch
Lux Mebeli 01,,Мебель для кухни; Мягкая мебель; Мебельные магазины; Мебель на заказ,"улица Куляш Байсеитовой, 67",,,Агрогородок м-н,Сарыарка район,Астана,,Астана,Казахстан,Пн: 09:00-24:00; Вт: 09:00-24:00; Ср: 09:00-24:00; Чт: 09:00-24:00; Пт: 09:00-24:00; Сб: 09:00-24:00; Вс: 09:00-24:00,+05:00,4.5,17,87056654187,,,,,,,https://instagram.com/lux.mebel01,,,,https://wa.me/77056654187,,,,,,,51.189217,71.385428,https://2gis.com/firm/70000001091194969,branch
Makam,мебельная фабрика,Мебель для кухни; Мебель на заказ; Корпусная мебель; Офисная мебель; Детская мебель; Мебель для учебных учреждений; Мебельные фасады; Распиловка древесины; Стеллажи и витрины,"улица Жолымбетская, 20Б",,,,Байконыр район,Астана,,Астана,Казахстан,Пн: 10:00-19:00; Вт: 10:00-19:00; Ср: 10:00-19:00; Чт: 10:00-19:00; Пт: 10:00-19:00; Сб: 10:00-19:00,+05:00,4.8,346,87759495555,,,,,,,https://instagram.com/makam.kz,,,,https://wa.me/77759495555,,,,,,,51.196442,71.462758,https://2gis.com/firm/70000001068540219,branch
Mark Mebel,мебельная компания,Мебель для кухни; Мебель на заказ; Корпусная мебель; Детская мебель; Офисная мебель,"Е-15 улица, 9/2",,,,Нура район,Астана,,Астана,Казахстан,Пн: 10:00-20:00; Вт: 10:00-20:00; Ср: 10:00-20:00; Чт: 10:00-20:00; Пт: 10:00-20:00; Сб: 10:00-20:00; Вс: 10:00-20:00,+05:00,5.0,32,87059535578,87471231998,87787417593,,,,,https://instagram.com/mark__mebel,,,,https://wa.me/77059535578,,,,,,,51.127733,71.36794,https://2gis.com/firm/70000001110079473,branch
Mart Mebel,мебельная компания,Мебель для кухни; Мебель на заказ; Корпусная мебель; Мебель для ванных комнат,"проспект Мангилик Ел, 51/4",,,,Есиль район,Астана,,Астана,Казахстан,Пн: 09:00-18:00; Вт: 09:00-18:00; Ср: 09:00-18:00; Чт: 09:00-18:00; Пт: 09:00-18:00; Сб: 09:00-18:00; Вс: 09:00-18:00,+05:00,5.0,20,87071726011,,,,,,,https://instagram.com/martmebe.l,,,,https://wa.me/77071726011,,,,,,,51.094215,71.423121,https://2gis.com/firm/70000001095139576,branch
MaryArt,,Мебель для кухни; Мебель на заказ; Корпусная мебель,"улица Достык, 3",12 бутик; 1 этаж,,,Есиль район,Астана,,Астана,Казахстан,Пн: 10:00-20:00; Вт: 10:00-20:00; Ср: 10:00-20:00; Чт: 10:00-20:00; Пт: 10:00-20:00; Сб: 10:00-20:00; Вс: 10:00-20:00,+05:00,4.1,9,87756090451,,,,,,,https://instagram.com/maryart.kz,,,,https://wa.me/77756090451,,,,,,,51.128151,71.420088,https://2gis.com/firm/70000001074568043,branch
Mebel Hasi,,Мебель для кухни; Мебель на заказ; Корпусная мебель,"улица Каныш Сатпаев, 3",цокольный этаж,,2 м-н,Алматы район,Астана,,Астана,Казахстан,Пн: 11:00-19:00; Вт: 11:00-19:00; Ср: 11:00-19:00; Чт: 11:00-19:00; Пт: 11:00-19:00; Сб: 11:00-19:00; Вс: 11:00-19:00,+05:00,4.9,21,87712059545,,,,,,,https://instagram.com/mebel_hasi,,,,https://wa.me/77712059545,,,,,,,51.151982,71.467563,https://2gis.com/firm/70000001080130378,branch
Mebel Style Group,,Мебель для кухни; Мебель на заказ; Мебель для общественного питания; Мебель для учебных учреждений; Мебель для культурно-досуговых учреждений; Мебель для салонов красоты; Металлическая мебель; Офисная мебель,"улица Жанажол, 4/3",,,,Байконыр район,Астана,,Астана,Казахстан,Пн: 10:00-20:00; Вт: 10:00-20:00; Ср: 10:00-20:00; Чт: 10:00-20:00; Пт: 10:00-20:00; Сб: 10:00-20:00,+05:00,5.0,24,87024050651,87774009979,,,,,,https://instagram.com/mebel_style_group_kz,,,,https://wa.me/77774009979,https://wa.me/77024050651,,,,,,51.189149,71.438264,https://2gis.com/firm/70000001052478876,branch
Mebel_Alim_Astana,мебельная компания,Мебель для кухни; Мебель на заказ; Корпусная мебель; Детская мебель; Офисная мебель,"улица Бердибек Сокпакбаев, 27/1",,,,Сарыарка район,Астана,,Астана,Казахстан,Пн: 09:00-20:00; Вт: 09:00-20:00; Ср: 09:00-20:00; Чт: 09:00-20:00; Пт: 09:00-20:00; Сб: 09:00-20:00; Вс: 09:00-20:00,+05:00,5.0,7,87769749797,,,,,,,,,,,https://wa.me/77769749797,,,,,,,51.176153,71.383399,https://2gis.com/firm/70000001104239774,branch
Mebel_elite_astana,,Мебель для кухни; Мебельные фасады; Мебель на заказ; Корпусная мебель; Офисная мебель; Мебель для ванных комнат,"улица Шары Жиенкуловой, 12/5",,,,Байконыр район,Астана,,Астана,Казахстан,Пн: 10:00-18:00; Вт: 10:00-18:00; Ср: 10:00-18:00; Чт: 10:00-18:00; Пт: 10:00-18:00; Сб: 10:00-18:00; Вс: 10:00-18:00,+05:00,3.6,9,87088877051,87473872092,,,,,,https://instagram.com/mebel_elite_astana,,,,https://wa.me/77088877051,https://wa.me/77473872092,,,,,,51.178809,71.455172,https://2gis.com/firm/70000001061322259,branch
Mebel_marin_astana,,Мебель для кухни; Мебель на заказ; Корпусная мебель; Детская мебель; Офисная мебель,"улица Шары Жиенкуловой, 3Б",7 цех,,,Байконыр район,Астана,,Астана,Казахстан,Пн: 08:00-20:00; Вт: 08:00-20:00; Ср: 08:00-20:00; Чт: 08:00-20:00; Пт: 08:00-20:00; Сб: 08:00-20:00,+05:00,5.0,15,87074904667,87761484167,,,,,,https://instagram.com/mebel_marin_astana,,,,https://wa.me/77074904667,https://wa.me/77761484167,,,,,,51.175131,71.459817,https://2gis.com/firm/70000001090390731,branch
Mebel_mix_stroi,мебельная компания,Мебель для кухни; Мебель на заказ; Корпусная мебель; Детская мебель; Офисная мебель,"улица Шары Жиенкуловой, 3Б",,,,Байконыр район,Астана,,Астана,Казахстан,Пн: 09:00-20:00; Вт: 09:00-20:00; Ср: 09:00-20:00; Чт: 09:00-20:00; Пт: 09:00-20:00; Сб: 09:00-20:00; Вс: 09:00-20:00,+05:00,5.0,7,87775398787,87010873003,,,,,,https://instagram.com/mebel_mix_stroi,,,,https://wa.me/77775398787,,,,,,,51.175131,71.459817,https://2gis.com/firm/70000001096266328,branch
mebel_olga_mebel,мебельная компания,Мебель для кухни; Мебель на заказ; Корпусная мебель; Мягкая мебель; Детская мебель,"улица Ильи Чехоева, 5",,,,Байконыр район,Астана,,Астана,Казахстан,Пн: 10:00-18:00; Вт: 10:00-18:00; Ср: 10:00-18:00; Чт: 10:00-18:00; Пт: 10:00-18:00; Сб: 10:00-18:00; Вс: 10:00-18:00,+05:00,5.0,9,87083291148,,,,,,,https://instagram.com/mebel_olga_mebel,,,,https://wa.me/77083291148,,,,,,,51.198164,71.463121,https://2gis.com/firm/70000001102230654,branch
mebel_varteme,,Мебель для кухни; Мебель на заказ; Корпусная мебель; Мягкая мебель; Офисная мебель,"улица Сакена Сейфуллина, 47",6 этаж,,,Байконыр район,Астана,,Астана,Казахстан,Пн: 10:00-20:00; Вт: 10:00-20:00; Ср: 10:00-20:00; Чт: 10:00-20:00; Пт: 10:00-20:00; Сб: 10:00-20:00; Вс: 10:00-20:00,+05:00,3.0,5,87753057672,,,,,,,https://instagram.com/mebel_varteme,,,,https://wa.me/77753057672,,,,,,,51.172982,71.437433,https://2gis.com/firm/70000001090748363,branch
Mebel-Ideal.kz,,Мебель для кухни; Мебель на заказ; Корпусная мебель; Мебель для ванных комнат; Офисная мебель; Детская мебель,"проспект Улы Дала, 35",,,,Нура район,Астана,,Астана,Казахстан,Пн: 10:00-19:00; Вт: 10:00-19:00; Ср: 10:00-19:00; Чт: 10:00-19:00; Пт: 10:00-19:00; Сб: 10:00-19:00; Вс: 10:00-19:00,+05:00,4.9,16,87080000357,,,,,,,,,,,https://wa.me/77080000357,,,,,,,51.099447,71.403131,https://2gis.com/firm/70000001080495984,branch
Mebelcentr.kz,салон мебели,Мебель для кухни; Мебель на заказ; Мебельные магазины,"улица Маскеу, 9",2 этаж,,,Сарыарка район,Астана,,Астана,Казахстан,Пн: 10:00-19:00; Вт: 10:00-19:00; Ср: 10:00-19:00; Чт: 10:00-19:00; Пт: 10:00-19:00; Сб: 10:00-19:00; Вс: 10:00-19:00,+05:00,5.0,8,87011901033,,,,,,,https://instagram.com/mebelcentr.kz,,,,https://wa.me/77011901033,,,viber://chat/?number=77011901033,,,,51.179863,71.391968,https://2gis.com/firm/70000001053186453,branch
Mebelista_,,Мебель для кухни; Мебель на заказ; Корпусная мебель; Мебельные фасады; Детская мебель,"проспект Бауыржан Момышулы, 22/2",,,Юго-Восток (правая сторона) ж/м,Алматы район,Астана,,Астана,Казахстан,Пн: 09:00-19:00; Вт: 09:00-19:00; Ср: 09:00-19:00; Чт: 09:00-19:00; Пт: 09:00-19:00; Сб: 09:00-19:00,+05:00,5.0,13,87759270726,87772542541,,,,,,https://instagram.com/mebelista_,,,,https://wa.me/77759270726,https://wa.me/77772542541,,,,,,51.142597,71.488832,https://2gis.com/firm/70000001091628222,branch
MebelMan,,Мебель для кухни; Мебель на заказ; Корпусная мебель; Мебель для ванных комнат; Детская мебель; Офисная мебель,"проспект Абая, 95/2",,,,Байконыр район,Астана,,Астана,Казахстан,Пн: 09:00-19:00; Вт: 09:00-19:00; Ср: 09:00-19:00; Чт: 09:00-19:00; Пт: 09:00-19:00; Сб: 09:00-19:00,+05:00,5.0,6,87055972666,,,,,,,https://instagram.com/mebelman_astana,,,,https://wa.me/77055972666,,,,,,,51.167601,71.462514,https://2gis.com/firm/70000001112664902,branch
MebelTime,мебельная компания,Мебель для кухни; Мебель на заказ; Корпусная мебель; Детская мебель; Офисная мебель,"улица Шары Жиенкуловой, 14/2",2 этаж,,,Байконыр район,Астана,,Астана,Казахстан,"Пн: 10:00-13:00, 14:00-18:00; Вт: 10:00-13:00, 14:00-18:00; Ср: 10:00-13:00, 14:00-18:00; Чт: 10:00-13:00, 14:00-18:00; Пт: 10:00-13:00, 14:00-18:00",+05:00,5.0,10,87479188735,,,,,,,https://instagram.com/mebeltime_astana,,,,https://wa.me/77479188735,https://wa.me/77761058777,,,,,,51.180573,71.453508,https://2gis.com/firm/70000001107387827,branch
Mebelux.kz,,Мебель для кухни; Плетёные изделия; Садово-парковая мебель; Мебель для общественного питания; Мебель из стекла,"улица Кобыз, 46",,,Юго-Восток (правая сторона) ж/м,Сарайшык район,Астана,,Астана,Казахстан,Пн: 09:00-20:00; Вт: 09:00-20:00; Ср: 09:00-20:00; Чт: 09:00-20:00; Пт: 09:00-20:00; Сб: 09:00-20:00; Вс: 09:00-20:00,+05:00,5.0,15,87015583287,,,,,,,https://instagram.com/mebelux__kz,,,,https://wa.me/77015583287,,,,,,,51.1357,71.522287,https://2gis.com/firm/70000001084481096,branch
mebelVia.kz,мебельный магазин,Мебель для кухни; Корпусная мебель; Мягкая мебель; Мебельные магазины; Матрасы,"улица Жолымбетская, 43","3, 5 этаж",,,Байконыр район,Астана,,Астана,Казахстан,Пн: 10:00-18:00; Вт: 10:00-18:00; Ср: 10:00-18:00; Чт: 10:00-18:00; Пт: 10:00-18:00; Сб: 10:00-18:00; Вс: 10:00-18:00,+05:00,4.9,28,87016000330,,,,,,,https://instagram.com/mebelvia.kz,,,,https://wa.me/77016000330,,,,https://t.me/+77016000330,,,51.199883,71.468133,https://2gis.com/firm/70000001041876079,branch
Medina,мебельный салон,Мебель для кухни; Мягкая мебель; Мебельные магазины; Корпусная мебель; Детская мебель; Офисная мебель; Мебель на заказ,"улица Чингиз Айтматов, 46",,,,Нура район,Астана,,Астана,Казахстан,Пн: 10:00-20:00; Вт: 10:00-20:00; Ср: 10:00-20:00; Чт: 10:00-20:00; Пт: 10:00-20:00; Сб: 10:00-20:00; Вс: 10:00-20:00,+05:00,4.9,35,87782582360,87056209600,87718544473,,,,,https://instagram.com/mebel.medina.ast,,,,https://wa.me/77056209600,https://wa.me/77782582360,,,,,,51.151463,71.371292,https://2gis.com/firm/70000001057134293,branch
MK Diana,мебельная компания,Мебель для кухни; Мебель на заказ; Корпусная мебель,"улица Бактыораза Бейсекбаева, 28/9",,,,Байконыр район,Астана,,Астана,Казахстан,Пн: 09:00-19:00; Вт: 09:00-19:00; Ср: 09:00-19:00; Чт: 09:00-19:00; Пт: 09:00-19:00; Сб: 09:00-17:00,+05:00,4.8,21,87015508470 (руководитель),87788815566 (менеджер),,,,,,https://instagram.com/mk_diana.kz,,,,https://wa.me/77788815566,https://wa.me/77015508470,,,,,,51.172094,71.462421,https://2gis.com/firm/70000001112388008,branch
MK Home,магазин дизайнерской мебели,Мебель для кухни; Мебельные магазины; Мягкая мебель,"улица Достык, 3",1 этаж,,,Есиль район,Астана,,Астана,Казахстан,Пн: 10:00-20:00; Вт: 10:00-20:00; Ср: 10:00-20:00; Чт: 10:00-20:00; Пт: 10:00-20:00; Сб: 10:00-20:00; Вс: 10:00-20:00,+05:00,4.9,90,87002680017,,,,,,,https://instagram.com/mk.home_mebel,,,,https://wa.me/77002680017,,,,,,,51.128697,71.420634,https://2gis.com/firm/70000001103047273,branch
mk_mebel_kz,магазин кухонных столов и стульев,Мебель для кухни; Мягкая мебель,"улица Сакена Сейфуллина, 47","20, 35/2 место; 6 этаж",,,Байконыр район,Астана,,Астана,Казахстан,Пн: 10:00-21:00; Вт: 10:00-21:00; Ср: 10:00-21:00; Чт: 10:00-21:00; Пт: 10:00-21:00; Сб: 10:00-21:00; Вс: 10:00-21:00,+05:00,5.0,19,87022860724,87052223301,,,,,,https://instagram.com/mk_mebel_kz,,,,https://wa.me/77022860724,https://wa.me/77052223301,,,,,,51.172982,71.437433,https://2gis.com/firm/70000001080619206,branch
mk.jihaz.astana,,Мебель для кухни; Мебель на заказ; Мебельные фасады; Офисная мебель; Корпусная мебель; Мебель для ванных комнат; Детская мебель,"улица Бактыораза Бейсекбаева, 28/9",1 этаж,,,Байконыр район,Астана,,Астана,Казахстан,Пн: 10:00-19:00; Вт: 10:00-19:00; Ср: 10:00-19:00; Чт: 10:00-19:00; Пт: 10:00-19:00; Сб: 10:00-19:00,+05:00,4.5,28,87082738295,,,,,,,https://instagram.com/mk.jihaz.astana,,,,https://wa.me/77082738295,,,,,,,51.172399,71.462667,https://2gis.com/firm/70000001080100672,branch
Modern Mebel,мебельный салон,Мебель для кухни; Мебельные магазины; Корпусная мебель,"шоссе Коргалжын, 13/3",4 этаж,,,Нура район,Астана,,Астана,Казахстан,Пн: 10:00-20:00; Вт: 10:00-20:00; Ср: 10:00-20:00; Чт: 10:00-20:00; Пт: 10:00-20:00; Сб: 10:00-20:00; Вс: 10:00-20:00,+05:00,4.6,12,87056025990,,,,,,,https://instagram.com/modern_mebel_ast,,,,https://wa.me/77056025990,,,,,,,51.147176,71.381002,https://2gis.com/firm/70000001101426159,branch
Moi_divan01,,Мебель для кухни; Мебель на заказ; Мягкая мебель; Корпусная мебель; Офисная мебель,"улица Орлыкол, 11/11",,,,Сарыарка район,Астана,,Астана,Казахстан,Пн: 10:00-20:00; Вт: 10:00-20:00; Ср: 10:00-20:00; Чт: 10:00-20:00; Пт: 10:00-20:00; Сб: 10:00-20:00; Вс: 10:00-20:00,+05:00,4.4,37,87769881028,87079881028,,,,,,https://instagram.com/moi_divan01,,,,https://wa.me/77079881028,https://wa.me/77769881028,,,,,,51.188145,71.426314,https://2gis.com/firm/70000001037154605,branch
My.space.mebel,мебельная компания,Мебель для кухни; Мебель на заказ; Корпусная мебель; Детская мебель; Офисная мебель,"улица Шары Жиенкуловой, 14/3",,,,Байконыр район,Астана,,Астана,Казахстан,Пн: 11:00-20:00; Вт: 11:00-20:00; Ср: 11:00-20:00; Чт: 11:00-20:00; Пт: 11:00-20:00; Сб: 11:00-20:00,+05:00,5.0,25,87076662182,,,,,,,https://instagram.com/my.space.mebel,,,,https://wa.me/77076662182,,,,,,,51.180131,71.453481,https://2gis.com/firm/70000001105769832,branch
Nline.mebel,мебельный цех,"Мебель для кухни; Мебель на заказ; Корпусная мебель; ЛДСП, ДВПО, МДФ; Распиловка древесины","улица Орлыкол, 10а",2 этаж,,,Сарыарка район,Астана,,Астана,Казахстан,Пн: 10:00-19:00; Вт: 10:00-19:00; Ср: 10:00-19:00; Чт: 10:00-19:00; Пт: 10:00-19:00; Сб: 09:00-14:00,+05:00,4.6,46,87083410384,87016060999 (администратор),,,,,,https://instagram.com/nline.mebel,,,,https://wa.me/77781860854,https://wa.me/77016060999,,,,,,51.183479,71.42957,https://2gis.com/firm/70000001060746652,branch
Nolte kuchen,,Мебель для кухни; Мебельные магазины; Бытовая техника,"проспект Мангилик Ел, 36",,,,Есиль район,Астана,,Астана,Казахстан,Пн: 10:00-20:00; Вт: 10:00-20:00; Ср: 10:00-20:00; Чт: 10:00-20:00; Пт: 10:00-20:00; Сб: 10:00-18:00; Вс: 10:00-18:00,+05:00,4.4,16,87782544997,,,,,,,https://instagram.com/noltekuechen.kz,,,,https://wa.me/77782544997,,,,,,,51.107759,71.432014,https://2gis.com/firm/70000001087512937,branch
Nomad Collection,,Мебель для кухни; Мебель на заказ; Мягкая мебель; Ремонт мебели; Детская мебель; Офисная мебель,"улица Толе би, 46",3 офис,,,Нура район,Астана,,Астана,Казахстан,Вт: 11:00-20:00; Ср: 11:00-20:00; Чт: 11:00-20:00; Пт: 11:00-21:00; Сб: 11:00-21:00; Вс: 11:00-21:00,+05:00,4.5,503,87471206748,87082339680,,,,,,https://instagram.com/nomad.collection_,,,,https://wa.me/77471206748,https://wa.me/77082339680,,,,,,51.124604,71.395017,https://2gis.com/firm/70000001065307331,branch
Noni,салон столов и стульев,Мебель для кухни,"улица Фаризы Онгарсыновой, 10",,010000,,Есиль район,Астана,,Астана,Казахстан,Пн: 10:30-18:30; Вт: 10:30-18:30; Ср: 10:30-18:30; Чт: 10:30-18:30; Пт: 10:30-18:30; Сб: 10:30-18:30; Вс: 10:30-18:30,+05:00,5.0,151,87479829822,,,,,,,https://instagram.com/noni.mebel,,,,https://wa.me/77479829822,,,,,,,51.083227,71.444578,https://2gis.com/firm/70000001065514830,branch
Nur mebel,,Мебель для кухни; Мебель на заказ; Корпусная мебель; Мягкая мебель; Офисная мебель,"улица Республики, 4а",9 бутик; 2 этаж,,,,Косшы,Косшы городская администрация,Акмолинская область,Казахстан,Пн: 09:00-21:00; Вт: 09:00-21:00; Ср: 09:00-21:00; Чт: 09:00-21:00; Пт: 09:00-21:00; Сб: 09:00-21:00; Вс: 09:00-21:00,+05:00,5.0,29,87023473332,87755445071,,,,,,https://instagram.com/nur.mebelastana,,,,https://wa.me/77755445071,https://wa.me/77023473332,,,,,,51.002869,71.380508,https://2gis.com/firm/70000001105502580,branch
Nur mebel,компания,Мебель для кухни; Корпусная мебель,"улица Бактыораза Бейсекбаева, 27/1",,,,Байконыр район,Астана,,Астана,Казахстан,Пн: 10:00-18:00; Вт: 10:00-18:00; Ср: 10:00-18:00; Чт: 10:00-18:00; Пт: 10:00-18:00; Сб: 10:00-14:00,+05:00,5.0,6,87779115214,,,,,,,https://instagram.com/nur_mebel,,,,https://wa.me/77779115214,,,,,,,51.173907,71.460322,https://2gis.com/firm/70000001032669217,branch
Nurislam.mebel,,Мебель для кухни; Мебель на заказ; Корпусная мебель; Офисная мебель; Детская мебель,"улица Александра Пушкина, 29/1а",,,,Байконыр район,Астана,,Астана,Казахстан,"Пн: 09:00-13:00, 14:00-18:00; Вт: 09:00-13:00, 14:00-18:00; Ср: 09:00-13:00, 14:00-18:00; Чт: 09:00-13:00, 14:00-18:00; Сб: 09:00-13:00, 14:00-18:00; Вс: 09:00-13:00, 14:00-18:00",+05:00,4.7,15,87026877221,87079649064,87763536868,,,,,https://instagram.com/nurislam.mebel,,,,https://wa.me/77026877221,https://wa.me/77079649064,https://wa.me/77763536868,,https://t.me/nurislam_mebel,,,51.166877,71.472957,https://2gis.com/firm/70000001063293623,branch
NurZhixaz,,Мебель для кухни; Мебель на заказ,"улица Исатай батыр, 32",,,Үркер ж/м,Нура район,Астана,,Астана,Казахстан,Пн: 00:00-24:00; Вт: 00:00-24:00; Ср: 00:00-24:00; Чт: 00:00-24:00; Пт: 00:00-24:00; Сб: 00:00-24:00; Вс: 00:00-24:00 (по предварительному звонку),+05:00,5.0,6,87754473791,,,,,,,https://instagram.com/nurzhixaz,,,,https://wa.me/77754473791,,,,,,,51.115451,71.248313,https://2gis.com/firm/70000001102607169,branch
Objectlab&Design,салон итальянской мебели,Мебель для кухни; Мягкая мебель,"улица Турар Рыскулов, 3",ВП: 6,,,Есиль район,Астана,,Астана,Казахстан,Пн: 10:00-18:00; Вт: 10:00-18:00; Ср: 10:00-18:00; Чт: 10:00-18:00; Пт: 10:00-18:00 (по предварительной записи),+05:00,4.6,13,87015271920,87019201818,,,,,,https://instagram.com/objectlabkz,,,,https://wa.me/77015271920,https://wa.me/77019201818,,,,,,51.086505,71.409709,https://2gis.com/firm/70000001083364564,branch
Okean Mebel,мебельный магазин,Мебель для кухни; Мягкая мебель,"проспект Акжол, 28",2 этаж,,,Байконыр район,Астана,,Астана,Казахстан,Пн: 10:00-19:00; Вт: 10:00-19:00; Ср: 10:00-19:00; Чт: 10:00-19:00; Пт: 10:00-19:00; Сб: 10:00-19:00; Вс: 10:00-19:00,+05:00,3.4,16,87761799494,87776880050,,,,,,https://instagram.com/okean_mebel_kz,,,,https://wa.me/77761799494,,,,,,,51.182611,71.455354,https://2gis.com/firm/70000001067988647,branch
Orda Mebel,мебельная компания,Мебель для кухни; Мебель на заказ; Корпусная мебель; Детская мебель; Офисная мебель,"улица Шары Жиенкуловой, 14",,,,Байконыр район,Астана,,Астана,Казахстан,Пн: 10:00-19:00; Вт: 10:00-19:00; Ср: 10:00-19:00; Чт: 10:00-19:00; Пт: 10:00-19:00; Сб: 10:00-19:00; Вс: 10:00-19:00,+05:00,2.7,6,87780207117,,,,,,,https://instagram.com/orda.mebel_astana,,,,https://wa.me/77780207117,,,,,,,51.179168,71.454069,https://2gis.com/firm/70000001110590388,branch
Orme,мебельная фабрика,Мебель для кухни; Мебель на заказ; Корпусная мебель; Детская мебель; Офисная мебель,"улица Кошке Кеменгерулы, 17в",,,Ондирис-1 ж/м,Байконыр район,Астана,,Астана,Казахстан,"Пн: 10:00-13:00, 14:00-19:00; Вт: 10:00-13:00, 14:00-19:00; Ср: 10:00-13:00, 14:00-19:00; Чт: 10:00-13:00, 14:00-19:00; Пт: 10:00-13:00, 14:00-19:00; Сб: 10:00-15:00",+05:00,5.0,18,87008883338,,,,,,,https://instagram.com/orme.kz,,,,https://wa.me/77008883338,,,,,,,51.207025,71.393917,https://2gis.com/firm/70000001101466516,branch
Prado,мебельный салон,Мебель для кухни; Корпусная мебель; Мебель на заказ; Детская мебель; Офисная мебель; Мебель для ванных комнат,"проспект Абая, 95/2",,,,Байконыр район,Астана,,Астана,Казахстан,Пн: 10:00-19:00; Вт: 10:00-19:00; Ср: 10:00-19:00; Чт: 10:00-19:00; Пт: 10:00-19:00; Сб: 11:00-18:00; Вс: 11:00-18:00,+05:00,5.0,9,87711619988,87757488190,,,,,,https://instagram.com/prado_astana,,,,https://wa.me/77711619988,https://wa.me/77757488190,,,,,,51.167702,71.462609,https://2gis.com/firm/70000001075278463,branch
Pro_mebel_astana01,,Мебель для кухни; Мебель на заказ; Корпусная мебель,"улица Шары Жиенкуловой, 22",,,,Байконыр район,Астана,,Астана,Казахстан,Пн: 10:00-23:00; Вт: 10:00-23:00; Ср: 10:00-23:00; Чт: 10:00-23:00; Пт: 10:00-23:00; Сб: 10:00-23:00; Вс: 10:00-23:00,+05:00,4.9,6,87714818311,,,,,,,https://instagram.com/pro_mebel_astana01,,,,https://wa.me/77714818311,,,,,,,51.180941,71.447471,https://2gis.com/firm/70000001100892004,branch
Profi Decor,компания по продаже зеркал и душевых кабин,Мебель для кухни; Стекло и зеркала; Корпусная мебель; Перегородки; Сантехника,"улица Бактыораза Бейсекбаева, 25",1 этаж,,,Байконыр район,Астана,,Астана,Казахстан,Пн: 09:00-18:00; Вт: 09:00-18:00; Ср: 09:00-18:00; Чт: 09:00-18:00; Пт: 09:00-18:00; Сб: 09:00-15:00,+05:00,4.9,285,87022315577,,,,,,,https://instagram.com/zerkala.astana,,,,https://wa.me/77022315577,,,,,,,51.173014,71.459999,https://2gis.com/firm/70000001059726822,branch
ProfMebel,мебельный цех,Мебель для кухни; Мебель на заказ; Корпусная мебель,"улица Орлыкол, 4",,,,Сарыарка район,Астана,,Астана,Казахстан,Пн: 09:00-19:00; Вт: 09:00-19:00; Ср: 09:00-19:00; Чт: 09:00-19:00; Пт: 09:00-19:00; Сб: 09:00-19:00,+05:00,4.9,30,87771025757,87770679094,,,,,,https://instagram.com/prof.mebel.kz,,,,https://wa.me/77771025757,,,,,,,51.184368,71.42688,https://2gis.com/firm/70000001111843225,branch
Qazkuchen,,Мебель для кухни; Мебель на заказ; Корпусная мебель,"Альмукан Сембинов улица, 19/1",,,,Байконыр район,Астана,,Астана,Казахстан,Пн: 10:00-19:00; Вт: 10:00-19:00; Ср: 10:00-19:00; Чт: 10:00-19:00; Пт: 10:00-19:00; Сб: 10:00-19:00; Вс: 10:00-19:00,+05:00,4.7,29,87081186201,87714444988,,,,,,https://instagram.com/qazkuchen,,,,https://wa.me/77714444988,https://wa.me/77081186201,,,,,,51.173848,71.452562,https://2gis.com/firm/70000001037979971,branch
QazNord,магазин по продаже кухонной мебели,Мебель для кухни; Мебель на заказ; Детская мебель; Мебельные магазины; Корпусная мебель,"шоссе Алаш, 20а",8 бутик; 2 этаж,,,Байконыр район,Астана,,Астана,Казахстан,Пн: 10:30-19:00; Вт: 10:30-19:00; Ср: 10:30-19:00; Чт: 10:30-19:00; Пт: 10:30-19:00; Сб: 10:30-19:00; Вс: 10:30-19:00,+05:00,4.6,24,87772094488,,,info@qaznord.kz,,,,https://instagram.com/qaznord,,,,https://wa.me/77772094488,,,,,,,51.189906,71.457735,https://2gis.com/firm/70000001089321822,branch
RG mebel,мебельная компания,Мебель для кухни; Мебель на заказ; Корпусная мебель; Детская мебель; Офисная мебель,"улица Розы Баглановой, 3/1",НП: 4,,,Нура район,Астана,,Астана,Казахстан,Пн: 09:00-18:00; Вт: 09:00-18:00; Ср: 09:00-18:00; Чт: 09:00-18:00; Пт: 09:00-18:00; Сб: 09:00-18:00,+05:00,5.0,36,87016575821,,,,,,,https://instagram.com/rgmebel_,,,,https://wa.me/77016575821,,,,,,,51.117392,71.392552,https://2gis.com/firm/70000001100326446,branch
Royal Astana,,Мебель для кухни; Мебель на заказ; Мебельные магазины; Мебель из стекла; Мебель для учебных учреждений; Мебель для ванных комнат,"Альмукан Сембинов улица, 36/3",,,,Байконыр район,Астана,,Астана,Казахстан,Пн: 09:00-20:00; Вт: 09:00-20:00; Ср: 09:00-20:00; Чт: 09:00-20:00; Пт: 09:00-20:00; Сб: 09:00-20:00; Вс: 09:00-20:00,+05:00,4.9,15,87715252421,,,,,,,,,,,https://wa.me/77715252421,,,,,,,51.177068,71.458515,https://2gis.com/firm/70000001105238233,branch
Runahomeastana,,Мебель для кухни; Мебельные магазины; Мебельная фурнитура; Мебель на заказ; Детская мебель,"улица Сакена Сейфуллина, 47",32 место; 6 этаж,,,Байконыр район,Астана,,Астана,Казахстан,Пн: 10:00-20:00; Вт: 10:00-20:00; Ср: 10:00-20:00; Чт: 10:00-20:00; Пт: 10:00-20:00; Сб: 10:00-20:00; Вс: 10:00-20:00,+05:00,5.0,7,87758341674,,,,,,,https://instagram.com/runahomeastana,,,,https://wa.me/77758341674,,,,,,,51.172982,71.437433,https://2gis.com/firm/70000001104077636,branch
rzs_mebel,,Мебель для кухни; Мебель на заказ; Корпусная мебель; Мебель для ванных комнат,"улица Александра Пушкина, 51/1",,,,Байконыр район,Астана,,Астана,Казахстан,Пн: 09:00-19:00; Вт: 09:00-19:00; Ср: 09:00-19:00; Чт: 09:00-19:00; Пт: 09:00-19:00; Сб: 09:00-19:00,+05:00,5.0,8,87081864151,,,,,,,https://instagram.com/rzs_mebel,,,,https://wa.me/77081864151,,,,,,,51.181576,71.488858,https://2gis.com/firm/70000001115029349,branch
Sabr.mebel01,мебельная компания,Мебель для кухни; Мебель на заказ; Корпусная мебель; Детская мебель; Офисная мебель,"переулок Перне, 5",,,Коктал ж/м,Сарыарка район,Астана,,Астана,Казахстан,Пн: 10:00-18:00; Вт: 10:00-18:00; Ср: 10:00-18:00; Чт: 10:00-18:00; Пт: 10:00-18:00,+05:00,5.0,13,87755461895,87755462034,,,,,,https://instagram.com/sabrmebel01,,,,https://wa.me/77755461895,https://wa.me/77755462034,,,,,,51.186436,71.322596,https://2gis.com/firm/70000001110609968,branch
Sanad mebel,мебельный цех,Мебель для кухни; Корпусная мебель; Мебель на заказ; Мебель для ванных комнат; Офисная мебель,"переулок Аксумбе, 6а",,010000,,Байконыр район,Астана,,Астана,Казахстан,Пн: 09:30-19:00; Вт: 09:30-19:00; Ср: 09:30-19:00; Чт: 09:30-19:00; Пт: 09:30-19:00; Сб: 09:30-19:00,+05:00,4.8,23,"87776529933 (отдел распила, закатки и фрезеровки)",87023227458 (отдел мебели на заказ ),,,,,,https://instagram.com/sanad_mebel,,,,https://wa.me/77023227458,https://wa.me/77776529933,,,https://t.me/+77776529933,,,51.179677,71.493099,https://2gis.com/firm/70000001059860405,branch
Sandi Jihaz,мебельный магазин,Мебель для кухни; Мягкая мебель; Мебель на заказ; Мебельные магазины,"улица Е-36, 4",,,,Нура район,Астана,,Астана,Казахстан,Пн: 11:00-20:00; Вт: 11:00-20:00; Ср: 11:00-20:00; Чт: 11:00-20:00; Пт: 11:00-20:00; Сб: 11:00-20:00; Вс: 11:00-20:00,+05:00,4.8,76,87024100241,87013908134,,,,,,https://instagram.com/sandi.jihaz.astana,,,,https://wa.me/77024100241,https://wa.me/77013908134,,,,,,51.122179,71.381094,https://2gis.com/firm/70000001098850371,branch
satti_mebel,компания по производству корпусной мебели,Мебель для кухни; Корпусная мебель; Мебель на заказ,"улица Ыкылас Дукенулы, 31/2",,,,Сарыарка район,Астана,,Астана,Казахстан,Пн: 10:00-20:00; Вт: 10:00-20:00; Ср: 10:00-20:00; Чт: 10:00-20:00; Пт: 10:00-20:00; Сб: 10:00-20:00; Вс: 10:00-20:00,+05:00,5.0,9,87758820829,,,,,,,https://instagram.com/satti.mebel_,,,,https://wa.me/77758820829,,,,,,,51.183004,71.435401,https://2gis.com/firm/70000001094597992,branch
Sdesign,,Мебель для кухни; Мягкая мебель; Корпусная мебель; Матрасы,"проспект Туран, 53в",2 этаж,,,Нура район,Астана,,Астана,Казахстан,Пн: 10:00-22:00; Вт: 10:00-22:00; Ср: 10:00-22:00; Чт: 10:00-22:00; Пт: 10:00-22:00; Сб: 10:00-22:00; Вс: 10:00-22:00,+05:00,5.0,5,87757583756,,,,,,,https://instagram.com/sdesign_mebel,,,,https://wa.me/77757583756,,,,,,,51.116449,71.39845,https://2gis.com/firm/70000001103027492,branch
Sdesign,,Мебель для кухни; Мягкая мебель; Корпусная мебель; Матрасы,"улица Шокана Уалиханова, 24",208-212 бутик; 2 этаж,,,Байконыр район,Астана,,Астана,Казахстан,Пн: 10:00-21:00; Вт: 10:00-21:00; Ср: 10:00-21:00; Чт: 10:00-21:00; Пт: 10:00-21:00; Сб: 10:00-21:00; Вс: 10:00-21:00,+05:00,4.4,15,87757583756,,,,,,,https://instagram.com/sdesign_mebel,,,,https://wa.me/77757583756,,,,,,,51.174567,71.438999,https://2gis.com/firm/70000001066885652,branch
Seka_mebel_Astana,мебельная компания,Мебель для кухни; Корпусная мебель; Мебель на заказ; Детская мебель; Офисная мебель; Мягкая мебель,"улица Лесная поляна, 37",,,Лесная поляна м-н,,Косшы,Косшы городская администрация,Акмолинская область,Казахстан,Пн: 00:00-24:00; Вт: 00:00-24:00; Ср: 00:00-24:00; Чт: 00:00-24:00; Пт: 00:00-24:00; Сб: 00:00-24:00; Вс: 00:00-24:00,+05:00,4.5,6,87785497000,87475200505,,,,,,https://instagram.com/Seka_mebel_Astana,,,,https://wa.me/77785497000,https://wa.me/77475200505,,,,,,51.006643,71.375417,https://2gis.com/firm/70000001095665958,branch
Selva Room,,Мебель для кухни; Мебель на заказ,"улица Култегин, 23",,010000,,Нура район,Астана,,Астана,Казахстан,Пн: 11:00-20:00; Вт: 11:00-20:00; Ср: 11:00-20:00; Чт: 11:00-20:00; Пт: 11:00-20:00; Сб: 11:00-20:00; Вс: 11:00-20:00,+05:00,5.0,73,87001999011,,,,,,,https://instagram.com/selva.room,,,,https://wa.me/77001999011,,,,,,,51.139769,71.37499,https://2gis.com/firm/70000001100095515,branch
Servant,офис,Мебель для кухни; Мебель на заказ; Корпусная мебель,"улица Култегин, 15",1 этаж; НП: 22,,,Нура район,Астана,,Астана,Казахстан,Пн: 10:00-18:00; Вт: 10:00-18:00; Ср: 10:00-18:00; Чт: 10:00-18:00; Пт: 10:00-18:00; Сб: 10:00-18:00,+05:00,5.0,24,87080592696,87072320312,,,,,,https://instagram.com/servant_astana,,,,https://wa.me/77072320312,,,,,,,51.136945,71.373013,https://2gis.com/firm/70000001103988365,branch
Shikko,,Мебель для кухни; Мебель на заказ; Корпусная мебель,"улица Жолымбетская, 43",5 этаж,,,Байконыр район,Астана,,Астана,Казахстан,Пн: 10:00-18:00; Вт: 10:00-18:00; Ср: 10:00-18:00; Чт: 10:00-18:00; Пт: 10:00-18:00; Сб: 10:00-18:00; Вс: 10:00-18:00,+05:00,4.0,8,87784369511,,,,,,,https://instagram.com/mebel_ast_01,,,,https://wa.me/77784369511,,,,,,,51.199883,71.468133,https://2gis.com/firm/70000001074497907,branch
Sofia,,Мебель для кухни; Мебель на заказ; Мебель для ванных комнат; Изделия из камня для помещений,"проспект Мангилик Ел, 38",НП: 7,010000,,Есиль район,Астана,,Астана,Казахстан,Пн: 10:00-19:00; Вт: 10:00-19:00; Ср: 10:00-19:00; Чт: 10:00-19:00; Пт: 10:00-19:00; Сб: 10:00-19:00; Вс: 10:00-19:00,+05:00,4.9,90,87775597879 (дизайнер по мебели),87055517879 (дизайнер по мебели),87059106401 (дизайнер по камню),,,,,https://instagram.com/sofiamebel.ast,,,,https://wa.me/77775597879,https://wa.me/77055517879,,,,,,51.104477,71.432119,https://2gis.com/firm/70000001052142075,branch
Soft Place,,Мебель для кухни; Бескаркасная мебель; Корпусная мебель; Мебель на заказ; Мягкая мебель,"улица Бактыораза Бейсекбаева, 24/1",,,,Байконыр район,Астана,,Астана,Казахстан,Пн: 10:00-20:00; Вт: 10:00-20:00; Ср: 10:00-20:00; Чт: 10:00-20:00; Пт: 10:00-20:00; Сб: 10:00-14:00,+05:00,5.0,7,87751495992,87055785660,,,,,,,,,,https://wa.me/77751495992,https://wa.me/77055785660,,,,,,51.171652,71.460818,https://2gis.com/firm/70000001039283862,branch
Status M,мебельный цех,Мебель для кухни; Мебель на заказ; Офисная мебель; Мебель для ванных комнат; Детская мебель; Мебельные фасады; Распиловка древесины; Мебель для учебных учреждений; Корпусная мебель,"улица Александра Пушкина, 51/1",,,,Байконыр район,Астана,,Астана,Казахстан,"Пн: 09:00-13:00, 14:00-19:00; Вт: 09:00-13:00, 14:00-19:00; Ср: 09:00-13:00, 14:00-19:00; Чт: 09:00-13:00, 14:00-19:00; Пт: 09:00-13:00, 14:00-19:00; Сб: 09:00-13:00, 14:00-19:00",+05:00,5.0,10,87054208844,87089773102,,,,,,https://instagram.com/status_m_astana,,,,https://wa.me/77054208844,https://wa.me/77089773102,,,,,,51.181576,71.488858,https://2gis.com/firm/70000001111185048,branch
Stilovo Mebel,мебельная компания,Мебель для кухни; Мебель на заказ; Корпусная мебель; Детская мебель; Офисная мебель,"улица Бактыораза Бейсекбаева, 27/1",,,,Байконыр район,Астана,,Астана,Казахстан,Пн: 09:00-18:00; Вт: 09:00-18:00; Ср: 09:00-18:00; Чт: 09:00-18:00; Пт: 09:00-18:00,+05:00,5.0,9,87029019141,,,,,,,https://instagram.com/stilovo_mebel,,,,https://wa.me/77029019141,,,,,,,51.173907,71.460322,https://2gis.com/firm/70000001110614875,branch
Stoleshnica.astana,,Мебель для кухни,"Альмукан Сембинов улица, 27 ст1",,,,Байконыр район,Астана,,Астана,Казахстан,Пн: 10:00-20:00; Вт: 10:00-20:00; Ср: 10:00-20:00; Чт: 10:00-20:00; Пт: 10:00-20:00; Сб: 10:00-20:00,+05:00,5.0,6,87713513424,,,,,,,https://instagram.com/stoleshnica.astana,,,,https://wa.me/77713513424,,,,,,,51.176447,71.454703,https://2gis.com/firm/70000001080697094,branch
Stone&Mebel,мебельная компания,Мебель для кухни; Корпусная мебель; Мебель на заказ; Мебель для ванных комнат; Детская мебель,"Аль-Фараби проспект, 35",,010005,,Есиль район,Астана,,Астана,Казахстан,Пн: 10:00-19:00; Вт: 10:00-19:00; Ср: 10:00-19:00; Чт: 10:00-19:00; Пт: 10:00-19:00; Сб: 10:00-19:00; Вс: 10:00-19:00,+05:00,5.0,19,87023849993,,,,,,,https://instagram.com/stone_mebel,,,,https://wa.me/77023849993,,,,,,,51.084176,71.444957,https://2gis.com/firm/70000001028926207,branch
studio1201.kz,,Мебель для кухни; Мебель на заказ; Корпусная мебель; Мебель для ванных комнат; Детская мебель; Офисная мебель,"проспект Мангилик Ел, 27",,,,Есиль район,Астана,,Астана,Казахстан,Пн: 10:00-19:00; Вт: 10:00-19:00; Ср: 10:00-19:00; Чт: 10:00-19:00; Пт: 10:00-19:00; Сб: 10:00-18:00; Вс: 10:00-18:00,+05:00,5.0,24,87058800666 (администрация),87789001201 (отдел продаж),87789011201 (отдел продаж),,,,,https://instagram.com/studio1201.kz,,,,https://wa.me/77058800666,https://wa.me/77789001201,https://wa.me/77789011201,,,,,51.10947,71.431128,https://2gis.com/firm/70000001094634112,branch
Stulhouse.kz,,Мебель для кухни; Мебель на заказ,"улица Жубан Молдагалиев, 10",НП: 11,,,Нура район,Астана,,Астана,Казахстан,Пн: 11:00-20:00; Вт: 11:00-20:00; Ср: 11:00-20:00; Чт: 11:00-20:00; Пт: 11:00-20:00; Сб: 11:00-20:00; Вс: 11:00-20:00,+05:00,4.9,35,87066070110,,,,,,,https://instagram.com/stulhouse.kz,,,,https://wa.me/77066070110,,,,,,,51.124091,71.376202,https://2gis.com/firm/70000001098845722,branch
Stulzone.kz,,Мебель для кухни; Офисная мебель; Мягкая мебель,"улица Бактыбай акын, 5",,,Коктал ж/м,Сарыарка район,Астана,,Астана,Казахстан,Пн: 09:00-19:00; Вт: 09:00-19:00; Ср: 09:00-19:00; Чт: 09:00-19:00; Пт: 09:00-19:00; Сб: 09:00-19:00; Вс: 09:00-19:00,+05:00,4.9,10,87779009701,,,,,,,https://instagram.com/stulzone.kz,,,,https://wa.me/77779009701,,,,,,,51.184026,71.314035,https://2gis.com/firm/70000001083997691,branch
Sulu Design,,Мебель для кухни; Мебель на заказ; Корпусная мебель; Распиловка древесины; Офисная мебель; Детская мебель; Мебель для ванных комнат,"улица Едил, 1",,,Юго-Восток (левая сторона) ж/м,Алматы район,Астана,,Астана,Казахстан,Пн: 10:00-19:00; Вт: 10:00-19:00; Ср: 10:00-19:00; Чт: 10:00-19:00; Пт: 10:00-19:00; Сб: 10:00-19:00,+05:00,5.0,30,87064067175,,,,,,,https://instagram.com/sulu_design_ast,,,,https://wa.me/77064067175,,,,,,,51.141717,71.522667,https://2gis.com/firm/70000001089035955,branch
Svoy_divan,,Мебель для кухни; Мягкая мебель; Мебельные магазины; Мебель на заказ,"улица Жубан Молдагалиев, 5",НП: 6,,,Нура район,Астана,,Астана,Казахстан,Пн: 11:00-20:00; Вт: 11:00-20:00; Ср: 11:00-20:00; Чт: 11:00-20:00; Пт: 11:00-20:00; Сб: 11:00-20:00; Вс: 11:00-20:00,+05:00,4.9,58,87024100241,87021919488,87711944398,,,,,https://instagram.com/svoy_divan,,,,https://wa.me/77711944398,https://wa.me/77024100241,https://wa.me/77021919488,,,,,51.126501,71.36718,https://2gis.com/firm/70000001061040602,branch
Tas Plus,компания по изготовлению изделий из натурального камня,Мебель для кухни; Облицовочный камень; Изделия из камня для помещений; Печи и камины для помещений; Интерьерные лестницы,"улица Шары Жиенкуловой, 18/11",,,,Байконыр район,Астана,,Астана,Казахстан,"Пн: 09:00-13:00, 14:00-18:00; Вт: 09:00-13:00, 14:00-18:00; Ср: 09:00-13:00, 14:00-18:00; Чт: 09:00-13:00, 14:00-18:00; Пт: 09:00-13:00, 14:00-18:00; Сб: 09:00-13:00 (по предварительной записи)",+05:00,5.0,7,87716057444,87015160227,87001700751,taspluskz@mail.ru,talgat6919@mail.ru,,,https://instagram.com/tasplus.kz,,https://facebook.com/taspluskz,,https://wa.me/77015160227,https://wa.me/77001700751,,,,,,51.180714,71.451075,https://2gis.com/firm/70000001040084923,branch
Tasmyrza.ast,компания по изготовлению изделий из искусственного камня,Мебель для кухни; Изделия из камня для помещений,"улица Колсай, 2а",,,Интернациональный ж/м,Сарайшык район,Астана,,Астана,Казахстан,Пн: 09:00-19:00; Вт: 09:00-19:00; Ср: 09:00-19:00; Чт: 09:00-19:00; Пт: 09:00-19:00; Сб: 09:00-19:00; Вс: 09:00-19:00,+05:00,5.0,63,87075111567,,,,,,,https://instagram.com/tasmyrza.ast,,,,https://wa.me/77075111567,,,,,,,51.121219,71.590016,https://2gis.com/firm/70000001075062281,branch
Teezz Mebel,,Мебель для кухни; Мебель на заказ; Корпусная мебель; Детская мебель; Мебельные фасады; Мебельные магазины,"шоссе Коргалжын, 20/2",,010000,,Нура район,Астана,,Астана,Казахстан,Пн: 09:00-19:00; Вт: 09:00-19:00; Ср: 09:00-19:00; Чт: 09:00-19:00; Пт: 09:00-19:00; Сб: 09:00-19:00,+05:00,4.9,42,87479300030,,,,,,,https://instagram.com/teezz_mebel,,,,https://wa.me/77479300030,,,,,,,51.150455,71.364149,https://2gis.com/firm/70000001111682458,branch
Tumar_Mebel,,Мебель для кухни; Мебель на заказ; Мебельные магазины,"квартал 2, 23",,,2-й квартал,,Косшы,Косшы городская администрация,Акмолинская область,Казахстан,Пн: 09:00-20:00; Вт: 09:00-20:00; Ср: 09:00-20:00; Чт: 09:00-20:00; Пт: 09:00-20:00; Сб: 09:00-20:00; Вс: 09:00-20:00,+05:00,5.0,7,87002848932,87057279139,,,,,,https://instagram.com/tumar_mebel_astana,,,,https://wa.me/77002848932,https://wa.me/77057279139,,,,,,51.000095,71.36902,https://2gis.com/firm/70000001086922571,branch
Turanhouse,,Мебель для кухни; Мягкая мебель; Мебель на заказ,"проспект Туран, 59/2 блок C",1 этаж,,,Нура район,Астана,,Астана,Казахстан,Вт: 11:30-20:00; Ср: 11:30-20:00; Чт: 11:30-20:00; Пт: 11:30-20:00; Сб: 11:30-20:00; Вс: 11:30-20:00,+05:00,4.8,65,87778817900,,,,,,,https://instagram.com/turanhouse.kz,,,,https://wa.me/77778817900,,,,https://t.me/+77778817900,,,51.101686,71.392473,https://2gis.com/firm/70000001067306468,branch
Ustelder.kz,шоурум,Мебель для кухни; Мебель на заказ; Мебель для общественного питания,"улица Ахмет Байтурсынулы, 22",,,,Сарайшык район,Астана,,Астана,Казахстан,"Пн: 10:00-13:00, 14:00-18:00; Вт: 10:00-13:00, 14:00-18:00; Ср: 10:00-13:00, 14:00-18:00; Чт: 10:00-13:00, 14:00-18:00; Пт: 10:00-13:00, 14:00-18:00; Сб: 10:00-13:00, 14:00-18:00; Вс: 10:00-13:00, 14:00-18:00",+05:00,4.9,106,87768885151,87479747438,,,,,,https://instagram.com/ustelder.kz,,,,https://wa.me/77768885151,https://wa.me/77479747438,,,,,,51.116549,71.516276,https://2gis.com/firm/70000001089722883,branch
Uyutnaya_mebel_kz,,Мебель для кухни; Мебель на заказ; Корпусная мебель; Офисная мебель; Детская мебель,"Альмукан Сембинов улица, 28/3",2 этаж,,,Байконыр район,Астана,,Астана,Казахстан,Пн: 09:00-19:00; Вт: 09:00-19:00; Ср: 09:00-19:00; Чт: 09:00-19:00; Пт: 09:00-19:00; Сб: 09:00-17:00,+05:00,3.5,17,87474120394,,,,,,,https://instagram.com/uyutnaya_mebel_kz,,,,https://wa.me/77474120394,,,,,,,51.173794,71.457841,https://2gis.com/firm/70000001090246718,branch
Venerdi,мебельная студия,Мебель для кухни; Мебель на заказ,"Аль-Фараби проспект, 15",3 офис,010005,,Есиль район,Астана,,Астана,Казахстан,Пн: 10:00-19:00; Вт: 10:00-19:00; Ср: 10:00-19:00; Чт: 10:00-19:00; Пт: 10:00-19:00; Сб: 10:00-19:00 (по предварительной записи),+05:00,4.5,9,87071616104,,,,,,,https://instagram.com/venerdikz,,,,https://wa.me/77071616104,,,,,,,51.094901,71.449823,https://2gis.com/firm/70000001048531127,branch
Versal,мебельный салон,Мебель для кухни; Мягкая мебель; Мебельные магазины; Корпусная мебель; Мебель на заказ; Матрасы,"улица Жолымбетская, 43",5 этаж,,,Байконыр район,Астана,,Астана,Казахстан,Пн: 10:00-18:00; Вт: 10:00-18:00; Ср: 10:00-18:00; Чт: 10:00-18:00; Пт: 10:00-18:00; Сб: 10:00-18:00; Вс: 10:00-18:00 (санитарный день: последний пн месяца),+05:00,4.2,6,87078565988,,,,,,,https://instagram.com/versal_mebel_96,,,,https://wa.me/77078565988,,,,,,,51.199883,71.468133,https://2gis.com/firm/70000001033846879,branch
Verve Jihaz,,Мебель для кухни; Мебель на заказ; Мебельные фасады; Корпусная мебель,"улица Тайбурыл, 16",,010007,,Байконыр район,Астана,,Астана,Казахстан,Пн: 09:00-22:00; Вт: 09:00-22:00; Ср: 09:00-22:00; Чт: 09:00-22:00; Пт: 09:00-22:00; Сб: 09:00-22:00; Вс: 09:00-22:00,+05:00,5.0,21,87712640171,,,,,,,https://instagram.com/verve_jihaz,,,,https://wa.me/77712640171,,,,,,,51.197129,71.422066,https://2gis.com/firm/70000001094673594,branch
Villa,салон итальянской мебели,Мебель для кухни; Мягкая мебель; Дизайн интерьеров,"улица Амман, 21",НП: 21,,Ак-булак-1 ж/м,Алматы район,Астана,,Астана,Казахстан,Пн: 10:00-19:00; Вт: 10:00-19:00; Ср: 10:00-19:00; Чт: 10:00-19:00; Пт: 10:00-19:00; Сб: 10:00-19:00,+05:00,3.6,9,87015167222,,,,,,,https://instagram.com/villa.italianinteriors,,,,https://wa.me/77015167222,,,,,,,51.149174,71.444178,https://2gis.com/firm/70000001027383144,branch
Vladi mebel,салон,Мебель для кухни; Мебель на заказ; Корпусная мебель; Детская мебель; Мебельные фасады; Мебель для ванных комнат; Облицовочный камень,"шоссе Алаш, 20а",1 бутик; 2 этаж,,,Байконыр район,Астана,,Астана,Казахстан,Пн: 09:00-19:00; Вт: 09:00-19:00; Ср: 09:00-19:00; Чт: 09:00-19:00; Пт: 09:00-19:00; Сб: 09:00-19:00; Вс: 09:00-19:00 (по предварительной записи),+05:00,5.0,18,87012550604,,,,,,,https://instagram.com/vladimebel.kz,,,,https://wa.me/77012550604,,,,,,,51.189906,71.457735,https://2gis.com/firm/70000001019525090,branch
YurtStyle,,Мебель для кухни; Мебель на заказ; Корпусная мебель,"Аль-Фараби проспект, 11",,,,Есиль район,Астана,,Астана,Казахстан,Пн: 10:00-19:00; Вт: 10:00-19:00; Ср: 10:00-19:00; Чт: 10:00-19:00; Пт: 10:00-19:00; Сб: 10:00-19:00; Вс: 10:00-19:00,+05:00,5.0,15,87759914625,,,,,,,https://instagram.com/yurtstyle_mebel,,,,https://wa.me/77759914625,,,,,,,51.09763,71.45088,https://2gis.com/firm/70000001102835421,branch
Zhihaz__astana,,Мебель для кухни; Корпусная мебель; Мебель на заказ; Детская мебель; Офисная мебель; Мебель для ванных комнат; Мягкая мебель,"улица Ильи Чехоева, 5",5/1 место; 2 ряд; 1 сектор,,,Байконыр район,Астана,,Астана,Казахстан,Пн: 10:00-18:00; Вт: 10:00-18:00; Ср: 10:00-18:00; Чт: 10:00-18:00; Пт: 10:00-18:00; Сб: 10:00-18:00; Вс: 10:00-18:00,+05:00,4.9,70,87081884519,,,,,,,https://instagram.com/zhihaz__astana,,,,https://wa.me/77081884519,,,,,,,51.198164,71.463121,https://2gis.com/firm/70000001067218071,branch
Айша,мебельный магазин,Мебель для кухни,"улица Кенен Азербаев, 2",цокольный этаж; НП: 11,,,Сарайшык район,Астана,,Астана,Казахстан,Пн: 10:00-19:00; Вт: 10:00-19:00; Ср: 10:00-19:00; Чт: 10:00-19:00; Пт: 10:00-19:00; Сб: 10:00-19:00; Вс: 10:00-19:00,+05:00,4.8,70,87789997876,,,,,,,https://instagram.com/aisha_mebel_astana,,,,https://wa.me/77789997876,,,,,,,51.127576,71.505496,https://2gis.com/firm/70000001047101565,branch
АкОтауМебель,компания по производству мебели,Мебель для кухни; Мебель на заказ; Мягкая мебель; Корпусная мебель; Мебель для ванных комнат; Офисная мебель,"переулок Мурадели, 9",,,,Байконыр район,Астана,,Астана,Казахстан,Пн: 09:00-19:00; Вт: 09:00-19:00; Ср: 09:00-19:00; Чт: 09:00-19:00; Пт: 09:00-19:00; Сб: 09:00-19:00; Вс: 09:00-19:00,+05:00,5.0,5,87079583525,87079194322,87083413646,,,,,https://instagram.com/aqotau_krovat,,,,https://wa.me/77079194322,https://wa.me/77083413646,https://wa.me/77771545454,,,,,51.195662,71.463122,https://2gis.com/firm/70000001113724159,branch
Алтын Агаш,,Мебель для кухни; Мебель на заказ; Мебель для общественного питания; Офисная мебель; Корпусная мебель; Детская мебель; Мебель для ванных комнат; Мебельные фабрики,"улица Акмешит, 19/1",,010000,,Есиль район,Астана,,Астана,Казахстан,Пн: 10:00-20:00; Вт: 10:00-20:00; Ср: 10:00-20:00; Чт: 10:00-20:00; Пт: 10:00-20:00; Сб: 10:00-20:00; Вс: 11:00-19:00,+05:00,4.6,77,87056360977 (единый номер: пн-вс 10:00-21:00),,,,,,,https://instagram.com/altyn_agash_mebel,,,,https://wa.me/77056360977,,,,,,,51.096477,71.414808,https://2gis.com/firm/70000001035928459,branch
Астана-жиһаз фабрикасы,фабрика,Мебель для кухни; Корпусная мебель; Мебель на заказ; Офисная мебель; Мебель для учебных учреждений,"улица А 194, 2",2 этаж,,,Алматы район,Астана,,Астана,Казахстан,Пн: 09:00-18:00; Вт: 09:00-18:00; Ср: 09:00-18:00; Чт: 09:00-18:00; Пт: 09:00-18:00; Сб: 09:00-13:00,+05:00,3.5,9,87761884022,87172497485,,,,,,,,,,https://wa.me/77761884022,,,,,,,51.172961,71.50132,https://2gis.com/firm/70000001018398646,branch
Атамура,мебельный цех,"Мебель для кухни; Мебель на заказ; Мебельная фурнитура; Корпусная мебель; Распиловка древесины; ЛДСП, ДВПО, МДФ; Офисная мебель; Мебельные фасады; Детская мебель; Мебель для общественного питания","улица Александра Пушкина, 20Б",1 этаж,,,Байконыр район,Астана,,Астана,Казахстан,Пн: 10:00-19:00; Вт: 10:00-19:00; Ср: 10:00-19:00; Чт: 10:00-19:00; Пт: 10:00-19:00; Сб: 10:00-19:00,+05:00,4.8,62,87716246758,,,,,,,https://instagram.com/atamura.mebel,,,,https://wa.me/77716246758,,,,,,,51.17655,71.487955,https://2gis.com/firm/70000001064042677,branch
Два кита,мебельная компания,Мебель для кухни; Корпусная мебель; Детская мебель; Матрасы; Мягкая мебель; Мебель на заказ,"проспект Акжол, 28",2 этаж,,,Байконыр район,Астана,,Астана,Казахстан,Пн: 10:00-19:00; Вт: 10:00-19:00; Ср: 10:00-19:00; Чт: 10:00-19:00; Пт: 10:00-19:00; Сб: 10:00-19:00; Вс: 10:00-19:00,+05:00,4.3,22,87087220034,,,,,,,https://instagram.com/dva_kita_mebel,,,,https://wa.me/77055858417,https://wa.me/77087220034,,,https://t.me/+77087220034,,,51.182881,71.454704,https://2gis.com/firm/70000001018107022,branch
Декориум,,Мебель для кухни; Декоративные отделочные материалы; Обои; Погонажные изделия; Бытовая техника; Мебель на заказ; Корпусная мебель; Напольные покрытия; Мебель для общественного питания; Стеновые панели; Отделочные материалы; Лаки и краски; Керамическая плитка; Мягкая мебель; Керамогранит,"улица Гейдара Алиева, 3",,,,Есиль район,Астана,,Астана,Казахстан,Пн: 10:00-18:00; Вт: 10:00-18:00; Ср: 10:00-18:00; Чт: 10:00-18:00; Пт: 10:00-18:00; Сб: 10:00-18:00; Вс: 10:00-18:00,+05:00,4.6,19,87010630001,87078801763,,,,,,https://instagram.com/remontiobstanovka,,,,https://wa.me/77010630001,,,,,,,51.0999,71.411661,https://2gis.com/firm/70000001038675170,branch
Ева,мебельная компания,Мебель для кухни; Мебель на заказ; Корпусная мебель,"проспект Республики, 58/5",1 этаж,,,Сарыарка район,Астана,,Астана,Казахстан,Пн: 10:00-18:00; Вт: 10:00-18:00; Ср: 10:00-18:00; Чт: 10:00-18:00; Пт: 10:00-18:00; Сб: 10:00-15:00,+05:00,4.4,6,87077384886,,,,,,,https://instagram.com/eva.mebel.kz_astana_,,,,https://wa.me/77077384886,,,,,,,51.184411,71.424881,https://2gis.com/firm/70000001018104097,branch
Евродизайн,производственная компания,Мебель для кухни; Мебель на заказ; Детская мебель; Корпусная мебель; Офисная мебель,"улица Орнек, 2а",вход со двора,,,Сарыарка район,Астана,,Астана,Казахстан,Пн: 09:00-18:00; Вт: 09:00-18:00; Ср: 09:00-18:00; Чт: 09:00-18:00; Пт: 09:00-18:00; Сб: 10:00-16:00,+05:00,5.0,6,87015200122,,,,,,,,,,,https://wa.me/77015200122,,,,,,,51.203341,71.38185,https://2gis.com/firm/70000001018091663,branch
Жер стол,,Мебель для кухни; Мебель для общественного питания,"улица Алии Молдагуловой, 13/5",,,,Сарыарка район,Астана,,Астана,Казахстан,Пн: 00:00-24:00; Вт: 00:00-24:00; Ср: 00:00-24:00; Чт: 00:00-24:00; Пт: 00:00-24:00; Сб: 00:00-24:00; Вс: 00:00-24:00,+05:00,4.9,10,87786541344,,,,,,,https://instagram.com/zherstol.astana,,,,https://wa.me/77786541344,,,,,,,51.184785,71.401615,https://2gis.com/firm/70000001089732864,branch
Икрам-Шах,мебельная компания,Мебель для кухни; Мебель на заказ; Корпусная мебель; Офисная мебель; Мебель для ванных комнат; Детская мебель,"улица Максут Нарикбаев, 6",,,,Нура район,Астана,,Астана,Казахстан,Пн: 10:00-19:00; Вт: 10:00-19:00; Ср: 10:00-19:00; Чт: 10:00-19:00; Пт: 10:00-19:00; Сб: 10:00-19:00,+05:00,5.0,7,87075055248,87757133911,,,,,,https://instagram.com/mebel_zakaz_astana_01,,,,https://wa.me/77075055248,https://wa.me/77757133911,,viber://chat/?number=77075055248,https://t.me/+77075055248,,,51.140499,71.391457,https://2gis.com/firm/70000001051577664,branch
ИП ComfortAzia,,Мебель для кухни; Мебель на заказ; Корпусная мебель,"улица Жолымбетская, 43",5 этаж,,,Байконыр район,Астана,,Астана,Казахстан,Пн: 10:00-18:00; Вт: 10:00-18:00; Ср: 10:00-18:00; Чт: 10:00-18:00; Пт: 10:00-18:00; Сб: 10:00-18:00; Вс: 10:00-18:00,+05:00,4.9,32,87073783234,87026441304,,,,,,https://instagram.com/comfortazia,,,,https://wa.me/77073783234,https://wa.me/77026441304,,,,,,51.199883,71.468133,https://2gis.com/firm/70000001097489809,branch
ИП ComfortAzia,,Мебель для кухни; Мебель на заказ; Корпусная мебель,"улица Сакена Сейфуллина, 47",14 место; 6 этаж,,,Байконыр район,Астана,,Астана,Казахстан,Пн: 10:00-20:00; Вт: 10:00-20:00; Ср: 10:00-20:00; Чт: 10:00-20:00; Пт: 10:00-20:00; Сб: 10:00-20:00; Вс: 10:00-20:00,+05:00,4.5,90,87073783234,87026441304,,,,,,https://instagram.com/comfortazia,,,,https://wa.me/77073783234,https://wa.me/77026441304,,,,,,51.172982,71.437433,https://2gis.com/firm/70000001018519356,branch
ИП МебельАстана.kz,,Мебель для кухни; Мебель на заказ; Корпусная мебель; Детская мебель; Офисная мебель,"Альмукан Сембинов улица, 26/2",3 цех,,,Байконыр район,Астана,,Астана,Казахстан,Пн: 10:00-20:00; Вт: 10:00-20:00; Ср: 10:00-20:00; Чт: 10:00-20:00; Пт: 10:00-20:00; Сб: 10:00-20:00,+05:00,2.4,5,87784432095,,,,,,,https://instagram.com/korpus.kz,,,,https://wa.me/77784432095,,,,,,,51.17357,71.455468,https://2gis.com/firm/70000001025389933,branch
ИП Элит-Фурнитура,,"Мебель для кухни; Сантехника; Бытовая техника; Вентиляционное, тепловое оборудование","улица Шары Жиенкуловой, 8/3",1 этаж,,,Байконыр район,Астана,,Астана,Казахстан,Пн: 09:00-18:00; Вт: 09:00-18:00; Ср: 09:00-18:00; Чт: 09:00-18:00; Пт: 09:00-18:00; Сб: 10:00-17:00,+05:00,4.8,45,87015031742,87172433002,87074328586,,,,,https://instagram.com/elitfurnitura,,,,https://wa.me/77015031742,https://wa.me/77074328586,,,,,,51.177903,71.458323,https://2gis.com/firm/70000001027048395,branch
Компания по изготовлению мебели,,Мебель для кухни; Корпусная мебель,"улица Ильи Чехоева, 5","5, 5/1 место; 1 сектор; 6 блок",,,Байконыр район,Астана,,Астана,Казахстан,Пн: 09:00-18:00; Вт: 09:00-18:00; Ср: 09:00-18:00; Чт: 09:00-18:00; Пт: 09:00-18:00; Сб: 09:00-18:00; Вс: 09:00-18:00 (зимний период: пн-вс 9:00-17:00),+05:00,5.0,20,87071141182,,,,,,,,,,,https://wa.me/77071141182,,,,,,,51.198572,71.46409,https://2gis.com/firm/70000001057143155,branch
Компания по изготовлению мебели на заказ,ИП Шанырак Групп,Мебель для кухни; Корпусная мебель; Мебель на заказ; Офисная мебель; Мебельные фасады; Мебель для ванных комнат,"улица Бактыораза Бейсекбаева, 21/2",,,,Байконыр район,Астана,,Астана,Казахстан,Пн: 09:00-19:00; Вт: 09:00-19:00; Ср: 09:00-19:00; Чт: 09:00-19:00; Пт: 09:00-19:00; Сб: 09:00-19:00,+05:00,5.0,43,87076324902,,,,,,,https://instagram.com/shanyrak.group.kaz,,,,https://wa.me/77076324902,,,,,,,51.172093,71.459643,https://2gis.com/firm/70000001080294901,branch
Компания по производству лофт мебели,,Мебель для кухни; Офисная мебель; Корпусная мебель; Мебель на заказ,"улица Шары Жиенкуловой, 3г",,,,Байконыр район,Астана,,Астана,Казахстан,"Пн: 09:00-13:00, 14:00-19:00; Вт: 09:00-13:00, 14:00-19:00; Ср: 09:00-13:00, 14:00-19:00; Чт: 09:00-13:00, 14:00-19:00; Пт: 09:00-13:00, 14:00-19:00; Сб: 09:00-13:00, 14:00-19:00",+05:00,4.9,7,87085493253,,,,,,,,,,,https://wa.me/77085493253,,,,,,,51.175505,71.461373,https://2gis.com/firm/70000001075268389,branch
Кукебаев,компания по изготовлению мебели на заказ,Мебель для кухни; Мебель на заказ; Корпусная мебель; Распиловка древесины,"улица Михаила Лермонтова, 41Б",,,,Байконыр район,Астана,,Астана,Казахстан,Пн: 09:00-20:00; Вт: 09:00-20:00; Ср: 09:00-20:00; Чт: 09:00-20:00; Пт: 09:00-20:00; Сб: 09:00-20:00,+05:00,5.0,8,87789478787,,,,,,,https://instagram.com/meb.elastana01,,,,https://wa.me/77789478787,,,,,,,51.179691,71.442099,https://2gis.com/firm/70000001052676266,branch
МMD,мебельный завод,Мебель для кухни; Мебель на заказ; Корпусная мебель; Мягкая мебель; Детская мебель; Мебель для ванных комнат; Офисная мебель; Ремонт мебели; Матрасы; Мебель для учебных учреждений,"Талапкерский переулок, 26Б",,,,Сарыарка район,Астана,,Астана,Казахстан,"Пн: 09:00-13:00, 14:00-19:00; Вт: 09:00-13:00, 14:00-19:00; Ср: 09:00-13:00, 14:00-19:00; Чт: 09:00-13:00, 14:00-19:00; Пт: 09:00-13:00, 14:00-19:00; Сб: 09:00-13:00, 14:00-19:00",+05:00,5.0,7,87088801868,,,,,,,https://instagram.com/mmd.astana,,,,https://wa.me/77474310238,https://wa.me/77088801868,,viber://chat/?number=77474310238,https://t.me/+77088801868,,,51.186459,71.367099,https://2gis.com/firm/70000001094338672,branch
Массив,,Мебель для кухни; Пластиковая мебель; Мебель для общественного питания; Офисная мебель,"улица Шокана Уалиханова, 24",1 этаж; левое крыло,,,Байконыр район,Астана,,Астана,Казахстан,Пн: 10:00-21:00; Вт: 10:00-21:00; Ср: 10:00-21:00; Чт: 10:00-21:00; Пт: 10:00-21:00; Сб: 10:00-21:00; Вс: 10:00-21:00,+05:00,5.0,24,87086169731,,,,,,,https://instagram.com/massiv.salon,,,,https://wa.me/77086169731,,,,,,,51.175383,71.438769,https://2gis.com/firm/70000001079768500,branch
МебельКом,компания,Мебель для кухни; Мебель на заказ; Корпусная мебель; Детская мебель; Офисная мебель; Мягкая мебель,"улица Шагыл, 12 стр",,,,Байконыр район,Астана,,Астана,Казахстан,Пн: 09:00-19:00; Вт: 09:00-19:00; Ср: 09:00-19:00; Чт: 09:00-19:00; Пт: 09:00-19:00; Сб: 09:00-19:00,+05:00,5.0,7,87064197799,87071549571,,,,,,https://instagram.com/mebelkom.astana,,,,https://wa.me/77064197799,https://wa.me/77071549571,,,,,,51.177429,71.477049,https://2gis.com/firm/70000001103497874,branch
Мебельная компания,,Мебель для кухни; Мебель на заказ; Распиловка древесины; Корпусная мебель; Мебельные фасады; Мягкая мебель; Офисная мебель,"Альмукан Сембинов улица, 36/3",,,,Байконыр район,Астана,,Астана,Казахстан,"Пн: 10:00-13:00, 14:00-18:00; Вт: 10:00-13:00, 14:00-18:00; Ср: 10:00-13:00, 14:00-18:00; Чт: 10:00-13:00, 14:00-18:00; Пт: 10:00-13:00, 14:00-18:00; Сб: 10:00-13:00, 14:00-18:00",+05:00,4.9,7,87002021201,,,,,,,https://instagram.com/raspil_kz,,,,https://wa.me/77002021201,,,,https://t.me/+7-700-202-12-01,,,51.177513,71.458124,https://2gis.com/firm/70000001090239982,branch
Мебельная компания,ИП Айболат,Мебель для кухни; Мебель на заказ; Корпусная мебель,"проспект Акжол, 20",1 этаж,,,Байконыр район,Астана,,Астана,Казахстан,Пн: 09:00-21:00; Вт: 09:00-21:00; Ср: 09:00-21:00; Чт: 09:00-21:00; Пт: 09:00-21:00; Сб: 09:00-14:00,+05:00,5.0,14,87718530333,,,,,,,https://instagram.com/aibamebel.01,,,,https://wa.me/77718530333,,,,,,,51.18428,71.449362,https://2gis.com/firm/70000001090700787,branch
Мебельный магазин,,Мебель для кухни; Мебельные магазины; Мягкая мебель; Корпусная мебель,"улица Жусупбека Аймауытова, 7",405 бутик; 4 этаж,,,Байконыр район,Астана,,Астана,Казахстан,Пн: 10:00-18:00; Вт: 10:00-18:00; Ср: 10:00-18:00; Чт: 10:00-18:00; Пт: 10:00-18:00; Сб: 10:00-18:00; Вс: 10:00-18:00,+05:00,4.8,13,87011792805,87781798938,,,,,,https://instagram.com/stoly.stulya.astana01,,,,https://wa.me/77011792805,https://wa.me/77781798938,,,,,,51.175547,71.432025,https://2gis.com/firm/70000001082643702,branch
Мебельный склад,,Мебель для кухни; Корпусная мебель,"улица Николай Гоголь, 14в",,,,Байконыр район,Астана,,Астана,Казахстан,Пн: 09:00-18:00; Вт: 09:00-18:00; Ср: 09:00-18:00; Чт: 09:00-18:00; Пт: 09:00-18:00; Сб: 09:00-18:00; Вс: 09:00-16:00,+05:00,5.0,6,87023415454,87718835797,87755913121,,,,,https://instagram.com/edem_mebel_01,,,,https://wa.me/77718835797,https://wa.me/77023415454,https://wa.me/77755913121,,,,,51.193906,71.434681,https://2gis.com/firm/70000001104998024,branch
Мебельный цех,,Мебель для кухни; Мебель на заказ; Распиловка древесины; Корпусная мебель; Офисная мебель; Детская мебель,"улица Акарыс, 39а",,,Юго-Восток (левая сторона) ж/м,Алматы район,Астана,,Астана,Казахстан,Пн: 09:00-19:00; Вт: 09:00-19:00; Ср: 09:00-19:00; Чт: 09:00-19:00; Пт: 09:00-19:00; Сб: 09:00-19:00,+05:00,4.9,20,87059012343,87083417172,,,,,,https://instagram.com/mebel.ka.astana,,,,https://wa.me/77059012343,,,,,,,51.15363,71.511247,https://2gis.com/firm/70000001089107373,branch
МК Мебель,компания,Мебель для кухни; Мебель на заказ; Корпусная мебель; Офисная мебель; Детская мебель; Мебель для ванных комнат; Бытовая техника; Изделия из камня для помещений,"улица Гейдара Алиева, 10",,,,Есиль район,Астана,,Астана,Казахстан,Пн: 10:00-19:00; Вт: 10:00-19:00; Ср: 10:00-19:00; Чт: 10:00-19:00; Пт: 10:00-19:00; Сб: 10:00-19:00,+05:00,4.9,40,87783441221 (единый номер: пн-сб 10:00-19:00),87172642030,,,,,,https://instagram.com/mkmebel,,,,https://wa.me/77783441221,,,,,,,51.094364,71.41112,https://2gis.com/firm/70000001030597212,branch
Өнер_furniture,,Мебель для кухни; Мебель на заказ; Корпусная мебель,"улица Бактыораза Бейсекбаева, 24/1",209 кабинет; 2 этаж,,,Байконыр район,Астана,,Астана,Казахстан,Пн: 10:00-20:00; Вт: 10:00-20:00; Ср: 10:00-20:00; Чт: 10:00-20:00; Пт: 10:00-20:00; Сб: 10:00-15:00,+05:00,5.0,15,87788901278,,,,,,,https://instagram.com/oner_furniture_astana,,,,https://wa.me/77788901278,,,,,,,51.171607,71.460782,https://2gis.com/firm/70000001083567580,branch
Пинскдрев KZ,магазин белорусской мебели,Мебель для кухни; Мягкая мебель; Корпусная мебель; Бескаркасная мебель,"проспект Сарыарка, 1",1 этаж,,,Сарыарка район,Астана,,Астана,Казахстан,Пн: 10:00-20:00; Вт: 10:00-20:00; Ср: 10:00-20:00; Чт: 10:00-20:00; Пт: 10:00-20:00; Сб: 10:00-20:00; Вс: 10:00-20:00,+05:00,4.1,8,87789007961,,,,,,,https://instagram.com/pinskdrev.astana,,,,https://wa.me/77789007961,,,,,,,51.158846,71.410123,https://2gis.com/firm/70000001113334042,branch
Распил Центр,,"Мебель для кухни; Мебель на заказ; Распиловка древесины; Корпусная мебель; ЛДСП, ДВПО, МДФ","улица Ыкылас Дукенулы, 31/4",,,,Сарыарка район,Астана,,Астана,Казахстан,Пн: 09:00-19:00; Вт: 09:00-19:00; Ср: 09:00-19:00; Чт: 09:00-19:00; Пт: 09:00-19:00; Сб: 09:00-19:00,+05:00,5.0,26,87751179882,87714118183,,,,,,https://instagram.com/raspil_centr,,,,https://wa.me/77714118183,,,,,,,51.182534,71.436175,https://2gis.com/firm/70000001092524685,branch
РостМебель,мебельная компания,Мебель для кухни; Мебель на заказ; Корпусная мебель,"улица Григория Потанина, 14а",,,,Сарыарка район,Астана,,Астана,Казахстан,Пн: 11:00-20:00; Вт: 11:00-20:00; Ср: 11:00-20:00; Чт: 11:00-20:00; Пт: 11:00-20:00; Сб: 11:00-20:00,+05:00,4.6,10,87014771598,,,,,,,https://instagram.com/rostmebel2003,,,,https://wa.me/77014771598,,,,,,,51.187187,71.404224,https://2gis.com/firm/70000001018133660,branch
Руна Казахстан,,Мебель для кухни; Мебель на заказ; Корпусная мебель; Мягкая мебель; Мебель для общественного питания; Детская мебель; Офисная мебель; Ремонт мебели; Мебель для ванных комнат,"улица Шамши Калдаяков, 27/4",,,,Сарайшык район,Астана,,Астана,Казахстан,Пн: 10:00-21:00; Вт: 10:00-21:00; Ср: 10:00-21:00; Чт: 10:00-21:00; Пт: 10:00-21:00; Сб: 10:00-21:00; Вс: 10:00-21:00 (по предварительной записи),+05:00,4.4,126,87055785660,87055785587,87751495992,,,,,https://instagram.com/runa_mebel.kz,,https://facebook.com/runamebel.kz,https://vk.com/id789341152,https://wa.me/77055785660,https://wa.me/77055785587,,viber://chat/?number=77055785587,https://t.me/+77055785587,,https://youtube.com/@user-jg6qq1ic9u/featured,51.112972,71.499731,https://2gis.com/firm/70000001062429975,branch
Тандем,производственная компания мебели,Мебель для кухни; Мебель на заказ; Корпусная мебель; Детская мебель; Офисная мебель; Мебельные фасады; Распиловка древесины,"улица Шары Жиенкуловой, 5/12",,,,Байконыр район,Астана,,Астана,Казахстан,Пн: 09:00-20:00; Вт: 09:00-20:00; Ср: 09:00-20:00; Чт: 09:00-20:00; Пт: 09:00-20:00; Сб: 09:00-20:00,+05:00,5.0,12,87073314547,,,,,,,https://instagram.com/tandemebel.kz,,,,https://wa.me/77073314547,,,,,,,51.176556,71.457592,https://2gis.com/firm/70000001084264098,branch
Тритон,мебельная компания,Мебель для кухни; Корпусная мебель; Мебель на заказ; Детская мебель; Мебельные фасады; Фрезеровка неметаллов,"улица Кендала, 6а",,,,Сарыарка район,Астана,,Астана,Казахстан,"Пн: 08:00-13:00, 14:00-18:00; Вт: 08:00-13:00, 14:00-18:00; Ср: 08:00-13:00, 14:00-18:00; Чт: 08:00-13:00, 14:00-18:00; Пт: 08:00-13:00, 14:00-18:00; Сб: 08:00-13:00, 14:00-18:00 (по предварительной записи)",+05:00,4.9,9,87015217495,,,,,,,,,,,https://wa.me/77015217495,,,,,,,51.193384,71.344998,https://2gis.com/firm/70000001018104106,branch
Фатима,мебельный центр,Мебель для кухни; Мебель на заказ; Мебель для ванных комнат; Детская мебель; Корпусная мебель,"улица Александр Герцен, 34",,,,Сарыарка район,Астана,,Астана,Казахстан,"Пн: 09:00-13:00, 14:00-22:00; Вт: 09:00-13:00, 14:00-22:00; Ср: 09:00-13:00, 14:00-22:00; Чт: 09:00-13:00, 14:00-22:00; Пт: 09:00-13:00, 14:00-22:00; Сб: 09:00-13:00, 14:00-22:00; Вс: 09:00-13:00, 14:00-22:00",+05:00,5.0,84,87757854446,,,,,,,https://instagram.com/fatima_zhihaz,,,,https://wa.me/77757854446,,,,,,,51.203998,71.372363,https://2gis.com/firm/70000001083019504,branch
Хан,компания по изготовлению столов трансформеров,Мебель для кухни; Мебель на заказ,"переулок Аксункар, 1",,,Юго-Восток (правая сторона) ж/м,Алматы район,Астана,,Астана,Казахстан,Пн: 11:00-19:00; Вт: 11:00-19:00; Ср: 11:00-19:00; Чт: 11:00-19:00; Пт: 11:00-19:00; Сб: 11:00-19:00; Вс: 11:00-19:00 (по предварительной записи),+05:00,5.0,15,87079729255,87011999770,87078424199,,,,,https://instagram.com/stol_transformer_xan,,,,https://wa.me/77079729255,https://wa.me/77011999770,,,,,,51.133419,71.486105,https://2gis.com/firm/70000001057652907,branch
Центр изготовления мебели на заказ,,Мебель для кухни; Мебель на заказ; Мягкая мебель,,,,,,,Целиноградский район,Акмолинская область,Казахстан,Пн: 09:00-18:00; Вт: 09:00-18:00; Ср: 09:00-18:00; Чт: 09:00-18:00; Пт: 09:00-18:00; Сб: 09:00-18:00,+05:00,4.2,5,87015702699,87789681299,,,,,,,,,,https://wa.me/77789681299,https://wa.me/77711387033,https://wa.me/77015702699,,,,,,,https://2gis.com/firm/70000001034515261,branch
Цех по изготовлению мебели,,Мебель для кухни; Мебель на заказ; Корпусная мебель,"улица Бастобе, 32/2а",,,Промышленный ж/м,Сарайшык район,Астана,,Астана,Казахстан,Пн: 10:00-19:00; Вт: 10:00-19:00; Ср: 10:00-19:00; Чт: 10:00-19:00; Пт: 10:00-19:00; Сб: 10:00-19:00; Вс: 10:00-19:00,+05:00,5.0,10,87014405231,87027403402,87059121793,,,,,https://instagram.com/mebel_kenes.kz,,,,https://wa.me/77014405231,https://wa.me/77027403402,,,,,,51.119923,71.521696,https://2gis.com/firm/70000001074745700,branch
Шеф Кухни,мебельная компания,Мебель для кухни; Мебель на заказ,"Аль-Фараби проспект, 7/3",,,,Есиль район,Астана,,Астана,Казахстан,Вт: 10:00-19:00; Ср: 10:00-19:00; Чт: 10:00-19:00; Пт: 10:00-19:00; Сб: 10:00-19:00; Вс: 10:00-19:00,+05:00,5.0,5,87057436949,,,,,,,https://instagram.com/Shefkuhni_qaz,,,,https://wa.me/77057436949,,,,,,,51.101167,71.450195,https://2gis.com/firm/70000001114344051,branch
