Наименование,Описание,Рубрики,Адрес,Комментарий к адресу,Почтовый индекс,Микрорайон,Район,Город,Округ,Регион,Страна,Часы работы,Часовой пояс,Рейтинг,Количество отзывов,Телефон 1,Телефон 2,Телефон 3,E-mail,Веб-сайт 1,Веб-сайт 2,Веб-сайт 3,Instagram,Twitter,Facebook,ВКонтакте,WhatsApp 1,WhatsApp 2,WhatsApp 3,Viber,Telegram 1,Telegram 2,Telegram 3,YouTube,Широта,Долгота,2GIS URL,Тип
1000 мелочей,магазин,Косметика и парфюмерия; Хозтовары,"микрорайон Кокжиек, 54а/1",,050028,Кокжиек м-н,Жетысуский район,Алматы,,Алматы,Казахстан,Пн: 10:00-21:00; Вт: 10:00-21:00; Ср: 10:00-21:00; Чт: 10:00-21:00; Пт: 10:00-21:00; Сб: 10:00-21:00; Вс: 10:00-21:00,+05:00,5.0,23,87477576021,,,,,,,,,,,https://wa.me/77477576021,,,,,,,,43.355026,76.922374,https://2gis.com/firm/70000001102988330,branch
1000 мелочей,магазин,Косметика и парфюмерия; Средства гигиены; Игрушки; Бытовая химия,"микрорайон Айнабулак-3, 129Б/3",,050014,Айнабулак-3 м-н,Жетысуский район,Алматы,,Алматы,Казахстан,Пн: 10:00-22:00; Вт: 10:00-22:00; Ср: 10:00-22:00; Чт: 10:00-22:00; Пт: 10:00-22:00; Сб: 10:00-22:00; Вс: 10:00-22:00,+05:00,4.8,23,87477238107,,,,,,,,,,,,,,,,,,,43.327106,76.921947,https://2gis.com/firm/70000001093569918,branch
1000 мелочей,магазин,Косметика и парфюмерия; Посуда; Канцтовары; Аксессуары к телефонам; Бытовая техника,"улица Пушкина, 2",1 этаж,050016,,Медеуский район,Алматы,,Алматы,Казахстан,Пн: 09:00-22:00; Вт: 09:00-22:00; Ср: 09:00-22:00; Чт: 09:00-22:00; Пт: 09:00-22:00; Сб: 09:00-22:00; Вс: 09:00-22:00,+05:00,4.8,10,87471184212,,,,,,,https://instagram.com/1000melochey_cotovik,,,,https://wa.me/77471184212,,,,,,,,43.270477,76.952353,https://2gis.com/firm/70000001082686154,branch
1000 мелочей,магазин,Косметика и парфюмерия; Хозтовары; Бижутерия; Посуда; Солнцезащитные очки,"улица Уалиханова, 33/4",,050002,,Медеуский район,Алматы,,Алматы,Казахстан,Пн: 10:30-22:00; Вт: 10:30-22:00; Ср: 10:30-22:00; Чт: 10:30-22:00; Пт: 10:30-22:00; Сб: 10:30-22:00; Вс: 10:30-22:00,+05:00,4.9,19,87785801557,,,,,,,https://instagram.com/rrbar_bie,,,,https://wa.me/77785801557,,,,,,,,43.264671,76.95013,https://2gis.com/firm/70000001076565345,branch
1000 мелочей,магазин,Косметика и парфюмерия; Хозтовары; Посуда; Канцтовары; Стройматериалы,"проспект Серкебаева, 13",,050060,,Бостандыкский район,Алматы,,Алматы,Казахстан,Пн: 09:00-21:00; Вт: 09:00-21:00; Ср: 09:00-21:00; Чт: 09:00-21:00; Пт: 09:00-21:00; Сб: 09:00-21:00; Вс: 09:00-21:00,+05:00,4.9,35,87026547575,87054404100,,,,,,,,,,https://wa.me/77026547575,https://wa.me/77054404100,,,https://t.me/+77026547575,,,,43.224055,76.896114,https://2gis.com/firm/70000001067022618,branch
1000 мелочей,магазин,Косметика и парфюмерия; Копировальные услуги; Бижутерия; Хозтовары; Канцтовары,"улица Басенова, 27",,050060,,Бостандыкский район,Алматы,,Алматы,Казахстан,Пн: 10:00-17:00; Вт: 10:00-17:00; Ср: 10:00-17:00; Чт: 10:00-17:00; Пт: 10:00-17:00; Сб: 10:00-14:00,+05:00,4.4,13,87785277272,87072419141,,,,,,,,,,https://wa.me/77785277272,,,,,,,,43.22211,76.895251,https://2gis.com/firm/70000001052313523,branch
1000 мелочей,магазин хозяйственных товаров,Косметика и парфюмерия; Хозтовары; Бижутерия,"улица Утеген батыра, 60",,050061,Тастак-1 м-н,Ауэзовский район,Алматы,,Алматы,Казахстан,Пн: 09:00-22:00; Вт: 09:00-22:00; Ср: 09:00-22:00; Чт: 09:00-22:00; Пт: 09:00-22:00; Сб: 09:00-22:00; Вс: 09:00-22:00,+05:00,4.8,14,87474860693,87714518851,,,,,,,,,,https://wa.me/77714518851,https://wa.me/77474860693,,,,,,,43.246222,76.856078,https://2gis.com/firm/70000001046217159,branch
1000 мелочей,магазин хозяйственных товаров,Косметика и парфюмерия; Хозтовары; Посуда; Бытовая химия; Средства гигиены,"Ораза Жандосова улица, 21",1 этаж,050057,,Бостандыкский район,Алматы,,Алматы,Казахстан,Пн: 09:00-20:00; Вт: 09:00-20:00; Ср: 09:00-20:00; Чт: 09:00-20:00; Пт: 09:00-20:00; Сб: 09:00-20:00; Вс: 09:30-20:00,+05:00,5.0,29,87478548363,,,,,,,,,,,https://wa.me/77478548363,,,,,,,,43.231718,76.898352,https://2gis.com/firm/70000001021307053,branch
1001,магазин,Косметика и парфюмерия; Посуда; Бытовая химия; Игрушки,"Алматинская улица, 29/1",,040702,,,,Илийский район,Алматинская область,Казахстан,Пн: 10:00-22:00; Вт: 10:00-22:00; Ср: 10:00-22:00; Чт: 10:00-22:00; Пт: 10:00-22:00; Сб: 10:00-22:00; Вс: 10:00-22:00,+05:00,4.9,20,87075224415,,,,,,,https://instagram.com/Amanat_Madina2025,,,,https://wa.me/77075224415,,,,,,,,43.407787,76.913547,https://2gis.com/firm/70000001101429527,branch
4u shop,магазин уходовой косметики,Косметика и парфюмерия; Средства гигиены; Аксессуары для ванных комнат,"улица Карасай батыра, 326",26 бутик; E линия; 5 блок,050005,,Алмалинский район,Алматы,,Алматы,Казахстан,Пн: 10:00-21:30; Вт: 10:00-21:30; Ср: 10:00-21:30; Чт: 10:00-21:30; Пт: 10:00-21:30; Сб: 10:00-21:30; Вс: 10:00-21:30,+05:00,4.4,20,87089230424,,,,,,,https://instagram.com/4u_shop_skincare,,,,https://wa.me/77089230424,,,,,,,,43.246269,76.869439,https://2gis.com/firm/70000001080438156,branch
5 plus,магазин канцелярских товаров,Косметика и парфюмерия; Канцтовары; Уголки самообслуживания EGOV,"улица Жанкожа батыра, 139",8 кабинет; 1 этаж,050065,Шанырак-2 м-н,Алатауский район,Алматы,,Алматы,Казахстан,Пн: 09:00-20:00; Вт: 09:00-20:00; Ср: 09:00-20:00; Чт: 09:00-20:00; Пт: 09:00-20:00; Сб: 09:00-20:00; Вс: 09:00-20:00,+05:00,3.7,6,87074018393,87074432345,87077476457,,,,,https://instagram.com/5_plus_almaty,,,,https://wa.me/77074018381,https://wa.me/77074018393,,,,,,,43.298137,76.850974,https://2gis.com/firm/70000001047889013,branch
ABLstore.kz,магазин уходовой косметики,Косметика и парфюмерия,"Кашгарская улица, 77",1 этаж,050022,,Бостандыкский район,Алматы,,Алматы,Казахстан,Пн: 10:00-20:00; Вт: 10:00-20:00; Ср: 10:00-20:00; Чт: 10:00-20:00; Пт: 10:00-20:00; Сб: 10:00-20:00; Вс: 10:00-20:00,+05:00,5.0,121,87757851665,,,,,,,https://instagram.com/ablstore.kz,,https://facebook.com/asian.beauty.lab.byskak,,https://wa.me/77757851665,,,,,,,,43.240439,76.92884,https://2gis.com/firm/70000001055863051,branch
Ademi Parfum,магазин парфюмерии,Косметика и парфюмерия,"улица Ардагер, 34",,40921,,,,Карасайский район,Алматинская область,Казахстан,Пн: 18:00-24:00; Вт: 18:00-24:00; Ср: 18:00-24:00; Чт: 18:00-24:00; Пт: 18:00-24:00; Сб: 18:00-24:00; Вс: 18:00-24:00 (по предварительной записи),+05:00,5.0,19,87074461811,,,,,,,https://instagram.com/ademi.parfum,,,,https://wa.me/77074461811,,,,https://t.me/+77074461811,,,,43.259597,76.776018,https://2gis.com/firm/70000001102622717,branch
Adiami,магазин косметики,Косметика и парфюмерия,"улица Утеген батыра, 6",,050031,Тастак-1 м-н,Ауэзовский район,Алматы,,Алматы,Казахстан,Пн: 10:00-19:00; Вт: 10:00-19:00; Ср: 10:00-19:00; Чт: 10:00-19:00; Пт: 10:00-19:00; Сб: 10:00-14:00 (по предварительному звонку: сб),+05:00,3.5,14,87016103646,87075295689,,,,,,https://instagram.com/adiami_kz,,,,,,,,,,,,43.250735,76.853363,https://2gis.com/firm/70000001096369403,branch
Adore perfume,бутик парфюмерии,Косметика и парфюмерия,"8-й микрорайон, 37/1",1 этаж,050006,8-й м-н,Ауэзовский район,Алматы,,Алматы,Казахстан,Пн: 10:00-22:00; Вт: 10:00-22:00; Ср: 10:00-22:00; Чт: 10:00-22:00; Пт: 10:00-22:00; Сб: 10:00-22:00; Вс: 10:00-22:00,+05:00,5.0,24,87077910033,,,,,,,https://instagram.com/adore_perfume01,,,,,,,,,,,,43.227985,76.86478,https://2gis.com/firm/70000001095849407,branch
Aewshop_kz,магазин парфюмерии и косметики,Косметика и парфюмерия; Часы; Бижутерия; Сумки и кожгалантерея; Контактные линзы,"улица Наурызбай батыра, 60",,050000,,Алмалинский район,Алматы,,Алматы,Казахстан,Пн: 12:00-20:00; Вт: 12:00-20:00; Ср: 12:00-20:00; Чт: 12:00-20:00; Пт: 12:00-20:00; Сб: 12:00-20:00; Вс: 12:00-20:00,+05:00,4.9,307,87089227398,,,,,,,https://instagram.com/aewshop_kz,,,,https://wa.me/77089227398,,,,,,,,43.258547,76.935947,https://2gis.com/firm/70000001079116503,branch
Ai shop almaty,интернет-магазин,Косметика и парфюмерия; Сумки и кожгалантерея; Часы; Игрушки; Детская одежда,"улица Хамраева, 37",,041609,,,,Талгарский район,Алматинская область,Казахстан,Пн: 10:00-20:00; Вт: 10:00-20:00; Ср: 10:00-20:00; Чт: 10:00-20:00; Пт: 10:00-20:00; Сб: 10:00-20:00; Вс: 10:00-20:00,+05:00,5.0,9,87785589260,,,,,,,https://instagram.com/aishop_almaty__,,,,https://wa.me/77785589260,,,,,,,,43.30335,77.042217,https://2gis.com/firm/70000001081814987,branch
Aiadi,магазин товаров для дома,Косметика и парфюмерия; Посуда; Керамические изделия,"улица Кабанбай батыра, 45",231 бутик; 2 этаж,40000,,,Талдыкорган,Талдыкорган городская администрация,Жетысу область,Казахстан,Пн: 09:00-18:30; Вт: 09:00-18:30; Ср: 09:00-18:30; Чт: 09:00-18:30; Пт: 09:00-18:30; Сб: 09:00-18:30; Вс: 09:00-18:30,+05:00,4.6,20,87780872321,,,,,,,https://instagram.com/aiadi_shop_tdk,,,,https://wa.me/77780872321,,,,,,,,45.019669,78.379221,https://2gis.com/firm/70000001095227981,branch
Aila market,магазин хозтоваров,Косметика и парфюмерия; Хозтовары; Канцтовары; Бижутерия,"улица Жапсарбаева, 16",,050024,Ожет м-н,Алатауский район,Алматы,,Алматы,Казахстан,Пн: 08:00-24:00; Вт: 08:00-24:00; Ср: 08:00-24:00; Чт: 08:00-24:00; Пт: 08:00-24:00; Сб: 08:00-24:00; Вс: 08:00-24:00,+05:00,5.0,15,87089003116,,,,,,,,,,,https://wa.me/77089003116,,,,,,,,43.31553,76.895472,https://2gis.com/firm/70000001091766513,branch
Ainadan_beauty,бутик по продаже косметики,Косметика и парфюмерия,"8-й микрорайон, 37/1",1 этаж,050006,8-й м-н,Ауэзовский район,Алматы,,Алматы,Казахстан,Пн: 10:00-22:00; Вт: 10:00-22:00; Ср: 10:00-22:00; Чт: 10:00-22:00; Пт: 10:00-22:00; Сб: 10:00-22:00; Вс: 10:00-22:00,+05:00,4.9,23,87476026971,,,,,,,,,,,https://wa.me/77476026971,,,,,,,,43.227649,76.864331,https://2gis.com/firm/70000001095516808,branch
Ais parfum,магазин парфюмерии,Косметика и парфюмерия,"Кульджинский тракт, 98а",1 этаж,,,,,Талгарский район,Алматинская область,Казахстан,Пн: 10:00-21:00; Вт: 10:00-21:00; Ср: 10:00-21:00; Чт: 10:00-21:00; Пт: 10:00-21:00; Сб: 10:00-21:00; Вс: 10:00-21:00,+05:00,5.0,10,87470388003,,,,,,,https://instagram.com/ais_parfumm,,,,https://wa.me/77470388003,,,,,,,,43.342512,77.050952,https://2gis.com/firm/70000001115782132,branch
Aisha shop,магазин женской одежды,Косметика и парфюмерия; Женская одежда; Сумки и кожгалантерея; Нижнее бельё; Мусульманская одежда,"улица Аксай, 1",3 бутик; 2 этаж,050047,Саялы м-н,Алатауский район,Алматы,,Алматы,Казахстан,Пн: 09:00-21:00; Вт: 09:00-21:00; Ср: 09:00-21:00; Чт: 09:00-21:00; Пт: 09:00-21:00; Сб: 09:00-21:00; Вс: 09:00-21:00,+05:00,5.0,6,87072854193,87072854191,,,,,,https://instagram.com/aisha_shop_4,,,,https://wa.me/77072854193,,,,,,,,43.312979,76.842136,https://2gis.com/firm/70000001092874460,branch
Aizhan key,магазин,Косметика и парфюмерия,"улица Ауэзова, 82",611 офис; 6 этаж,050008,,Бостандыкский район,Алматы,,Алматы,Казахстан,Пн: 09:00-19:00; Вт: 09:00-19:00; Ср: 09:00-19:00; Чт: 09:00-19:00; Пт: 09:00-19:00; Сб: 10:00-19:00; Вс: 10:00-19:00,+05:00,4.0,12,87775185534,,,,,,,https://instagram.com/aizhan_key_shop,,,,https://wa.me/77775185534,,,,,,,,43.238525,76.904546,https://2gis.com/firm/70000001032963714,branch
AkDi,магазин,Косметика и парфюмерия; Бижутерия,"4-й микрорайон, 28",215 бутик; 2 этаж,050062,4-й м-н,Ауэзовский район,Алматы,,Алматы,Казахстан,Вт: 09:00-18:00; Ср: 09:00-18:00; Чт: 09:00-18:00; Пт: 09:00-18:00; Сб: 09:00-18:00; Вс: 09:00-18:00,+05:00,5.0,23,87078897158,,,,,,,https://instagram.com/akdi_92,,,,https://wa.me/77078897158,,,,https://t.me/+77078897158,,,,43.230574,76.85666,https://2gis.com/firm/70000001112717499,branch
Aktore Prof Magazin,супермаркет бытовых товаров и косметики,Косметика и парфюмерия; Бытовая химия; Хозтовары; Женская одежда,"улица Айтеке би, 26а","1, 2 этаж",041600,,,Талгар,Талгарский район,Алматинская область,Казахстан,Вт: 09:00-18:00; Ср: 09:00-18:00; Чт: 09:00-18:00; Пт: 09:00-18:00; Сб: 09:00-18:00; Вс: 09:00-18:00,+05:00,3.9,46,87479526212,87272956021,87759895181,,,,,https://instagram.com/aktore_prof_magazin,,,,https://wa.me/77479526212,,,,,,,,43.306792,77.243307,https://2gis.com/firm/70000001045376973,branch
Al musk,островок по продаже парфюма,Косметика и парфюмерия; Ароматовары,"улица Тимирязева, 42 к3",1 этаж,050057,,Бостандыкский район,Алматы,,Алматы,Казахстан,Пн: 10:00-22:00; Вт: 10:00-22:00; Ср: 10:00-22:00; Чт: 10:00-22:00; Пт: 10:00-22:00; Сб: 10:00-22:00; Вс: 10:00-22:00,+05:00,4.9,70,87078490039,,,,,,,https://instagram.com/almusk_perfume,,,,https://wa.me/77078490039,,,,,,,,43.225027,76.908352,https://2gis.com/firm/70000001110828378,branch
Ali Perfume & Flowers,цветочный салон,Косметика и парфюмерия; Цветы,"улица Акан Серы, 106",,050037,,Турксибский район,Алматы,,Алматы,Казахстан,Пн: 11:00-04:00; Вт: 11:00-04:00; Ср: 11:00-04:00; Чт: 11:00-04:00; Пт: 11:00-04:00; Сб: 11:00-04:00; Вс: 11:00-04:00,+05:00,5.0,22,87066333313,,,,,,,https://instagram.com/ali_perfume_flowers,,,,https://wa.me/77066333313,,,,,,,,43.317241,76.944635,https://2gis.com/firm/70000001109568647,branch
Aliden,бутик по продаже наливной парфюмерии,Косметика и парфюмерия,"Кабдолова улица, 1/4",5 блок,050062,,Ауэзовский район,Алматы,,Алматы,Казахстан,Пн: 10:00-22:00; Вт: 10:00-22:00; Ср: 10:00-22:00; Чт: 10:00-22:00; Пт: 10:00-22:00; Сб: 10:00-22:00; Вс: 10:00-22:00,+05:00,5.0,33,87017409989,87081844136,,,,,,https://instagram.com/aliden_parfum,,,,https://wa.me/77017409989,https://wa.me/77081844136,,,,,,,43.237495,76.849345,https://2gis.com/firm/70000001067112030,branch
All I Need,бутик косметики,Косметика и парфюмерия,"проспект Назарбаева, 223",А23 бутик; 1 этаж,050059,,Бостандыкский район,Алматы,,Алматы,Казахстан,Пн: 10:00-21:00; Вт: 10:00-21:00; Ср: 10:00-21:00; Чт: 10:00-21:00; Пт: 10:00-21:00; Сб: 10:00-21:00; Вс: 10:00-21:00,+05:00,5.0,20,87478372776,,,,,,,https://instagram.com/allineed.kz,,,,https://wa.me/77478372776,,,,,,,,43.232783,76.948348,https://2gis.com/firm/70000001040945465,branch
Alla parfums,магазин парфюмерии,Косметика и парфюмерия,"улица Байтурсынова, 43",1 этаж,050012,,Алмалинский район,Алматы,,Алматы,Казахстан,Пн: 10:00-19:00; Вт: 10:00-19:00; Ср: 10:00-19:00; Чт: 10:00-19:00; Пт: 10:00-19:00; Сб: 11:00-18:00,+05:00,5.0,33,87080433304,,,,,,,https://instagram.com/alla_parfums,,,,https://wa.me/77080433304,,,,,,,,43.2529,76.925479,https://2gis.com/firm/9429940000843364,branch
Allinday,магазин косметики,Косметика и парфюмерия; Хозтовары,"улица Орманова, 54",цокольный этаж,40008,,,Талдыкорган,Талдыкорган городская администрация,Жетысу область,Казахстан,Пн: 10:00-20:00; Вт: 10:00-20:00; Ср: 10:00-20:00; Чт: 10:00-20:00; Пт: 10:00-20:00; Сб: 10:00-20:00; Вс: 10:00-20:00,+05:00,4.4,6,87784444318,,,,,,,https://instagram.com/optom_allinday,,,,https://wa.me/77784444318,,,,,,,,45.013663,78.368798,https://2gis.com/firm/70000001111496131,branch
Allinday,магазин косметики,Косметика и парфюмерия; Бытовая химия,"проспект Турара Рыскулова, 103/3",1 бутик; 3 этаж,050061,,Алатауский район,Алматы,,Алматы,Казахстан,Пн: 11:00-20:00; Вт: 10:00-20:00; Ср: 10:00-20:00; Чт: 10:00-20:00; Пт: 10:00-20:00; Сб: 10:00-20:00; Вс: 10:00-20:00,+05:00,4.8,185,87758880145,87784444318,,,,,,https://instagram.com/optom_allinday,,,,https://wa.me/77758880145,https://wa.me/77784444318,,,https://t.me/allinday,,,,43.266973,76.869835,https://2gis.com/firm/70000001035503486,branch
Alma Parfum,парфюмерный магазин,Косметика и парфюмерия,"микрорайон Аксай-2, 53",1 этаж,050031,Аксай-2 м-н,Ауэзовский район,Алматы,,Алматы,Казахстан,Пн: 10:00-20:00; Вт: 10:00-20:00; Ср: 10:00-20:00; Чт: 10:00-20:00; Пт: 10:00-20:00; Сб: 10:00-20:00; Вс: 10:00-20:00,+05:00,5.0,15,87026084048,,,,,,,https://instagram.com/alma_parfum_kz,,,,https://wa.me/77026084048,,,,,,,,43.238345,76.839009,https://2gis.com/firm/70000001111120265,branch
Almon Kz,торговая компания,Косметика и парфюмерия; Средства гигиены; Бытовая химия; Диетические продукты,"проспект Назарбаева, 311",2 офис; 1 этаж,050059,,Медеуский район,Алматы,,Алматы,Казахстан,"Пн: 08:00-12:00, 13:00-17:00; Вт: 08:00-12:00, 13:00-17:00; Ср: 08:00-12:00, 13:00-17:00; Чт: 08:00-12:00, 13:00-17:00; Пт: 08:00-12:00, 13:00-17:00",+05:00,4.2,10,87272645399,87272644860,,,,,,https://instagram.com/almon_kz,,,,https://wa.me/77076390197,,,,,,,,43.219532,76.954111,https://2gis.com/firm/9429940000785376,branch
Amazing,интернет-магазин мультибрендовой косметики,Косметика и парфюмерия,,,,,,Алматы,,Алматы,Казахстан,Пн: 11:00-20:00; Вт: 11:00-20:00; Ср: 11:00-20:00; Чт: 11:00-20:00; Пт: 11:00-20:00; Сб: 11:00-20:00; Вс: 11:00-20:00,+05:00,4.9,16,87472969098,87470536558,,,,,,https://instagram.com/amazing.skn,,,,https://wa.me/77472969098,https://wa.me/77470536558,,,,,,,,,https://2gis.com/firm/70000001067002226,branch
aMBra,магазин,Косметика и парфюмерия; Аксессуары к телефонам; Солнцезащитные очки; Помощь в подключении услуг связи,"проспект Абая, 34",,050022,,Бостандыкский район,Алматы,,Алматы,Казахстан,Пн: 11:00-22:00; Вт: 11:00-22:00; Ср: 11:00-22:00; Чт: 11:00-22:00; Пт: 11:00-22:00; Сб: 11:00-22:00; Вс: 11:00-22:00,+05:00,5.0,16,87713598026,,,,,,,https://instagram.com/ambra.shop.almaty,,,,https://wa.me/77713598026,,,,,,,,43.241231,76.932853,https://2gis.com/firm/70000001114430769,branch
Ambrette,бутик парфюмерии,Косметика и парфюмерия,"Северное Кольцо шоссе, 3/1",23 бутик; синий сектор; 2 этаж,050058,,Жетысуский район,Алматы,,Алматы,Казахстан,Вт: 09:00-19:00; Ср: 09:00-19:00; Чт: 09:00-19:00; Пт: 09:00-19:00; Сб: 09:00-19:00; Вс: 09:00-19:00,+05:00,3.0,5,87762110006,,,,,,,https://instagram.com/ambrette.kz,,,,https://wa.me/77762110006,,,,,,,,43.277543,76.887846,https://2gis.com/firm/70000001083044693,branch
Amore_beauty.kaskelen,магазин косметики,Косметика и парфюмерия; Бижутерия; Солнцезащитные очки,"проспект Абылай хана, 175",,040901,,,Каскелен,Карасайский район,Алматинская область,Казахстан,Пн: 09:00-20:00; Вт: 09:00-20:00; Ср: 09:00-20:00; Чт: 09:00-20:00; Пт: 09:00-20:00; Сб: 09:00-20:00; Вс: 09:00-20:00,+05:00,4.4,8,87757016567,,,,,,,https://instagram.com/amore_beauty.kaskelen,,,,https://wa.me/77757016567,,,,,,,,43.200618,76.630507,https://2gis.com/firm/70000001100560852,branch
Amway,интернет-магазин,Косметика и парфюмерия; Бытовая химия; БАДы; Домашний текстиль,"улица Алга, 7",,40719,,,,Илийский район,Алматинская область,Казахстан,Пн: 00:00-24:00; Вт: 00:00-24:00; Ср: 00:00-24:00; Чт: 00:00-24:00; Пт: 00:00-24:00; Сб: 00:00-24:00; Вс: 00:00-24:00,+05:00,5.0,8,87015835171,87714534829,,,,,,https://instagram.com/alpysbayevy,,,,https://wa.me/77714534829,https://wa.me/77015835171,,,,,,,43.507111,76.836977,https://2gis.com/firm/70000001111069548,branch
Amway,интернет-магазин,Косметика и парфюмерия; БАДы,"улица Федосеева, 38в к7",,050054,Жас Канат м-н,Турксибский район,Алматы,,Алматы,Казахстан,Пн: 10:00-18:00; Вт: 10:00-18:00; Ср: 10:00-18:00; Чт: 10:00-18:00; Пт: 10:00-18:00; Сб: 10:00-18:00; Вс: 10:00-18:00,+05:00,5.0,8,87473808251,,,,,,,https://instagram.com/alimbekgulzat,,,,https://wa.me/77473808251,,,,,,,,43.317201,76.974227,https://2gis.com/firm/70000001084107368,branch
Amway,магазин косметики,Косметика и парфюмерия; БАДы; Бытовая химия,"улица Жунисова, 12/6",1 этаж,050035,,Наурызбайский район,Алматы,,Алматы,Казахстан,Пн: 08:00-21:00; Вт: 08:00-21:00; Ср: 08:00-21:00; Чт: 08:00-21:00; Пт: 08:00-21:00; Сб: 08:00-21:00; Вс: 08:00-21:00 (по предварительному звонку),+05:00,5.0,5,87051234442,,,,,,,,,,,https://wa.me/77051234442,,,,,,,,43.221065,76.785409,https://2gis.com/firm/70000001104550558,branch
ani.koreancosmetics,магазин косметики,Косметика и парфюмерия,"проспект Жибек Жолы, 53",43 бутик; новый павильон; 1 этаж,050002,,Медеуский район,Алматы,,Алматы,Казахстан,Вт: 09:00-18:00; Ср: 09:00-18:00; Чт: 09:00-18:00; Пт: 09:00-18:00; Сб: 09:00-18:00; Вс: 09:00-18:00,+05:00,5.0,6,87079956956,,,,,,,https://instagram.com/ani.koreancosmetics,,,,https://wa.me/77079956956,,,,,,,,43.264421,76.954757,https://2gis.com/firm/70000001090569932,branch
AniMart,магазин подарочных товаров,Косметика и парфюмерия; Солнцезащитные очки; Сувениры,"улица Ю. Гагарина, 106/110",1 этаж,040008,,,Талдыкорган,Талдыкорган городская администрация,Жетысу область,Казахстан,Пн: 10:00-19:00; Вт: 10:00-19:00; Ср: 10:00-19:00; Чт: 10:00-19:00; Пт: 10:00-19:00; Сб: 10:00-19:00; Вс: 10:00-19:00,+05:00,4.9,33,87713597046,,,,,,,https://instagram.com/animart.tdk,,,,https://wa.me/77713597046,,,,,,,,45.016979,78.358009,https://2gis.com/firm/70000001080354990,branch
Ans Perfume,магазин парфюмерии,Косметика и парфюмерия,"Кульджинский тракт, 1/5а",,,,,,Талгарский район,Алматинская область,Казахстан,"Пн: 11:30-22:00; Вт: 11:30-22:00; Ср: 11:30-22:00; Чт: 11:30-22:00; Пт: 11:30-13:00, 14:00-22:00; Сб: 11:30-22:00; Вс: 11:30-22:00",+05:00,5.0,19,87000999235,87086540717,,,,,,https://instagram.com/ansperfumee,,,,https://wa.me/77000999235,,,,,,,,43.35398,77.06868,https://2gis.com/firm/70000001114249691,branch
Apteka-China 999,,Косметика и парфюмерия; БАДы; Средства гигиены; Фитопродукция,"Северное Кольцо шоссе, 118/6",39-40 бутик; 1 этаж,050024,Ожет м-н,Алатауский район,Алматы,,Алматы,Казахстан,Вт: 08:00-17:00; Ср: 08:00-17:00; Чт: 08:00-17:00; Пт: 08:00-17:00; Сб: 08:00-17:00; Вс: 08:00-17:00,+05:00,3.7,13,87017109281,,,,,,,https://instagram.com/apteka_china999,,,,https://wa.me/77017109281,,,,,,,,43.322193,76.900139,https://2gis.com/firm/70000001079577820,branch
Arafan perfume,магазин парфюмерии,Косметика и парфюмерия,"проспект Достык, 108Б",справа от входа,050021,,Медеуский район,Алматы,,Алматы,Казахстан,Пн: 10:00-21:00; Вт: 10:00-21:00; Ср: 10:00-21:00; Чт: 10:00-21:00; Пт: 10:00-21:00; Сб: 10:00-21:00; Вс: 10:00-21:00,+05:00,5.0,29,87472886509,,,,,,,https://instagram.com/arafan.perfume,,,,https://wa.me/77472886509,,,,https://t.me/+77472886509,,,,43.240886,76.957396,https://2gis.com/firm/70000001102671992,branch
Árekette Bereket,бутик по продаже парфюмерии и мусульманских товаров,Косметика и парфюмерия; Религиозные товары,"улица Коримдик, 1 киоск",,050019,Кайрат м-н,Турксибский район,Алматы,,Алматы,Казахстан,Пн: 10:00-23:00; Вт: 10:00-23:00; Ср: 10:00-23:00; Чт: 10:00-23:00; Пт: 10:00-23:00; Сб: 10:00-23:00; Вс: 10:00-23:00,+05:00,5.0,57,87073232414,,,,,,,https://instagram.com/bekparfume,,,,https://wa.me/77073232414,,,,,,,,43.312794,76.99269,https://2gis.com/firm/70000001105647693,branch
Arena beauty house,,Косметика и парфюмерия; Домашний текстиль; Женская одежда; Бижутерия,"микрорайон Гажайып, 33",1 этаж,,Гажайып м-н,Алатауский район,Алматы,,Алматы,Казахстан,Пн: 11:00-21:00; Вт: 11:00-21:00; Ср: 11:00-21:00; Чт: 11:00-21:00; Пт: 11:00-21:00; Сб: 11:00-21:00; Вс: 11:00-21:00,+05:00,4.7,7,87077353345,,,,,,,https://instagram.com/arena_beautyhouse,,,,https://wa.me/77077353345,,,,,,,,43.274169,76.812299,https://2gis.com/firm/70000001111544211,branch
Aroma Perfume,магазин по продаже парфюмерии,Косметика и парфюмерия,"улица Толе би, 265",12 кабинет; 1 этаж,050005,Тастак-2 м-н,Алмалинский район,Алматы,,Алматы,Казахстан,Пн: 10:00-17:00; Вт: 10:00-17:00; Ср: 10:00-17:00; Чт: 10:00-17:00; Пт: 10:00-17:00; Сб: 10:00-17:00; Вс: 10:00-17:00,+05:00,5.0,12,87477081532,87087081532,,,,,,,,,,https://wa.me/77477081532,https://wa.me/77087081532,,,,,,,43.24927,76.871129,https://2gis.com/firm/70000001101773016,branch
Aromalux,бутик парфюмерии,Косметика и парфюмерия,"Северное Кольцо шоссе, 3/1",116-131 бутик; Красный сектор; 2 этаж,050058,,Жетысуский район,Алматы,,Алматы,Казахстан,Вт: 09:00-17:00; Ср: 09:00-17:00; Чт: 09:00-17:00; Пт: 09:00-17:00; Сб: 09:00-17:00; Вс: 09:00-17:00,+05:00,5.0,7,87772338885,,,,,,,https://instagram.com/arparfum.kz,,,,https://wa.me/77772338885,,,,,,,,43.276235,76.887634,https://2gis.com/firm/70000001082985629,branch
Aromania,парфюмерный дом,Косметика и парфюмерия,"улица Наурызбай батыра, 25",,050000,,Алмалинский район,Алматы,,Алматы,Казахстан,Пн: 10:00-22:00; Вт: 10:00-22:00; Ср: 10:00-22:00; Чт: 10:00-22:00; Пт: 10:00-22:00; Сб: 10:00-22:00; Вс: 10:00-22:00,+05:00,5.0,20,87018547007,,,,,,,https://instagram.com/aromania.kzzz,,,,https://wa.me/77018547007,,,,,,,,43.261589,76.935062,https://2gis.com/firm/70000001115142353,branch
Aromatiq Perfumes,магазин парфюмерии,Косметика и парфюмерия,"улица Токатаева, 115",1 этаж,40400,,,Есик,Енбекшиказахский район,Алматинская область,Казахстан,Пн: 10:00-20:00; Вт: 10:00-20:00; Ср: 10:00-20:00; Чт: 10:00-20:00; Пт: 10:00-20:00; Сб: 10:00-20:00; Вс: 10:00-20:00,+05:00,5.0,7,87075077760,,,,,,,https://instagram.com/parfum_esik,,,,https://wa.me/77075077760,,,,,,,,43.353247,77.463681,https://2gis.com/firm/70000001109911582,branch
Arome fusion,бутик парфюмерии,Косметика и парфюмерия,"8-й микрорайон, 37/1",1 этаж,050006,8-й м-н,Ауэзовский район,Алматы,,Алматы,Казахстан,Пн: 10:00-22:00; Вт: 10:00-22:00; Ср: 10:00-22:00; Чт: 10:00-22:00; Пт: 10:00-22:00; Сб: 10:00-22:00; Вс: 10:00-22:00,+05:00,4.9,21,87074949465,,,,,,,,,,,,,,,,,,,43.227677,76.864368,https://2gis.com/firm/70000001080710167,branch
Arome Fusion,магазин парфюмерии,Косметика и парфюмерия,"микрорайон Мамыр-1, 8а",1 этаж,050036,Мамыр-1 м-н,Ауэзовский район,Алматы,,Алматы,Казахстан,Пн: 10:00-22:00; Вт: 10:00-22:00; Ср: 10:00-22:00; Чт: 10:00-22:00; Пт: 10:00-22:00; Сб: 10:00-22:00; Вс: 10:00-22:00,+05:00,5.0,15,87009191989,87787471540,,,,,,,,,,https://wa.me/77009191989,,,,,,,,43.21237,76.842129,https://2gis.com/firm/70000001092586175,branch
Aromi,островок французский парфюмерии,Косметика и парфюмерия,"улица Щепкина, 35Б",1 этаж,050043,,Бостандыкский район,Алматы,,Алматы,Казахстан,Пн: 10:00-21:00; Вт: 10:00-21:00; Ср: 10:00-21:00; Чт: 10:00-21:00; Пт: 10:00-21:00; Сб: 10:00-21:00; Вс: 10:00-21:00,+05:00,5.0,122,87779957799,,,,,,,https://instagram.com/zhanel_perfume,,,,https://wa.me/77779957799,,,,,,,,43.204833,76.877814,https://2gis.com/firm/70000001092526248,branch
Aromus,,Косметика и парфюмерия,"Северное Кольцо шоссе, 3",27 бутик,050058,,Жетысуский район,Алматы,,Алматы,Казахстан,Вт: 09:00-18:00; Ср: 09:00-18:00; Чт: 09:00-18:00; Пт: 09:00-18:00; Сб: 09:00-18:00; Вс: 09:00-18:00,+05:00,5.0,14,87070353020,,,,,,,https://instagram.com/aromus.kz,,,,https://wa.me/77070353020,,,,https://t.me/aromus,,,,43.280448,76.888225,https://2gis.com/firm/70000001100713048,branch
Art vox,магазин корейской косметики и игрушек,Косметика и парфюмерия; Игрушки; Бижутерия,"проспект Нурсултана Назарбаева, 42",,40000,,,Талдыкорган,Талдыкорган городская администрация,Жетысу область,Казахстан,Пн: 10:00-21:00; Вт: 10:00-21:00; Ср: 10:00-21:00; Чт: 10:00-21:00; Пт: 10:00-21:00; Сб: 10:00-21:00; Вс: 10:00-21:00,+05:00,2.5,19,87019735383,,,,,,,https://instagram.com/artvox_tdk,,,,https://wa.me/77019735383,,,,,,,,45.017979,78.379259,https://2gis.com/firm/70000001088802343,branch
Aru cosmetics,магазин косметики,Косметика и парфюмерия,"Северное Кольцо шоссе, 9","D20, G23 бутик; 2 этаж",050015,,Жетысуский район,Алматы,,Алматы,Казахстан,Вт: 08:00-17:00; Ср: 08:00-17:00; Чт: 08:00-17:00; Пт: 08:00-17:00; Сб: 08:00-17:00; Вс: 08:00-17:00,+05:00,3.9,7,87071577707,,,,,,,https://instagram.com/aru_cosmetics_almaty,,,,https://wa.me/77071577707,,,,,,,,43.286864,76.889639,https://2gis.com/firm/70000001043884702,branch
Aruna shop,,Косметика и парфюмерия; Хозтовары; Бытовая химия; Товары для праздников,"микрорайон Орбита-3, 31",1 этаж,050043,Орбита-3 м-н,Бостандыкский район,Алматы,,Алматы,Казахстан,Пн: 10:00-22:30; Вт: 10:00-22:30; Ср: 10:00-22:30; Чт: 10:00-22:30; Пт: 10:00-22:30; Сб: 10:00-22:30; Вс: 10:00-22:30,+05:00,3.4,7,87078326605,,,,,,,,,,,https://wa.me/77078326605,,,,,,,,43.200886,76.871218,https://2gis.com/firm/70000001099192962,branch
Arzan Shop,магазин,Косметика и парфюмерия; Женская одежда; Сумки и кожгалантерея; Хозтовары; Игрушки,"улица Биржан Сала, 52",цокольный этаж,040000,,,Талдыкорган,Талдыкорган городская администрация,Жетысу область,Казахстан,Пн: 09:00-19:00; Вт: 09:00-19:00; Ср: 09:00-19:00; Чт: 09:00-19:00; Пт: 09:00-19:00; Сб: 09:00-19:00; Вс: 09:00-19:00,+05:00,1.8,7,87021820389,,,,,,,https://instagram.com/arzan_shop.tdk,,,,https://wa.me/77021820389,,,,,,,,45.022689,78.377318,https://2gis.com/firm/70000001114640895,branch
Arzan_mix_almaty,магазин женской одежды,Косметика и парфюмерия; Женская одежда; Обувные магазины; Сумки и кожгалантерея; Носки и колготки,"улица Прокофьева, 89а",2 этаж,050005,,Алмалинский район,Алматы,,Алматы,Казахстан,Пн: 10:00-22:00; Вт: 10:00-22:00; Ср: 10:00-22:00; Чт: 10:00-22:00; Пт: 10:00-22:00; Сб: 10:00-22:00; Вс: 10:00-22:00,+05:00,4.9,29,87075763326,,,,,,,https://instagram.com/arzan_mix_almaty,,,,https://wa.me/77075763326,,,,,,,,43.249101,76.87406,https://2gis.com/firm/70000001090535832,branch
Asia,магазин хозяйственных товаров,Косметика и парфюмерия; Бытовая химия; Садовый инвентарь; Посуда; Хозтовары,"улица Ахрименко, 43/1",,050061,Айгерим-1 м-н,Алатауский район,Алматы,,Алматы,Казахстан,Пн: 10:00-21:00; Вт: 10:00-21:00; Ср: 10:00-21:00; Чт: 10:00-21:00; Пт: 10:00-21:00; Сб: 10:00-21:00; Вс: 10:00-21:00,+05:00,5.0,6,87073195062,,,,,,,,,,,https://wa.me/77073195062,,,,,,,,43.259498,76.843036,https://2gis.com/firm/70000001042682569,branch
Asian Cosmetics,магазин корейской косметики,Косметика и парфюмерия,"8-й микрорайон, 37/1",1 этаж,050006,8-й м-н,Ауэзовский район,Алматы,,Алматы,Казахстан,Пн: 10:00-22:00; Вт: 10:00-22:00; Ср: 10:00-22:00; Чт: 10:00-22:00; Пт: 10:00-22:00; Сб: 10:00-22:00; Вс: 10:00-22:00,+05:00,4.6,124,87752467755,,,,,,,https://instagram.com/nature_republic_kazakhstan,,,,https://wa.me/77752467755,,,,,,,,43.226832,76.863347,https://2gis.com/firm/70000001024603265,branch
Aslan Parfum,магазин парфюмерии,Косметика и парфюмерия; Часы,"улица Байтурсынова, 63",,050012,,Алмалинский район,Алматы,,Алматы,Казахстан,Пн: 10:00-22:00; Вт: 10:00-22:00; Ср: 10:00-22:00; Чт: 10:00-22:00; Пт: 10:00-22:00; Сб: 10:00-22:00; Вс: 10:00-22:00,+05:00,5.0,10,87477770295,,,,,,,,,,,https://wa.me/77477770295,,,,,,,,43.250183,76.925194,https://2gis.com/firm/70000001111186158,branch
Asq_parfume,магазин парфюмерии,Косметика и парфюмерия,"улица Толе би, 286/2",104 офис; 1 этаж,050005,,Алмалинский район,Алматы,,Алматы,Казахстан,Пн: 10:00-18:00; Вт: 10:00-18:00; Ср: 10:00-18:00; Чт: 10:00-18:00; Пт: 10:00-18:00; Сб: 10:00-18:00,+05:00,5.0,28,87078481525,,,,,,,https://instagram.com/asq_parfume,,,,https://wa.me/77078481525,,,,,,,,43.248043,76.869342,https://2gis.com/firm/70000001110308350,branch
Atomi,интернет-магазин,Косметика и парфюмерия; Средства гигиены; БАДы; Бытовая химия; Диетические продукты,,,,,,Каскелен,Карасайский район,Алматинская область,Казахстан,Пн: 11:00-16:00; Вт: 11:00-16:00; Ср: 11:00-16:00; Чт: 11:00-16:00,+05:00,5.0,20,87025555377,,,,,,,https://instagram.com/atomy.inna,,,,https://wa.me/77025555377,,,,,,,,,,https://2gis.com/firm/70000001063717211,branch
Atomy,интернет-магазин,Косметика и парфюмерия; БАДы; Хозтовары,"проспект Достык, 192",цокольный этаж,050051,,Медеуский район,Алматы,,Алматы,Казахстан,Пн: 10:00-17:00; Вт: 10:00-17:00; Ср: 10:00-17:00; Чт: 10:00-17:00; Пт: 10:00-17:00; Сб: 10:00-13:00,+05:00,5.0,11,87014778434,87017107190,,,,,,https://instagram.com/atomy.com_kz,,,,https://wa.me/77014778434,https://wa.me/77017107190,,,https://t.me/+77475778434,,,,43.231715,76.959922,https://2gis.com/firm/70000001111027825,branch
Atomy,интернет-магазин по продаже эко-продукции,Косметика и парфюмерия; Хозтовары; Посуда; БАДы,"микрорайон Аксай-4, 70Б",5/1 офис; цокольный этаж,050063,Аксай-4 м-н,Ауэзовский район,Алматы,,Алматы,Казахстан,Пн: 12:00-20:00; Вт: 12:00-20:00; Ср: 12:00-20:00; Чт: 12:00-20:00; Пт: 12:00-20:00; Сб: 12:00-20:00,+05:00,3.7,7,87002884279,87479346599,87019979177,,,,,https://instagram.com/atomy_market_almaty,,,,https://wa.me/77019979177,https://wa.me/77479346599,https://wa.me/77002884279,,https://t.me/+77479346599,,,,43.225887,76.840753,https://2gis.com/firm/70000001079659621,branch
Atomy,корейский онлайн-магазин,Косметика и парфюмерия; БАДы,"улица Шагабутдинова, 6",,050000,,Алмалинский район,Алматы,,Алматы,Казахстан,Пн: 09:00-21:00; Вт: 09:00-21:00; Ср: 09:00-21:00; Чт: 09:00-21:00; Пт: 09:00-21:00; Сб: 09:00-21:00; Вс: 09:00-21:00 (по предварительному звонку),+05:00,5.0,17,87781841479,87476229604,,,,,,,,,,,,,,,,,,43.260687,76.919621,https://2gis.com/firm/70000001103470465,branch
Atomy,магазин товаров для здоровья и красоты,Косметика и парфюмерия; Пункты выдачи интернет-заказов; БАДы; Средства гигиены; Хозтовары,"улица Исиналиева, 1/1",42 бутик; 2 этаж,050045,Нур Алатау м-н,Бостандыкский район,Алматы,,Алматы,Казахстан,Пн: 12:00-19:00; Вт: 12:00-19:00; Ср: 12:00-19:00; Чт: 12:00-19:00; Пт: 12:00-19:00; Сб: 12:00-17:00,+05:00,5.0,5,87089333105,,,,,,,https://instagram.com/elena_atomy_stars,,,,https://wa.me/77089333105,,,,https://t.me/elenamila2553,,,,43.193827,76.903682,https://2gis.com/firm/70000001091447582,branch
Atomy,магазин товаров из Южной Кореи,Косметика и парфюмерия; БАДы; Средства гигиены; Бытовая химия,"улица Толе би, 262",2 этаж; вход со двора,050005,,Алмалинский район,Алматы,,Алматы,Казахстан,Пн: 14:00-19:00; Вт: 14:00-19:00; Ср: 14:00-19:00; Чт: 14:00-19:00; Пт: 14:00-19:00; Сб: 13:00-15:00,+05:00,4.4,5,87015204272,,,,,,,https://instagram.com/salta_atomy7,,,,https://wa.me/77015204272,,,,,,,,43.249825,76.878273,https://2gis.com/firm/70000001080225722,branch
Atomy,онлайн-магазин корейских товаров,Косметика и парфюмерия; БАДы,"проспект Суюнбая, 2 к8",2 офис; 2 этаж,050016,,Жетысуский район,Алматы,,Алматы,Казахстан,Пн: 11:00-18:00; Вт: 11:00-18:00; Ср: 11:00-18:00; Чт: 11:00-18:00; Пт: 11:00-18:00; Сб: 13:00-17:00,+05:00,4.5,12,87028979710,,,,,,,https://instagram.com/atomy_bazargul76,,,,https://wa.me/77028979710,,,,,,,,43.274423,76.94791,https://2gis.com/firm/70000001068968672,branch
Atomy,центр,Косметика и парфюмерия; БАДы; Бытовая химия,"улица Жамбыла, 114/85 блок Б",4 офис; 1 этаж,050012,,Алмалинский район,Алматы,,Алматы,Казахстан,Пн: 10:30-17:00; Вт: 10:30-17:00; Ср: 10:30-17:00; Чт: 10:30-17:00; Пт: 10:30-17:00,+05:00,5.0,15,87013141404,87014402689,,,,,,https://instagram.com/nataly_atomy,,,,https://wa.me/77013141404,https://wa.me/77014402689,,,,,,,43.246169,76.92576,https://2gis.com/firm/70000001090665501,branch
Atomy-Алматы-Актив-Арман,интернет-магазин экотоваров из Кореи,Косметика и парфюмерия; БАДы; Хозтовары; Средства гигиены,"улица Осипенко, 35а",301 офис; 3 этаж,050011,,Турксибский район,Алматы,,Алматы,Казахстан,Пн: 10:00-16:00; Вт: 10:00-16:00; Ср: 10:00-16:00; Пт: 10:00-16:00; Сб: 11:00-15:00,+05:00,4.5,7,87073320032,,,,,,,https://instagram.com/yuliya_atomy_kz,,,,https://wa.me/77073320032,,,,,,,,43.343792,76.940367,https://2gis.com/firm/70000001051216031,branch
Avon,бутик косметики,Косметика и парфюмерия,"улица Толе би, 262/93",,050005,,Алмалинский район,Алматы,,Алматы,Казахстан,Пн: 10:00-18:00; Вт: 10:00-18:00; Ср: 10:00-18:00; Чт: 10:00-18:00; Пт: 10:00-18:00; Сб: 10:00-18:00; Вс: 10:00-18:00,+05:00,4.4,6,87016058087,87771163742,,,,,,,,,,https://wa.me/77016058087,https://wa.me/77771163742,,,,,,,43.249779,76.877845,https://2gis.com/firm/70000001037223150,branch
Avon & Faberlic,агентский пункт,Косметика и парфюмерия,"улица Рыскулова, 218",,41603,Спутник м-н,,Талгар,Талгарский район,Алматинская область,Казахстан,Пн: 10:00-18:00; Вт: 10:00-18:00; Ср: 10:00-18:00; Чт: 10:00-18:00; Пт: 10:00-18:00; Сб: 10:00-18:00; Вс: 10:00-18:00 (по предварительному звонку),+05:00,4.2,5,87074470503,,,,,,,,,,,https://wa.me/77074470503,,,,,,,,43.322878,77.248318,https://2gis.com/firm/70000001045299061,branch
Ayala.cosmetics,магазин косметики,Косметика и парфюмерия,"улица Хан шатыр, 273",,050038,Акбулак м-н,Алатауский район,Алматы,,Алматы,Казахстан,Пн: 10:00-22:00; Вт: 10:00-22:00; Ср: 10:00-22:00; Чт: 10:00-22:00; Пт: 10:00-22:00; Сб: 10:00-22:00; Вс: 10:00-22:00,+05:00,5.0,8,87472629394,87770149494,,,,,,https://instagram.com/ayala.cosmetics,,,,https://wa.me/77770149494,,,,,,,,43.250069,76.823843,https://2gis.com/firm/70000001096407361,branch
Ayala.cosmetics,магазин косметики,Косметика и парфюмерия; Бижутерия,"микрорайон Жетысу-3, 1г",,050063,Жетысу-3 м-н,Ауэзовский район,Алматы,,Алматы,Казахстан,Пн: 10:00-22:00; Вт: 10:00-22:00; Ср: 10:00-22:00; Чт: 10:00-22:00; Пт: 10:00-22:00; Сб: 10:00-22:00; Вс: 10:00-22:00,+05:00,4.9,17,87770149494,,,,,,,https://instagram.com/ayala.cosmetics,,,,https://wa.me/77081729925,,,,,,,,43.218293,76.843127,https://2gis.com/firm/70000001091347228,branch
Ayli,магазин по продаже уходовой косметики,Косметика и парфюмерия,"микрорайон Алмагуль, 18а",2 этаж,050060,Алмагуль м-н,Бостандыкский район,Алматы,,Алматы,Казахстан,Пн: 11:00-19:00; Вт: 11:00-19:00; Ср: 11:00-19:00; Чт: 11:00-19:00; Пт: 11:00-19:00; Сб: 10:00-19:00; Вс: 10:00-19:00,+05:00,5.0,8,87472244490,87000425000,,,,,,https://instagram.com/ayli.almaty,,,,https://wa.me/77472244490,https://wa.me/77000425000,,,,,,,43.205924,76.903457,https://2gis.com/firm/70000001113591094,branch
Azali,магазин косметики,Косметика и парфюмерия,"улица Сулейменова, 26а",1 этаж,050042,Таугуль-1 м-н,Ауэзовский район,Алматы,,Алматы,Казахстан,Пн: 10:00-20:00; Вт: 10:00-20:00; Ср: 10:00-20:00; Чт: 10:00-20:00; Пт: 10:00-20:00; Сб: 10:00-20:00; Вс: 10:00-20:00,+05:00,4.9,26,87021650299,,,,,,,https://instagram.com/azali_company,,,,https://wa.me/77021650299,,,,,,,,43.211009,76.878298,https://2gis.com/firm/70000001069464842,branch
Azmak,торговая компания,Косметика и парфюмерия; Светотехника; Элементы питания,"улица Муратбаева, 61",2 этаж,050026,,Алмалинский район,Алматы,,Алматы,Казахстан,Пн: 08:00-17:00; Вт: 08:00-17:00; Ср: 08:00-17:00; Чт: 08:00-17:00; Пт: 08:00-17:00,+05:00,4.3,11,87077517592,87773709988,,,,,,,,,,https://wa.me/77077517592,,,,,,,,43.263458,76.916961,https://2gis.com/firm/70000001022730888,branch
Baby shop,магазин детской одежды,Косметика и парфюмерия; Детская одежда; Бытовая химия; Игрушки; Товары для праздников,"микрорайон Шугыла, 340/4 к11",1 этаж,050000,Шугыла м-н,Наурызбайский район,Алматы,,Алматы,Казахстан,Пн: 10:00-21:00; Вт: 10:00-21:00; Ср: 10:00-21:00; Чт: 10:00-21:00; Пт: 10:00-21:00; Сб: 10:00-21:00; Вс: 10:00-21:00,+05:00,4.7,14,87066029012,87071029012,,,,,,https://instagram.com/babyshop_shugyla,,,,https://wa.me/77066029012,https://wa.me/77071029012,,,,,,,43.208689,76.790152,https://2gis.com/firm/70000001090562762,branch
Bagira Perfume cosmetics,​магазин мультибрендовой косметики,Косметика и парфюмерия,"Ораза Жандосова улица, 83",цокольный этаж,050052,,Ауэзовский район,Алматы,,Алматы,Казахстан,Пн: 10:00-22:00; Вт: 10:00-22:00; Ср: 10:00-22:00; Чт: 10:00-22:00; Пт: 10:00-22:00; Сб: 10:00-22:00; Вс: 10:00-22:00,+05:00,4.0,16,87029651114,,,,,,,https://instagram.com/bagiraperfume_cosmetics,,,,https://wa.me/77029651114,,,,,,,,43.207651,76.858836,https://2gis.com/firm/70000001080340512,branch
Bargello,​магазин парфюмерии,Косметика и парфюмерия,"улица Гоголя, 87",,050000,,Алмалинский район,Алматы,,Алматы,Казахстан,Пн: 10:00-22:00; Вт: 10:00-22:00; Ср: 10:00-22:00; Чт: 10:00-22:00; Пт: 10:00-22:00; Сб: 10:00-22:00; Вс: 10:00-22:00,+05:00,5.0,6,87773838820,87477905145,,,,,,https://instagram.com/bargello_kazakhstan,,,,https://wa.me/77773838820,https://wa.me/77477905145,,,,,,,43.260018,76.943326,https://2gis.com/firm/70000001110071193,branch
Bari Bar Duken,магазин косметики,Косметика и парфюмерия,"улица Макатаева, 81",1 этаж,050004,,Алмалинский район,Алматы,,Алматы,Казахстан,Пн: 10:00-22:00; Вт: 10:00-22:00; Ср: 10:00-22:00; Чт: 10:00-22:00; Пт: 10:00-22:00; Сб: 10:00-22:00; Вс: 10:00-22:00,+05:00,5.0,165,87079695465,,,,,,,,,,,,,,,,,,,43.26415,76.942377,https://2gis.com/firm/70000001114025606,branch
Bari Bar Duken,магазин косметики,Косметика и парфюмерия,"8-й микрорайон, 87",1 этаж,050006,8-й м-н,Ауэзовский район,Алматы,,Алматы,Казахстан,Пн: 10:00-22:00; Вт: 10:00-22:00; Ср: 10:00-22:00; Чт: 10:00-22:00; Пт: 10:00-22:00; Сб: 10:00-22:00; Вс: 10:00-22:00,+05:00,4.9,208,87079695465,,,,,,,,,,,https://wa.me/77079695465,,,,,,,,43.223816,76.867143,https://2gis.com/firm/70000001114025558,branch
Bari Bar Duken,магазин косметики,Косметика и парфюмерия,"проспект Аль-Фараби, 61",,050040,,Бостандыкский район,Алматы,,Алматы,Казахстан,Пн: 10:00-22:00; Вт: 10:00-22:00; Ср: 10:00-22:00; Чт: 10:00-22:00; Пт: 10:00-22:00; Сб: 10:00-22:00; Вс: 10:00-22:00,+05:00,4.9,224,87079695465,,,,,,,,,,,https://wa.me/77079695465,https://wa.me/77007579190,,,,,,,43.22269,76.934549,https://2gis.com/firm/70000001109949212,branch
Bari Bar Duken,магазин косметики,Косметика и парфюмерия; Бижутерия,"улица Толе би, 152",1 этаж,050026,,Алмалинский район,Алматы,,Алматы,Казахстан,Пн: 10:00-22:00; Вт: 10:00-22:00; Ср: 10:00-22:00; Чт: 10:00-22:00; Пт: 10:00-22:00; Сб: 10:00-22:00; Вс: 10:00-22:00,+05:00,4.9,743,87079695465,,,,,,,https://instagram.com/baribar_almaty,,,,https://wa.me/77079695465,,,,,,,,43.251831,76.907091,https://2gis.com/firm/70000001092460631,branch
Baribar,магазин,Косметика и парфюмерия; Канцтовары; Товары для праздников; Сумки и кожгалантерея; Бижутерия,"улица Жанкожа батыра, 131а",,050065,Шанырак-2 м-н,Алатауский район,Алматы,,Алматы,Казахстан,Пн: 10:00-20:30; Вт: 10:00-20:30; Ср: 10:00-20:30; Чт: 10:00-20:30; Пт: 10:00-20:30; Сб: 11:00-20:30; Вс: 11:00-20:30,+05:00,4.8,52,87078476862,,,,,,,https://instagram.com/bari.bar_almaty,,,,https://wa.me/77078476862,,,,,,,,43.297295,76.850936,https://2gis.com/firm/70000001060445906,branch
Basqasha Bol,магазин косметики и аксессуаров,Косметика и парфюмерия; Бижутерия; Солнцезащитные очки; Сумки и кожгалантерея; Канцтовары,"улица Кунаева, 163",1 этаж,050010,,Медеуский район,Алматы,,Алматы,Казахстан,Пн: 10:00-22:00; Вт: 10:00-22:00; Ср: 10:00-22:00; Чт: 10:00-22:00; Пт: 10:00-22:00; Сб: 10:00-22:00; Вс: 10:00-22:00,+05:00,4.9,201,87770318883,,,,,,,https://instagram.com/basqasha_bol_almaty,,,,,,,,,,,,43.246502,76.950126,https://2gis.com/firm/70000001064722737,branch
Bath_cosmetics_kz,интернет-магазин,Косметика и парфюмерия; Косметика ручной работы; Средства гигиены,"улица Жарокова, 221",,050057,,Бостандыкский район,Алматы,,Алматы,Казахстан,Пн: 00:00-24:00; Вт: 00:00-24:00; Ср: 00:00-24:00; Чт: 00:00-24:00; Пт: 00:00-24:00; Сб: 00:00-24:00; Вс: 00:00-24:00 (по предварительному звонку),+05:00,5.0,7,87029131806,,,,,,,https://instagram.com/bath_cosmetics_kz,,,,https://wa.me/77029131806,,,,https://t.me/nastena110695,,,,43.222837,76.901174,https://2gis.com/firm/70000001083740657,branch
BayParfum,бутик парфюмерии,Косметика и парфюмерия; Ароматовары; Бижутерия,"улица Асыл Арман, 1е/3",,040916,,,,Карасайский район,Алматинская область,Казахстан,Пн: 11:00-23:00; Вт: 11:00-23:00; Ср: 11:00-23:00; Чт: 11:00-23:00; Пт: 11:00-23:00; Сб: 11:00-23:00; Вс: 11:00-23:00,+05:00,5.0,21,87775010238,,,,,,,https://instagram.com/parfum_aa,,,,https://wa.me/77056936398,,,,,,,,43.228604,76.752925,https://2gis.com/firm/70000001094450956,branch
Beauty brands,магазин,Косметика и парфюмерия,"улица Сыргабекова, 30а",,050023,Баганашыл м-н,Бостандыкский район,Алматы,,Алматы,Казахстан,Пн: 10:00-20:00; Вт: 10:00-20:00; Ср: 10:00-20:00; Чт: 10:00-20:00; Пт: 10:00-20:00; Сб: 10:00-20:00; Вс: 10:00-20:00,+05:00,4.8,53,87770352527,87770352526,,,,,,https://instagram.com/beautybrands.kz,,,,https://wa.me/77770352527,https://wa.me/77770352526,,,,,,,43.198874,76.912139,https://2gis.com/firm/70000001065366149,branch
Beauty Me,магазин уходовой косметики,Косметика и парфюмерия; Сумки и кожгалантерея,"улица Алатау, 2",,40708,,,,Илийский район,Алматинская область,Казахстан,Пн: 09:00-20:00; Вт: 09:00-20:00; Ср: 09:00-20:00; Чт: 09:00-20:00; Пт: 09:00-20:00; Сб: 09:00-20:00; Вс: 09:00-20:00,+05:00,4.7,22,87075380745,,,,,,,https://instagram.com/beauty.me.kz1,,,,https://wa.me/77075380745,,,,,,,,43.368346,76.860458,https://2gis.com/firm/70000001094519283,branch
Beauty stories,магазин парфюмерии и косметики,Косметика и парфюмерия; Бытовая химия,"4-й микрорайон, 28/1",,050062,4-й м-н,Ауэзовский район,Алматы,,Алматы,Казахстан,Пн: 10:00-20:00; Вт: 10:00-20:00; Ср: 10:00-20:00; Чт: 10:00-20:00; Пт: 10:00-20:00; Сб: 10:00-20:00; Вс: 10:00-20:00,+05:00,4.3,14,87016057463,,,,,,,https://instagram.com/beauty_stories_almaty,,,,https://wa.me/77016057463,,,,,,,,43.230118,76.857257,https://2gis.com/firm/70000001054595650,branch
Beautyland_konaev,магазин косметики,Косметика и парфюмерия,"4-й микрорайон, 4",1 этаж; справа от главного входа,040803,4-й м-н,,Конаев,Конаев городская администрация,Алматинская область,Казахстан,Пн: 10:00-20:00; Вт: 10:00-20:00; Ср: 10:00-20:00; Чт: 10:00-20:00; Пт: 10:00-20:00; Сб: 10:00-20:00; Вс: 10:00-20:00,+05:00,5.0,5,87086726067,87084968142,,,,,,https://instagram.com/beautyland_konaev,,,,https://wa.me/77086726067,https://wa.me/77084968142,,,,,,,43.854574,77.055096,https://2gis.com/firm/70000001051986623,branch
Bey Perfume,парфюмерный магазин,Косметика и парфюмерия,"улица Манаса, 73",1 этаж,050057,,Бостандыкский район,Алматы,,Алматы,Казахстан,Пн: 12:00-21:00; Вт: 12:00-21:00; Ср: 12:00-21:00; Чт: 12:00-21:00; Пт: 12:00-21:00; Сб: 12:00-21:00; Вс: 12:00-21:00,+05:00,5.0,60,87086547006,,,,,,,https://instagram.com/bey_perfume,,,,https://wa.me/77086547006,,,,,,,,43.2305,76.90952,https://2gis.com/firm/70000001102852537,branch
BeYou,магазин косметики и товаров для праздника,Косметика и парфюмерия; Товары для праздников; Бижутерия; Носки и колготки,"улица Жунисова, 2/23 к2",1 этаж,050035,,Наурызбайский район,Алматы,,Алматы,Казахстан,Пн: 10:00-22:00; Вт: 10:00-22:00; Ср: 10:00-22:00; Чт: 10:00-22:00; Пт: 10:00-22:00; Сб: 10:00-22:00; Вс: 10:00-22:00,+05:00,5.0,30,87761111144,87475584061,,,,,,https://instagram.com/beyou_almaty,,,,https://wa.me/77761111144,,,,,,,,43.223429,76.782078,https://2gis.com/firm/70000001098497219,branch
Binelli perfume,магазин парфюмерии,Косметика и парфюмерия,"микрорайон Мамыр-4, 145д",9 бутик,050036,Мамыр-4 м-н,Ауэзовский район,Алматы,,Алматы,Казахстан,Пн: 09:00-21:00; Вт: 09:00-21:00; Ср: 09:00-21:00; Чт: 09:00-21:00; Пт: 09:00-21:00; Сб: 09:00-21:00; Вс: 09:00-21:00,+05:00,5.0,8,87773177718,,,,,,,https://instagram.com/binelli.kz,,,,https://wa.me/77773177718,,,,,,,,43.214837,76.847166,https://2gis.com/firm/70000001111100034,branch
Bloomify,магазин уходовой и декоративной косметики,Косметика и парфюмерия; Бижутерия,"Саина улица, 16а",,050031,,Ауэзовский район,Алматы,,Алматы,Казахстан,Пн: 10:00-22:00; Вт: 10:00-22:00; Ср: 10:00-22:00; Чт: 10:00-22:00; Пт: 10:00-22:00; Сб: 10:00-22:00; Вс: 10:00-22:00,+05:00,5.0,32,87076594631,,,,,,,https://instagram.com/bloomify_skin,,,,https://wa.me/77076594631,,,,,,,,43.23944,76.841074,https://2gis.com/firm/70000001088128729,branch
butik_9,бутик по продаже бижутерии,Косметика и парфюмерия; Бижутерия; Аксессуары к телефонам; Хозтовары; Помощь в подключении услуг связи,"микрорайон Аксай-3, 5/1",9 бутик; 1 этаж,050031,Аксай-3 м-н,Ауэзовский район,Алматы,,Алматы,Казахстан,Пн: 09:00-20:00; Вт: 09:00-20:00; Ср: 09:00-20:00; Чт: 09:00-20:00; Пт: 09:00-20:00; Сб: 09:00-20:00; Вс: 09:00-20:00,+05:00,5.0,5,87071856316,,,,,,,,,,,https://wa.me/77071856316,,,,,,,,43.238619,76.82895,https://2gis.com/firm/70000001082551979,branch
Capella perfume store,магазин парфюмерии,Косметика и парфюмерия,"проспект Назарбаева, 139",,050000,,Алмалинский район,Алматы,,Алматы,Казахстан,Пн: 11:00-20:00; Вт: 11:00-20:00; Ср: 11:00-20:00; Чт: 11:00-20:00; Пт: 11:00-20:00; Сб: 11:00-20:00; Вс: 11:00-20:00,+05:00,5.0,114,87066670000,,,,,,,https://instagram.com/capella.perfume.kz,,,,https://wa.me/77066670000,,,,,,,,43.250447,76.94699,https://2gis.com/firm/70000001104654596,branch
Carestore,магазин корейской косметики,Косметика и парфюмерия,"Е. Брусиловского улица, 159 блок 4",цокольный этаж,050005,,Алмалинский район,Алматы,,Алматы,Казахстан,Пн: 10:00-21:00; Вт: 10:00-21:00; Ср: 10:00-21:00; Чт: 10:00-21:00; Пт: 10:00-21:00; Сб: 10:00-21:00; Вс: 10:00-21:00,+05:00,4.9,208,87785591294,,,,,,,https://instagram.com/carestore_kz,,,,https://wa.me/77785591294,,,,,,,,43.244678,76.876266,https://2gis.com/firm/70000001065080261,branch
Centella,бутик по продаже косметики,Косметика и парфюмерия,"Кабдолова улица, 1/4",6 блок,050062,,Ауэзовский район,Алматы,,Алматы,Казахстан,Пн: 10:00-22:00; Вт: 10:00-22:00; Ср: 10:00-22:00; Чт: 10:00-22:00; Пт: 10:00-22:00; Сб: 10:00-22:00; Вс: 10:00-22:00,+05:00,5.0,6,87754765372,,,,,,,https://instagram.com/centella.kzz,,,,https://wa.me/77754765372,,,,,,,,43.237625,76.849919,https://2gis.com/firm/70000001101057099,branch
Chic parfume,магазин,Косметика и парфюмерия; Ароматовары,"Кабдолова улица, 1/4",D линия; 5 блок,050062,,Ауэзовский район,Алматы,,Алматы,Казахстан,Пн: 10:00-22:00; Вт: 10:00-22:00; Ср: 10:00-22:00; Чт: 10:00-22:00; Пт: 10:00-22:00; Сб: 10:00-22:00; Вс: 10:00-22:00,+05:00,4.5,26,87478077306,,,,,,,https://instagram.com/riaroma.kz,,,,https://wa.me/77478077306,,,,https://t.me/+77478077306,,,,43.237478,76.84927,https://2gis.com/firm/70000001068628698,branch
claireskorea.kz,компания по оптовой продаже корейской косметики,Косметика и парфюмерия,"проспект Аль-Фараби, 105 блок 3",3 офис; 1 этаж,050060,,Бостандыкский район,Алматы,,Алматы,Казахстан,"Пн: 09:00-13:00, 14:00-18:00; Вт: 09:00-13:00, 14:00-18:00; Ср: 09:00-13:00, 14:00-18:00; Чт: 09:00-13:00, 14:00-18:00; Пт: 09:00-13:00, 14:00-18:00",+05:00,5.0,5,87053085944,,,,,,,https://instagram.com/claireskorea_cis,,https://facebook.com/claireskorea.kz,,https://wa.me/77053085944,,,,,,,,43.205379,76.912379,https://2gis.com/firm/70000001041410575,branch
Class parfum,магазин парфюмерии,Косметика и парфюмерия,"улица Розыбакиева, 33/1",34 бутик; 1 этаж,050009,Тастак-3 м-н,Алмалинский район,Алматы,,Алматы,Казахстан,Вт: 09:00-18:00; Ср: 09:00-18:00; Чт: 09:00-18:00; Пт: 09:00-18:00; Сб: 09:00-18:00; Вс: 09:00-18:00,+05:00,5.0,19,87714354839,,,,,,,,,,,https://wa.me/77714354839,,,,,,,,43.25632,76.887118,https://2gis.com/firm/70000001106059388,branch
Cosmeta.kz,магазин по продаже косметики,Косметика и парфюмерия,"Алматинская улица, 64/1",,040803,4-й м-н,,Конаев,Конаев городская администрация,Алматинская область,Казахстан,Пн: 10:00-21:00; Вт: 10:00-21:00; Ср: 10:00-21:00; Чт: 10:00-21:00; Пт: 10:00-21:00; Сб: 10:00-21:00; Вс: 10:00-21:00,+05:00,2.1,15,87712135093,,,,,,,https://instagram.com/cosmeta_kaz,,,,https://wa.me/77712135093,,,,,,,,43.855298,77.051313,https://2gis.com/firm/70000001047735562,branch
cosmetica_gres_,магазин корейской косметики,Косметика и парфюмерия,"улица Титова, 11",1 этаж,040700,,,,Илийский район,Алматинская область,Казахстан,Пн: 10:00-19:00; Вт: 10:00-19:00; Ср: 10:00-19:00; Чт: 10:00-19:00; Пт: 10:00-19:00; Сб: 10:00-19:00; Вс: 10:00-19:00,+05:00,4.9,13,87756908888,,,,,,,https://instagram.com/cosmetica_gres_,,,,https://wa.me/77756908888,,,,,,,,43.415878,77.018297,https://2gis.com/firm/70000001046663023,branch
Cosmetos,магазин косметики,Косметика и парфюмерия,"улица Каныша Сатпаева, 90",2 этаж,050046,,Бостандыкский район,Алматы,,Алматы,Казахстан,Пн: 10:00-22:00; Вт: 10:00-22:00; Ср: 10:00-22:00; Чт: 10:00-22:00; Пт: 10:00-22:00; Сб: 10:00-22:00; Вс: 10:00-22:00,+05:00,5.0,303,87072006880,,,,,,,https://instagram.com/cosmetos.kz,,,,https://wa.me/77072006880,,,,,,,,43.232915,76.879648,https://2gis.com/firm/70000001076988904,branch
Crazy shop 13,магазин,Косметика и парфюмерия,"микрорайон Аксай-5, 25",B62/1 офис; 2 этаж,050063,Аксай-5 м-н,Ауэзовский район,Алматы,,Алматы,Казахстан,Пн: 11:00-20:00; Вт: 11:00-20:00; Ср: 11:00-20:00; Чт: 11:00-20:00; Пт: 11:00-20:00; Сб: 11:00-20:00; Вс: 11:00-20:00,+05:00,4.8,405,87071417080,,,,,,,https://instagram.com/crazy.shop.kz,,,,https://wa.me/77071417080,,,,,,,,43.231815,76.832296,https://2gis.com/firm/70000001065988811,branch
CU,корейские магазины,Косметика и парфюмерия; Быстрое питание; Магазины азиатских продуктов; Продукты быстрого приготовления; Диетические продукты; Супермаркеты; Продажа кофе,"проспект Райымбека, 101",,050016,,Жетысуский район,Алматы,,Алматы,Казахстан,Пн: 00:00-24:00; Вт: 00:00-24:00; Ср: 00:00-24:00; Чт: 00:00-24:00; Пт: 00:00-24:00; Сб: 00:00-24:00; Вс: 00:00-24:00,+05:00,4.6,85,87273391074,,,,,,,https://instagram.com/cu_kazakhstan,,,,,,,,,,,,43.270948,76.947171,https://2gis.com/firm/70000001112302209,branch
CU,корейские магазины,Косметика и парфюмерия; Быстрое питание; Магазины азиатских продуктов; Продукты быстрого приготовления; Диетические продукты; Супермаркеты; Продажа кофе,"Байзакова улица, 280",,050040,,Бостандыкский район,Алматы,,Алматы,Казахстан,Пн: 00:00-24:00; Вт: 00:00-24:00; Ср: 00:00-24:00; Чт: 00:00-24:00; Пт: 00:00-24:00; Сб: 00:00-24:00; Вс: 00:00-24:00,+05:00,4.9,140,87273133957,,,,,,,https://instagram.com/cu_kazakhstan,,,,,,,,,,,,43.236808,76.915985,https://2gis.com/firm/70000001112302089,branch
CU,корейские магазины,Косметика и парфюмерия; Быстрое питание; Магазины азиатских продуктов; Продукты быстрого приготовления; Диетические продукты; Супермаркеты; Продажа кофе,"улица Тимирязева, 15Б",,050040,,Бостандыкский район,Алматы,,Алматы,Казахстан,Пн: 00:00-24:00; Вт: 00:00-24:00; Ср: 00:00-24:00; Чт: 00:00-24:00; Пт: 00:00-24:00; Сб: 00:00-24:00; Вс: 00:00-24:00,+05:00,4.5,45,87273133960,,,,,,,https://instagram.com/cu_kazakhstan,,,,,,,,,,,,43.230734,76.933161,https://2gis.com/firm/70000001110537691,branch
CU,корейские магазины,Косметика и парфюмерия; Супермаркеты; Быстрое питание; Магазины азиатских продуктов; Продукты быстрого приготовления; Диетические продукты,"улица Ади Шарипова, 106/2",,050012,,Алмалинский район,Алматы,,Алматы,Казахстан,Пн: 00:00-24:00; Вт: 00:00-24:00; Ср: 00:00-24:00; Чт: 00:00-24:00; Пт: 00:00-24:00; Сб: 00:00-24:00; Вс: 00:00-24:00,+05:00,4.4,56,87273390871,,,,,,,https://instagram.com/cu_kazakhstan,,,,,,,,,,,,43.245059,76.923818,https://2gis.com/firm/70000001108842030,branch
CU,корейские магазины,Косметика и парфюмерия; Быстрое питание; Магазины азиатских продуктов; Продукты быстрого приготовления; Диетические продукты; Супермаркеты; Продажа кофе,"улица Жарокова, 91",,050008,,Алмалинский район,Алматы,,Алматы,Казахстан,Пн: 00:00-24:00; Вт: 00:00-24:00; Ср: 00:00-24:00; Чт: 00:00-24:00; Пт: 00:00-24:00; Сб: 00:00-24:00; Вс: 00:00-24:00,+05:00,4.8,59,87273390867,,,,,,,https://instagram.com/cu_kazakhstan,,,,,,,,,,,,43.242508,76.898652,https://2gis.com/firm/70000001105997588,branch
CU,корейские магазины,Косметика и парфюмерия; Магазины азиатских продуктов; Продукты быстрого приготовления; Продажа кофе; Быстрое питание; Диетические продукты; Супермаркеты,"улица Ауэзова, 106",,050057,,Бостандыкский район,Алматы,,Алматы,Казахстан,Пн: 00:00-24:00; Вт: 00:00-24:00; Ср: 00:00-24:00; Чт: 00:00-24:00; Пт: 00:00-24:00; Сб: 00:00-24:00; Вс: 00:00-24:00,+05:00,4.7,65,87273131239,,,,,,,https://instagram.com/cu_kazakhstan,,,,,,,,,,,,43.233869,76.90503,https://2gis.com/firm/70000001104998646,branch
CU,корейские магазины,Косметика и парфюмерия; Быстрое питание; Магазины азиатских продуктов; Продукты быстрого приготовления; Диетические продукты; Супермаркеты; Продажа кофе,"улица Байтурсынова, 78",,050022,,Алмалинский район,Алматы,,Алматы,Казахстан,Пн: 00:00-24:00; Вт: 00:00-24:00; Ср: 00:00-24:00; Чт: 00:00-24:00; Пт: 00:00-24:00; Сб: 00:00-24:00; Вс: 00:00-24:00,+05:00,4.8,105,87273131869,,,,,,,https://instagram.com/cu_kazakhstan,,,,,,,,,,,,43.242861,76.927396,https://2gis.com/firm/70000001103705592,branch
CU,корейские магазины,Косметика и парфюмерия; Быстрое питание; Магазины азиатских продуктов; Продукты быстрого приготовления; Диетические продукты; Супермаркеты; Продажа кофе,"2-й микрорайон, 40а",,050062,2-й м-н,Ауэзовский район,Алматы,,Алматы,Казахстан,Пн: 00:00-24:00; Вт: 00:00-24:00; Ср: 00:00-24:00; Чт: 00:00-24:00; Пт: 00:00-24:00; Сб: 00:00-24:00; Вс: 00:00-24:00,+05:00,4.7,107,87273390862,,,,,,,https://instagram.com/cu_kazakhstan,,,,,,,,,,,,43.232616,76.861457,https://2gis.com/firm/70000001103542305,branch
CU,корейские магазины,Косметика и парфюмерия; Быстрое питание; Магазины азиатских продуктов; Продукты быстрого приготовления; Диетические продукты; Супермаркеты; Продажа кофе,"улица Мауленова, 123",,050022,,Алмалинский район,Алматы,,Алматы,Казахстан,Пн: 00:00-24:00; Вт: 00:00-24:00; Ср: 00:00-24:00; Чт: 00:00-24:00; Пт: 00:00-24:00; Сб: 00:00-24:00; Вс: 00:00-24:00,+05:00,4.7,79,87273132980,,,,,,,https://instagram.com/cu_kazakhstan,,,,,,,,,,,,43.244057,76.934839,https://2gis.com/firm/70000001102880489,branch
CU,корейские магазины,Косметика и парфюмерия; Быстрое питание; Магазины азиатских продуктов; Продукты быстрого приготовления; Диетические продукты; Супермаркеты; Продажа кофе,"улица Каныша Сатпаева, 16а",,050013,,Бостандыкский район,Алматы,,Алматы,Казахстан,Пн: 00:00-24:00; Вт: 00:00-24:00; Ср: 00:00-24:00; Чт: 00:00-24:00; Пт: 00:00-24:00; Сб: 00:00-24:00; Вс: 00:00-24:00,+05:00,4.8,73,87273133762,,,,,,,https://instagram.com/cu_kazakhstan,,,,,,,,,,,,43.237658,76.940006,https://2gis.com/firm/70000001102880471,branch
CU,корейские магазины,Косметика и парфюмерия; Быстрое питание; Магазины азиатских продуктов; Продукты быстрого приготовления; Диетические продукты; Супермаркеты; Продажа кофе,"улица Толе би, 285/8 к14",,050031,,Ауэзовский район,Алматы,,Алматы,Казахстан,Пн: 00:20-23:40; Вт: 00:20-23:40; Ср: 00:20-23:40; Чт: 00:20-23:40; Пт: 00:20-23:40; Сб: 00:20-23:40; Вс: 00:20-23:40,+05:00,4.7,196,87273133781,,,,,,,https://instagram.com/cu_kazakhstan,,,,,,,,,,,,43.245879,76.854516,https://2gis.com/firm/70000001102632707,branch
CU,корейские магазины,Косметика и парфюмерия; Быстрое питание; Магазины азиатских продуктов; Продукты быстрого приготовления; Диетические продукты,"улица Толе би, 127",,050000,,Алмалинский район,Алматы,,Алматы,Казахстан,Пн: 00:00-24:00; Вт: 00:00-24:00; Ср: 00:00-24:00; Чт: 00:00-24:00; Пт: 00:00-24:00; Сб: 00:00-24:00; Вс: 00:00-24:00,+05:00,4.8,95,87273131048,,,,,,,https://instagram.com/cu_kazakhstan,,,,,,,,,,,,43.253297,76.91827,https://2gis.com/firm/70000001101600697,branch
CU,корейские магазины,Косметика и парфюмерия; Быстрое питание; Магазины азиатских продуктов; Продукты быстрого приготовления; Диетические продукты; Супермаркеты; Продажа кофе,"улица Толе би, 75",,050000,,Алмалинский район,Алматы,,Алматы,Казахстан,Пн: 00:00-24:00; Вт: 00:00-24:00; Ср: 00:00-24:00; Чт: 00:00-24:00; Пт: 00:00-24:00; Сб: 00:00-24:00; Вс: 00:00-24:00,+05:00,4.8,63,87273133674,,,,,,,https://instagram.com/cu_kazakhstan,,,,,,,,,,,,43.254498,76.933813,https://2gis.com/firm/70000001101378416,branch
CU,корейские магазины,Косметика и парфюмерия; Быстрое питание; Магазины азиатских продуктов; Продукты быстрого приготовления; Диетические продукты; Супермаркеты; Продажа кофе,"проспект Жибек Жолы, 104",,050004,,Алмалинский район,Алматы,,Алматы,Казахстан,Пн: 00:00-24:00; Вт: 00:00-24:00; Ср: 00:00-24:00; Чт: 00:00-24:00; Пт: 00:00-24:00; Сб: 00:00-24:00; Вс: 00:00-24:00,+05:00,4.7,129,87273133761,,,,,,,https://instagram.com/cu_kazakhstan,,,,,,,,,,,,43.261612,76.942073,https://2gis.com/firm/70000001101378300,branch
CU,корейские магазины,Косметика и парфюмерия; Быстрое питание; Магазины азиатских продуктов; Продукты быстрого приготовления; Диетические продукты; Супермаркеты; Продажа кофе,"проспект Абая, 118 блок 1",,050046,,Бостандыкский район,Алматы,,Алматы,Казахстан,Пн: 00:00-24:00; Вт: 00:00-24:00; Ср: 00:00-24:00; Чт: 00:00-24:00; Пт: 00:00-24:00; Сб: 00:00-24:00; Вс: 00:00-24:00,+05:00,4.8,99,87273131204,,,,,,,https://instagram.com/cu_kazakhstan,,,,,,,,,,,,43.23701,76.890294,https://2gis.com/firm/70000001101139749,branch
CU,корейские магазины,Косметика и парфюмерия; Быстрое питание; Магазины азиатских продуктов; Продукты быстрого приготовления; Диетические продукты; Супермаркеты; Продажа кофе,"микрорайон Орбита-3, 3",,050043,Орбита-3 м-н,Бостандыкский район,Алматы,,Алматы,Казахстан,Пн: 00:00-24:00; Вт: 00:00-24:00; Ср: 00:00-24:00; Чт: 00:00-24:00; Пт: 00:00-24:00; Сб: 00:00-24:00; Вс: 00:00-24:00,+05:00,4.8,127,87273133791,,,,,,,https://instagram.com/cu_kazakhstan,,,,,,,,,,,,43.201359,76.879042,https://2gis.com/firm/70000001100907115,branch
CU,корейские магазины,Косметика и парфюмерия; Быстрое питание; Магазины азиатских продуктов; Продукты быстрого приготовления; Диетические продукты; Супермаркеты; Продажа кофе,"проспект Абылай хана, 68",,050004,,Алмалинский район,Алматы,,Алматы,Казахстан,Пн: 00:00-24:00; Вт: 00:00-24:00; Ср: 00:00-24:00; Чт: 00:00-24:00; Пт: 00:00-24:00; Сб: 00:00-24:00; Вс: 00:00-24:00,+05:00,4.7,119,87273133675,,,,,,,https://instagram.com/cu_kazakhstan,,,,,,,,,,,,43.260024,76.941055,https://2gis.com/firm/70000001100538990,branch
CU,корейские магазины,Косметика и парфюмерия; Быстрое питание; Магазины азиатских продуктов; Продукты быстрого приготовления; Диетические продукты; Супермаркеты; Продажа кофе,"улица Торекулова, 91 блок 3",,050016,,Алмалинский район,Алматы,,Алматы,Казахстан,Пн: 00:00-24:00; Вт: 00:00-24:00; Ср: 00:00-24:00; Чт: 00:00-24:00; Пт: 00:00-24:00; Сб: 00:00-24:00; Вс: 00:00-24:00,+05:00,4.5,42,87273133793,,,,,,,https://instagram.com/cu_kazakhstan,,,,,,,,,,,,43.266337,76.927395,https://2gis.com/firm/70000001100538817,branch
CU,корейские магазины,Косметика и парфюмерия; Быстрое питание; Магазины азиатских продуктов; Продукты быстрого приготовления; Диетические продукты; Супермаркеты; Продажа кофе,"проспект Достык, 36",,050010,,Медеуский район,Алматы,,Алматы,Казахстан,Пн: 00:00-24:00; Вт: 00:00-24:00; Ср: 00:00-24:00; Чт: 00:00-24:00; Пт: 00:00-24:00; Сб: 00:00-24:00; Вс: 00:00-24:00,+05:00,4.7,130,87273133783,,,,,,,https://instagram.com/cu_kazakhstan,,,,,,,,,,,,43.2535,76.956024,https://2gis.com/firm/70000001100239649,branch
CU,корейские магазины,Косметика и парфюмерия; Быстрое питание; Магазины азиатских продуктов; Продукты быстрого приготовления; Диетические продукты; Супермаркеты; Продажа кофе,"улица Гоголя, 155",,050000,,Алмалинский район,Алматы,,Алматы,Казахстан,Пн: 00:00-24:00; Вт: 00:00-24:00; Ср: 00:00-24:00; Чт: 00:00-24:00; Пт: 00:00-24:00; Сб: 00:00-24:00; Вс: 00:00-24:00,+05:00,4.8,146,87273133794,,,,,,,https://instagram.com/cu_kazakhstan,,,,,,,,,,,,43.258762,76.92352,https://2gis.com/firm/70000001099942108,branch
CU,корейские магазины,Косметика и парфюмерия; Быстрое питание; Магазины азиатских продуктов; Продукты быстрого приготовления; Диетические продукты; Супермаркеты; Продажа кофе,"улица Ауэзова, 165",1 этаж,050057,,Бостандыкский район,Алматы,,Алматы,Казахстан,Пн: 00:00-24:00; Вт: 00:00-24:00; Ср: 00:00-24:00; Чт: 00:00-24:00; Пт: 00:00-24:00; Сб: 00:00-24:00; Вс: 00:00-24:00,+05:00,4.8,113,87273133914,,,,,,,https://instagram.com/cu_kazakhstan,,,,,,,,,,,,43.230497,76.904942,https://2gis.com/firm/70000001098162999,branch
CU,корейские магазины,Косметика и парфюмерия; Быстрое питание; Магазины азиатских продуктов; Продукты быстрого приготовления; Диетические продукты; Супермаркеты; Продажа кофе,"улица Толе би, 176",,050008,,Алмалинский район,Алматы,,Алматы,Казахстан,Пн: 00:00-24:00; Вт: 00:00-24:00; Ср: 00:00-24:00; Чт: 00:00-24:00; Пт: 00:00-24:00; Сб: 00:00-24:00; Вс: 00:00-24:00,+05:00,4.7,201,87273133802,,,,,,,https://instagram.com/cu_kazakhstan,,,,,,,,,,,,43.251416,76.899925,https://2gis.com/firm/70000001098162979,branch
CU,корейские магазины,Косметика и парфюмерия; Быстрое питание; Магазины азиатских продуктов; Продукты быстрого приготовления; Диетические продукты; Супермаркеты; Продажа кофе,"проспект Назарбаева, 36",,050016,,Медеуский район,Алматы,,Алматы,Казахстан,Пн: 00:00-24:00; Вт: 00:00-24:00; Ср: 00:00-24:00; Чт: 00:00-24:00; Пт: 00:00-24:00; Сб: 00:00-24:00; Вс: 00:00-24:00,+05:00,4.8,109,87273133887,,,,,,,https://instagram.com/cu_kazakhstan,,,,,,,,,,,,43.268836,76.945306,https://2gis.com/firm/70000001097247815,branch
CU,корейские магазины,Косметика и парфюмерия; Быстрое питание; Магазины азиатских продуктов; Продукты быстрого приготовления; Диетические продукты; Супермаркеты; Продажа кофе,"улица Жарокова, 200",,050057,,Бостандыкский район,Алматы,,Алматы,Казахстан,Пн: 00:00-24:00; Вт: 00:00-24:00; Ср: 00:00-24:00; Чт: 00:00-24:00; Пт: 00:00-24:00; Сб: 00:00-24:00; Вс: 00:00-24:00,+05:00,4.8,192,87273133803,,,,,,,https://instagram.com/cu_kazakhstan,,,,,,,,,,,,43.225745,76.90206,https://2gis.com/firm/70000001097246181,branch
CU,корейские магазины,Косметика и парфюмерия; Быстрое питание; Магазины азиатских продуктов; Продукты быстрого приготовления; Диетические продукты; Супермаркеты; Продажа кофе,"Утепова улица, 31 блок 10",,050060,,Бостандыкский район,Алматы,,Алматы,Казахстан,Пн: 00:00-24:00; Вт: 00:00-24:00; Ср: 00:00-24:00; Чт: 00:00-24:00; Пт: 00:00-24:00; Сб: 00:00-24:00; Вс: 00:00-24:00,+05:00,4.6,86,87273133908,,,,,,,https://instagram.com/cu_kazakhstan,,,,,,,,,,,,43.220499,76.886852,https://2gis.com/firm/70000001097246165,branch
CU,корейские магазины,Косметика и парфюмерия; Быстрое питание; Магазины азиатских продуктов; Продукты быстрого приготовления; Диетические продукты; Супермаркеты; Продажа кофе,"улица Кабанбай батыра, 139",,050012,,Алмалинский район,Алматы,,Алматы,Казахстан,Пн: 00:00-24:00; Вт: 00:00-24:00; Ср: 00:00-24:00; Чт: 00:00-24:00; Пт: 00:00-24:00; Сб: 00:00-24:00; Вс: 00:00-24:00,+05:00,4.7,116,87273133816,,,,,,,https://instagram.com/cu_kazakhstan,,,,,,,,,,,,43.248075,76.919103,https://2gis.com/firm/70000001097246140,branch
CU,корейские магазины,Косметика и парфюмерия; Быстрое питание; Магазины азиатских продуктов; Продукты быстрого приготовления; Диетические продукты; Супермаркеты; Продажа кофе,"улица Каныша Сатпаева, 109",,050046,,Бостандыкский район,Алматы,,Алматы,Казахстан,Пн: 00:00-24:00; Вт: 00:00-24:00; Ср: 00:00-24:00; Чт: 00:00-24:00; Пт: 00:00-24:00; Сб: 00:00-24:00; Вс: 00:00-24:00,+05:00,4.9,117,87273133876,,,,,,,https://instagram.com/cu_kazakhstan,,,,,,,,,,,,43.234211,76.881769,https://2gis.com/firm/70000001097246102,branch
CU,корейские магазины,Косметика и парфюмерия; Быстрое питание; Магазины азиатских продуктов; Продукты быстрого приготовления; Диетические продукты; Супермаркеты; Продажа кофе,"6-й микрорайон, 3Б",,050036,6-й м-н,Ауэзовский район,Алматы,,Алматы,Казахстан,Пн: 00:00-24:00; Вт: 00:00-24:00; Ср: 00:00-24:00; Чт: 00:00-24:00; Пт: 00:00-24:00; Сб: 00:00-24:00; Вс: 00:00-24:00,+05:00,4.8,354,87273133912,,,,,,,https://instagram.com/cu_kazakhstan,,,,,,,,,,,,43.223543,76.85864,https://2gis.com/firm/70000001095118020,branch
CU,корейские магазины,Косметика и парфюмерия; Быстрое питание; Магазины азиатских продуктов; Продукты быстрого приготовления; Диетические продукты; Супермаркеты; Продажа кофе,"проспект Абылай хана, 12/16",,050016,,Жетысуский район,Алматы,,Алматы,Казахстан,Пн: 00:00-24:00; Вт: 00:00-24:00; Ср: 00:00-24:00; Чт: 00:00-24:00; Пт: 00:00-24:00; Сб: 00:00-24:00; Вс: 00:00-24:00,+05:00,4.8,124,87273133885,,,,,,,https://instagram.com/cu_kazakhstan,,,,,,,,,,,,43.271227,76.939655,https://2gis.com/firm/70000001095117968,branch
CU,корейские магазины,Косметика и парфюмерия; Быстрое питание; Магазины азиатских продуктов; Продукты быстрого приготовления; Диетические продукты; Супермаркеты; Продажа кофе,"проспект Назарбаева, 235Б",,050059,,Бостандыкский район,Алматы,,Алматы,Казахстан,Пн: 00:00-24:00; Вт: 00:00-24:00; Ср: 00:00-24:00; Чт: 00:00-24:00; Пт: 00:00-24:00; Сб: 00:00-24:00; Вс: 00:00-24:00,+05:00,4.9,196,87273133889,,,,,,,https://instagram.com/cu_kazakhstan,,,,,,,,,,,,43.230439,76.948092,https://2gis.com/firm/70000001095117610,branch
CU,корейские магазины,Косметика и парфюмерия; Быстрое питание; Магазины азиатских продуктов; Продукты быстрого приготовления; Диетические продукты; Супермаркеты; Продажа кофе,"проспект Назарбаева, 57",,050004,,Алмалинский район,Алматы,,Алматы,Казахстан,Пн: 00:00-24:00; Вт: 00:00-24:00; Ср: 00:00-24:00; Чт: 00:00-24:00; Пт: 00:00-24:00; Сб: 00:00-24:00; Вс: 00:00-24:00,+05:00,4.8,113,87273133925,,,,,,,https://instagram.com/cu_kazakhstan,,,,,,,,,,,,43.264461,76.945186,https://2gis.com/firm/70000001095016769,branch
CU,корейские магазины,Косметика и парфюмерия; Быстрое питание; Магазины азиатских продуктов; Продукты быстрого приготовления; Диетические продукты; Супермаркеты; Продажа кофе,"улица Навои, 310",,050043,,Бостандыкский район,Алматы,,Алматы,Казахстан,Пн: 00:00-24:00; Вт: 00:00-24:00; Ср: 00:00-24:00; Чт: 00:00-24:00; Пт: 00:00-24:00; Сб: 00:00-24:00; Вс: 00:00-24:00,+05:00,4.8,336,87273133926,,,,,,,https://instagram.com/cu_kazakhstan,,,,,,,,,,,,43.198887,76.887386,https://2gis.com/firm/70000001094203658,branch
CU,корейские магазины,Косметика и парфюмерия; Быстрое питание; Магазины азиатских продуктов; Продукты быстрого приготовления; Диетические продукты; Супермаркеты; Продажа кофе,"проспект Абая, 139",,050009,,Алмалинский район,Алматы,,Алматы,Казахстан,Пн: 00:00-24:00; Вт: 00:00-24:00; Ср: 00:00-24:00; Чт: 00:00-24:00; Пт: 00:00-24:00; Сб: 00:00-24:00; Вс: 00:00-24:00,+05:00,4.8,225,87273133814,,,,,,,https://instagram.com/cu_kazakhstan,,,,,,,,,,,,43.239653,76.897795,https://2gis.com/firm/70000001093695256,branch
CU,корейские магазины,Косметика и парфюмерия; Быстрое питание; Магазины азиатских продуктов; Продукты быстрого приготовления; Диетические продукты; Супермаркеты; Продажа кофе,"улица Гоголя, 100",,050004,,Алмалинский район,Алматы,,Алматы,Казахстан,Пн: 00:00-24:00; Вт: 00:00-24:00; Ср: 00:00-24:00; Чт: 00:00-24:00; Пт: 00:00-24:00; Сб: 00:00-24:00; Вс: 00:00-24:00,+05:00,4.8,132,87273133798,,,,,,,https://instagram.com/cu_kazakhstan,,,,,,,,,,,,43.258856,76.933225,https://2gis.com/firm/70000001093695219,branch
CU,корейские магазины,Косметика и парфюмерия; Быстрое питание; Магазины азиатских продуктов; Продукты быстрого приготовления; Диетические продукты; Супермаркеты; Продажа кофе,"проспект Сейфуллина, 420",,050000,,Алмалинский район,Алматы,,Алматы,Казахстан,Пн: 00:00-24:00; Вт: 00:00-24:00; Ср: 00:00-24:00; Чт: 00:00-24:00; Пт: 00:00-24:00; Сб: 00:00-24:00; Вс: 00:00-24:00,+05:00,4.8,137,87273133927,,,,,,,https://instagram.com/cu_kazakhstan,,,,,,,,,,,,43.262941,76.932327,https://2gis.com/firm/70000001093695165,branch
CU,корейские магазины,Косметика и парфюмерия; Быстрое питание; Магазины азиатских продуктов; Продукты быстрого приготовления; Диетические продукты; Супермаркеты; Продажа кофе,"проспект Назарбаева, 120",,050000,,Медеуский район,Алматы,,Алматы,Казахстан,Пн: 00:00-24:00; Вт: 00:00-24:00; Ср: 00:00-24:00; Чт: 00:00-24:00; Пт: 00:00-24:00; Сб: 00:00-24:00; Вс: 00:00-24:00,+05:00,4.8,152,87273133941,,,,,,,https://instagram.com/cu_kazakhstan,,,,,,,,,,,,43.252406,76.947435,https://2gis.com/firm/70000001093542409,branch
CU,корейские магазины,Косметика и парфюмерия; Быстрое питание; Магазины азиатских продуктов; Продукты быстрого приготовления; Диетические продукты; Супермаркеты; Продажа кофе,"улица Каныша Сатпаева, 22",,050013,,Бостандыкский район,Алматы,,Алматы,Казахстан,Пн: 00:00-24:00; Вт: 00:00-24:00; Ср: 00:00-24:00; Чт: 00:00-24:00; Пт: 00:00-24:00; Сб: 00:00-24:00; Вс: 00:00-24:00,+05:00,4.8,235,87273133817,,,,,,,https://instagram.com/cu_kazakhstan,,,,,,,,,,,,43.236897,76.929764,https://2gis.com/firm/70000001092767620,branch
CU,корейские магазины,Косметика и парфюмерия; Быстрое питание; Магазины азиатских продуктов; Продукты быстрого приготовления; Диетические продукты; Супермаркеты; Продажа кофе,"улица Розыбакиева, 343 блок 5",,050060,,Бостандыкский район,Алматы,,Алматы,Казахстан,Пн: 00:00-24:00; Вт: 00:00-24:00; Ср: 00:00-24:00; Чт: 00:00-24:00; Пт: 00:00-24:00; Сб: 00:00-24:00; Вс: 00:00-24:00,+05:00,4.8,138,87273133924,,,,,,,https://instagram.com/cu_kazakhstan,,,,,,,,,,,,43.207429,76.895624,https://2gis.com/firm/70000001092718779,branch
CU,корейские магазины,Косметика и парфюмерия; Быстрое питание; Магазины азиатских продуктов; Продукты быстрого приготовления; Диетические продукты; Супермаркеты; Продажа кофе,"улица Навои, 39 блок 12",,050042,Таугуль-1 м-н,Ауэзовский район,Алматы,,Алматы,Казахстан,Пн: 00:20-23:40; Вт: 00:20-23:40; Ср: 00:20-23:40; Чт: 00:20-23:40; Пт: 00:20-23:40; Сб: 00:20-23:40; Вс: 00:20-23:40,+05:00,4.7,135,87273390861,,,,,,,https://instagram.com/cu_kazakhstan,,,,,,,,,,,,43.215804,76.880797,https://2gis.com/firm/70000001092718742,branch
CU,корейские магазины,Косметика и парфюмерия; Быстрое питание; Магазины азиатских продуктов; Продукты быстрого приготовления; Диетические продукты; Супермаркеты; Продажа кофе,"проспект Достык, 109",,050051,,Медеуский район,Алматы,,Алматы,Казахстан,Пн: 00:00-24:00; Вт: 00:00-24:00; Ср: 00:00-24:00; Чт: 00:00-24:00; Пт: 00:00-24:00; Сб: 00:00-24:00; Вс: 00:00-24:00,+05:00,4.8,168,87273133932,,,,,,,https://instagram.com/cu_kazakhstan,,,,,,,,,,,,43.223605,76.962246,https://2gis.com/firm/70000001092718680,branch
CU,корейские магазины,Косметика и парфюмерия; Быстрое питание; Магазины азиатских продуктов; Продукты быстрого приготовления; Диетические продукты; Супермаркеты; Продажа кофе,"улица Панфилова, 113",,050000,,Алмалинский район,Алматы,,Алматы,Казахстан,Пн: 00:00-24:00; Вт: 00:00-24:00; Ср: 00:00-24:00; Чт: 00:00-24:00; Пт: 00:00-24:00; Сб: 00:00-24:00; Вс: 00:00-24:00,+05:00,4.8,248,87273133804,,,,,,,https://instagram.com/cu_kazakhstan,,,,,,,,,,,,43.259176,76.94412,https://2gis.com/firm/70000001091365026,branch
CU,корейские магазины,Косметика и парфюмерия; Быстрое питание; Супермаркеты; Диетические продукты; Продажа кофе; Продукты быстрого приготовления; Магазины азиатских продуктов,"проспект Жибек Жолы, 39",,050002,,Медеуский район,Алматы,,Алматы,Казахстан,Пн: 00:00-24:00; Вт: 00:00-24:00; Ср: 00:00-24:00; Чт: 00:00-24:00; Пт: 00:00-24:00; Сб: 00:00-24:00; Вс: 00:00-24:00,+05:00,4.8,267,87273133804,87273133815,,,,,,https://instagram.com/cu_kazakhstan,,,,,,,,,,,,43.263113,76.958034,https://2gis.com/firm/70000001090340522,branch
CU,корейские магазины,Косметика и парфюмерия; Быстрое питание; Магазины азиатских продуктов; Продукты быстрого приготовления; Диетические продукты; Супермаркеты; Продажа кофе,"Богенбай батыра улица, 148",,050012,,Алмалинский район,Алматы,,Алматы,Казахстан,Пн: 00:00-24:00; Вт: 00:00-24:00; Ср: 00:00-24:00; Чт: 00:00-24:00; Пт: 00:00-24:00; Сб: 00:00-24:00; Вс: 00:00-24:00,+05:00,4.9,192,87273133921,,,,,,,https://instagram.com/cu_kazakhstan,,,,,,,,,,,,43.252322,76.935382,https://2gis.com/firm/70000001089222765,branch
CU,корейские магазины,Косметика и парфюмерия; Быстрое питание; Магазины азиатских продуктов; Продукты быстрого приготовления; Диетические продукты; Супермаркеты; Продажа кофе,"проспект Гагарина, 287 блок Б",1 этаж,050060,,Бостандыкский район,Алматы,,Алматы,Казахстан,Пн: 00:00-24:00; Вт: 00:00-24:00; Ср: 00:00-24:00; Чт: 00:00-24:00; Пт: 00:00-24:00; Сб: 00:00-24:00; Вс: 00:00-24:00,+05:00,4.8,310,87273398755,,,,,,,https://instagram.com/cu_kazakhstan,,,,,,,,,,,,43.204918,76.898672,https://2gis.com/firm/70000001089189015,branch
CU,корейские магазины,Косметика и парфюмерия; Магазины азиатских продуктов; Продукты быстрого приготовления; Продажа кофе; Быстрое питание; Диетические продукты; Супермаркеты; Продуктовые магазины,"проспект Абая, 10",,050021,,Бостандыкский район,Алматы,,Алматы,Казахстан,Пн: 00:00-24:00; Вт: 00:00-24:00; Ср: 00:00-24:00; Чт: 00:00-24:00; Пт: 00:00-24:00; Сб: 00:00-24:00; Вс: 00:00-24:00,+05:00,4.8,474,87273133809,,,,,,,https://instagram.com/cu_kazakhstan,,,,,,,,,,,,43.242183,76.946582,https://2gis.com/firm/70000001086700656,branch
CU,корейские магазины,Косметика и парфюмерия; Быстрое питание; Магазины азиатских продуктов; Продукты быстрого приготовления; Диетические продукты; Супермаркеты; Продажа кофе,"проспект Абылай хана, 103",,050000,,Алмалинский район,Алматы,,Алматы,Казахстан,Пн: 00:00-24:00; Вт: 00:00-24:00; Ср: 00:00-24:00; Чт: 00:00-24:00; Пт: 00:00-24:00; Сб: 00:00-24:00; Вс: 00:00-24:00,+05:00,4.9,425,87273133879,,,,,,,https://instagram.com/cu_kazakhstan,,,,,,,,,,,,43.254166,76.941252,https://2gis.com/firm/70000001084337921,branch
CU,корейские магазины,Косметика и парфюмерия; Быстрое питание; Магазины азиатских продуктов; Продукты быстрого приготовления; Диетические продукты; Супермаркеты; Продажа кофе,"улица Кунаева, 43",1 этаж,050004,,Медеуский район,Алматы,,Алматы,Казахстан,Пн: 00:00-24:00; Вт: 00:00-24:00; Ср: 00:00-24:00; Чт: 00:00-24:00; Пт: 00:00-24:00; Сб: 00:00-24:00; Вс: 00:00-24:00,+05:00,4.8,297,87273133807,,,,,,,https://instagram.com/cu_kazakhstan,,,,,,,,,,,,43.262638,76.948964,https://2gis.com/firm/70000001084337868,branch
Dari parfume,,Косметика и парфюмерия,"проспект Абылай хана, 46",1 этаж,040901,,,Каскелен,Карасайский район,Алматинская область,Казахстан,Пн: 11:00-20:00; Вт: 11:00-20:00; Ср: 11:00-20:00; Чт: 11:00-20:00; Пт: 11:00-20:00; Сб: 11:00-20:00; Вс: 11:00-20:00,+05:00,5.0,38,87477322190,,,,,,,,,,,,,,,,,,,43.201716,76.638864,https://2gis.com/firm/70000001093568196,branch
Daruland,торговая компания,Косметика и парфюмерия; БАДы; Бытовая химия,"проспект Назарбаева, 240",1 этаж,050059,Самал-2 м-н,Медеуский район,Алматы,,Алматы,Казахстан,Пн: 10:00-19:00; Вт: 10:00-19:00; Ср: 10:00-19:00; Чт: 10:00-19:00; Пт: 10:00-19:00; Сб: 10:00-19:00; Вс: 10:00-19:00,+05:00,4.9,78,87751548785,,,,,,,https://instagram.com/daruland.kz,,,,https://wa.me/77751548785,,,,https://t.me/daruland,,,,43.229551,76.950327,https://2gis.com/firm/70000001089470712,branch
Das parfum,бутик парфюмерии,Косметика и парфюмерия; Ароматовары,"улица Масанчи, 23/12",цокольный этаж; на выходе из Магнума,050000,,Алмалинский район,Алматы,,Алматы,Казахстан,Пн: 10:30-22:00; Вт: 10:30-22:00; Ср: 10:30-22:00; Чт: 10:30-22:00; Пт: 10:30-22:00; Сб: 10:30-22:00; Вс: 10:30-22:00,+05:00,4.9,31,87010708734,,,,,,,https://instagram.com/dasparfum.eu,,,,https://wa.me/77010708734,,,,https://t.me/+77010708734,,,,43.259024,76.927405,https://2gis.com/firm/70000001061205719,branch
Das parfum,бутик парфюмерии,Косметика и парфюмерия; Ароматовары,"микрорайон Самал-3, 1",1 этаж,050059,Самал-3 м-н,Медеуский район,Алматы,,Алматы,Казахстан,Пн: 10:00-21:00; Вт: 10:00-21:00; Ср: 10:00-21:00; Чт: 10:00-21:00; Пт: 10:00-21:00; Сб: 10:00-21:00; Вс: 10:00-21:00,+05:00,4.5,26,87475543791,,,,,,,https://instagram.com/dasparfum_ritz_,,,,https://wa.me/77475543791,,,,,,,,43.22794,76.959364,https://2gis.com/firm/70000001055393139,branch
David walker,бутик парфюмерии,Косметика и парфюмерия; Ароматовары,"Кабдолова улица, 1/4",6 блок,050062,,Ауэзовский район,Алматы,,Алматы,Казахстан,Пн: 10:00-22:00; Вт: 10:00-22:00; Ср: 10:00-22:00; Чт: 10:00-22:00; Пт: 10:00-22:00; Сб: 10:00-22:00; Вс: 10:00-22:00,+05:00,4.8,22,87012227990,87053996681,,,,,,https://instagram.com/davidwalker_kz,,,,https://wa.me/77053996681,https://wa.me/77012227990,,,,,,,43.237661,76.850066,https://2gis.com/firm/70000001097383046,branch
DBrand,бутик корейской косметики,Косметика и парфюмерия,"Ташкентский тракт, 17к",1 этаж,040916,,,Алматы,Карасайский район,Алматы,Казахстан,Пн: 10:00-22:00; Вт: 10:00-22:00; Ср: 10:00-22:00; Чт: 10:00-22:00; Пт: 10:00-22:00; Сб: 10:00-22:00; Вс: 10:00-22:00,+05:00,3.1,10,87759666764,,,,,,,https://instagram.com/dbrand_cosmetics,,,,https://wa.me/77759666764,,,,,,,,43.234764,76.778259,https://2gis.com/firm/70000001055862345,branch
Dien kz,магазин косметики и парфюмерий,Косметика и парфюмерия; БАДы; Средства гигиены,"улица Кунаева, 21",AG-21 бутик; цокольный этаж,050016,,Медеуский район,Алматы,,Алматы,Казахстан,Пн: 10:00-21:00; Вт: 10:00-21:00; Ср: 10:00-21:00; Чт: 10:00-21:00; Пт: 10:00-21:00; Сб: 10:00-21:00; Вс: 10:00-21:00,+05:00,4.6,59,87089371271,87007006218,,,,,,https://instagram.com/dien_kz,,,,https://wa.me/77089371271,https://wa.me/77007006218,,,,,,,43.267267,76.947695,https://2gis.com/firm/70000001035221279,branch
Dii aroma,островок парфюмерии,Косметика и парфюмерия,"улица Тимирязева, 42 к3",1 этаж,050057,,Бостандыкский район,Алматы,,Алматы,Казахстан,Пн: 10:00-22:00; Вт: 10:00-22:00; Ср: 10:00-22:00; Чт: 10:00-22:00; Пт: 10:00-22:00; Сб: 10:00-22:00; Вс: 10:00-22:00,+05:00,5.0,28,87076286500,,,,,,,https://instagram.com/Dii_aroma,,,,https://wa.me/77076286500,,,,,,,,43.225253,76.908047,https://2gis.com/firm/70000001115594971,branch
Dinat Parfum,бутик парфюмерии,Косметика и парфюмерия,"проспект Абая, 109в",1 этаж,050008,,Алмалинский район,Алматы,,Алматы,Казахстан,Пн: 10:00-22:00; Вт: 10:00-22:00; Ср: 10:00-22:00; Чт: 10:00-22:00; Пт: 10:00-22:00; Сб: 10:00-22:00; Вс: 10:00-22:00,+05:00,3.7,9,87007667702,87087667702,,,,,,https://instagram.com/dinat.perfume,,,,https://wa.me/77754818193,https://wa.me/77775481819,,,,,,,43.240406,76.905661,https://2gis.com/firm/70000001097339381,branch
Dinat parfume,бутик по продаже парфюмерии,Косметика и парфюмерия; Ароматовары,"проспект Райымбека, 239г",,050034,,Жетысуский район,Алматы,,Алматы,Казахстан,Пн: 10:00-22:00; Вт: 10:00-22:00; Ср: 10:00-22:00; Чт: 10:00-22:00; Пт: 10:00-22:00; Сб: 10:00-22:00; Вс: 10:00-22:00,+05:00,4.8,14,87754818193,,,,,,,https://instagram.com/dinat_parfume,,,,https://wa.me/77754818193,,,,,,,,43.264228,76.899662,https://2gis.com/firm/70000001096520073,branch
DinLab Cosmetics,магазин косметики,Косметика и парфюмерия,"улица Катаева, 155/1",1 этаж,050000,,Бостандыкский район,Алматы,,Алматы,Казахстан,Пн: 10:00-19:00; Вт: 10:00-19:00; Ср: 10:00-19:00; Чт: 10:00-19:00; Пт: 10:00-19:00,+05:00,5.0,22,87476375877,,,,,,,https://instagram.com/dr.dina_duisennn,,,,https://wa.me/77476375877,,,,,,,,43.233777,76.891226,https://2gis.com/firm/70000001115802800,branch
Diomid,парфюмерный магазин,Косметика и парфюмерия,"улица Алтын Адам, 140е",1 этаж,40400,,,Есик,Енбекшиказахский район,Алматинская область,Казахстан,Пн: 10:00-21:00; Вт: 10:00-21:00; Ср: 10:00-21:00; Чт: 10:00-21:00; Пт: 10:00-21:00; Сб: 10:00-21:00; Вс: 10:00-21:00,+05:00,5.0,13,87073749545,,,,,,,,,,,https://wa.me/77073749545,,,,,,,,43.371325,77.429169,https://2gis.com/firm/70000001109926008,branch
Diomid perfume,магазин парфюмерии,Косметика и парфюмерия,"улица Ауэзова, 87",2 этаж,,,,Есик,Енбекшиказахский район,Алматинская область,Казахстан,Пн: 10:00-17:00; Вт: 10:00-17:00; Ср: 10:00-17:00; Чт: 10:00-17:00; Пт: 10:00-17:00; Сб: 10:00-17:00; Вс: 10:00-17:00,+05:00,5.0,22,87079529299,,,,,,,https://instagram.com/dio_perfume,,,,https://wa.me/77079529299,,,,,,,,43.354627,77.46098,https://2gis.com/firm/70000001099331078,branch
Dom mart,магазин хозяйственных товаров,Косметика и парфюмерия; Хозтовары; Бытовая химия,"улица Ушконыр, 78/7",1 этаж,040923,,,,Карасайский район,Алматинская область,Казахстан,Пн: 08:00-23:00; Вт: 08:00-23:00; Ср: 08:00-23:00; Чт: 08:00-23:00; Пт: 08:00-23:00; Сб: 08:00-23:00; Вс: 08:00-23:00,+05:00,2.3,6,87083507575,,,,,,,,,,,https://wa.me/77083507575,,,,,,,,43.206168,76.745106,https://2gis.com/firm/70000001068977315,branch
Dream Ocean Parfume,магазин элитной парфюмерии,Косметика и парфюмерия,"улица Кунаева, 43",1 этаж,050004,,Медеуский район,Алматы,,Алматы,Казахстан,Пн: 10:00-18:30; Вт: 10:00-18:30; Ср: 10:00-18:30; Чт: 10:00-18:30; Пт: 10:00-18:30; Сб: 11:00-18:30; Вс: 11:00-17:30,+05:00,4.4,16,87013113646,87016841590,87013114849,,,,,https://instagram.com/dream_ocean_parfum,,,,https://wa.me/77013113646,https://wa.me/77016841590,https://wa.me/77013114849,,,,,,43.262494,76.948946,https://2gis.com/firm/70000001034404467,branch
Eco Shop Ala,интернет-магазин,Косметика и парфюмерия; Бытовая химия,"микрорайон Аксай-2, 59",7 офис; 4 этаж,050031,Аксай-2 м-н,Ауэзовский район,Алматы,,Алматы,Казахстан,Пн: 09:00-21:00; Вт: 09:00-21:00; Ср: 09:00-21:00; Чт: 09:00-21:00; Пт: 09:00-21:00; Сб: 09:00-21:00; Вс: 09:00-21:00,+05:00,5.0,6,87772114737,87076898955,,,,,,https://instagram.com/eco_shop_ala,,,,https://wa.me/77772114737,https://wa.me/77076898955,,,,,,,43.237154,76.836438,https://2gis.com/firm/70000001080318913,branch
Ego,магазин парфюмерии,Косметика и парфюмерия,"улица Кабанбай батыра, 65",1 этаж,050010,,Медеуский район,Алматы,,Алматы,Казахстан,Пн: 10:00-20:00; Вт: 10:00-20:00; Ср: 10:00-20:00; Чт: 10:00-20:00; Пт: 10:00-20:00; Сб: 10:00-20:00; Вс: 10:00-20:00,+05:00,4.6,38,87779366060,,,,,,,https://instagram.com/egoniche,,,,https://wa.me/77779366060,,,,,,,,43.25063,76.955265,https://2gis.com/firm/70000001043176963,branch
Elcoree.kz,магазин корейской косметики,Косметика и парфюмерия,"проспект Назарбаева, 48",1 этаж,050004,,Медеуский район,Алматы,,Алматы,Казахстан,Вт: 10:00-19:00; Ср: 10:00-19:00; Чт: 10:00-19:00; Пт: 10:00-19:00; Сб: 10:00-19:00; Вс: 10:00-19:00,+05:00,4.9,50,87772163570,87059184551,,,,,,https://instagram.com/elcoree.cosmetics,,,,https://wa.me/77059184551,https://wa.me/77772163570,,,,,,,43.262709,76.94591,https://2gis.com/firm/70000001034996699,branch
Elegant Perfume,парфюмерный магазин,Косметика и парфюмерия,"улица Толе би, 286/2",101 офис; цокольный этаж,050005,,Алмалинский район,Алматы,,Алматы,Казахстан,Пн: 10:00-22:00; Вт: 10:00-22:00; Ср: 10:00-22:00; Чт: 10:00-22:00; Пт: 10:00-22:00,+05:00,4.6,10,87754851633,,,,,,,,,,,https://wa.me/77754851633,,,,,,,,43.248043,76.869342,https://2gis.com/firm/70000001113236471,branch
Elixir,бутик парфюмерии,Косметика и парфюмерия,"Кабдолова улица, 1/4",5 блок,050062,,Ауэзовский район,Алматы,,Алматы,Казахстан,Пн: 10:00-22:00; Вт: 10:00-22:00; Ср: 10:00-22:00; Чт: 10:00-22:00; Пт: 10:00-22:00; Сб: 10:00-22:00; Вс: 10:00-22:00,+05:00,4.4,21,87075175175,,,,,,,https://instagram.com/elixir_parfum_almaty,,,,https://wa.me/77777461536,,,,,,,,43.237363,76.848766,https://2gis.com/firm/70000001095498332,branch
Elixir,бутик парфюмерии,Косметика и парфюмерия,"улица Рихарда Зорге, 18",A-083 бутик; 1 этаж,050011,,Турксибский район,Алматы,,Алматы,Казахстан,Пн: 10:00-22:00; Вт: 10:00-22:00; Ср: 10:00-22:00; Чт: 10:00-22:00; Пт: 10:00-22:00; Сб: 10:00-22:00; Вс: 10:00-22:00,+05:00,4.4,59,87075175175,,,,,,,https://instagram.com/elixir_parfum_almaty,,,,https://wa.me/77777461536,,,,,,,,43.336667,76.955313,https://2gis.com/firm/70000001092704690,branch
Eloria perfume,магазин парфюмерии,Косметика и парфюмерия,"улица Тимирязева, 81",1 этаж,050057,,Бостандыкский район,Алматы,,Алматы,Казахстан,Пн: 10:00-21:00; Вт: 10:00-21:00; Ср: 10:00-21:00; Чт: 10:00-21:00; Пт: 10:00-21:00; Сб: 10:00-21:00; Вс: 10:00-21:00,+05:00,5.0,26,87470427320,,,,,,,https://instagram.com/eloria_perfume,,,,https://wa.me/77470427320,,,,,,,,43.225935,76.903805,https://2gis.com/firm/70000001103090521,branch
Eloria perfume,магазин парфюмерии,Косметика и парфюмерия; Ароматовары; Солнцезащитные очки,"улица Тимирязева, 40",1 этаж,050057,,Бостандыкский район,Алматы,,Алматы,Казахстан,Пн: 10:00-22:00; Вт: 10:00-22:00; Ср: 10:00-22:00; Чт: 10:00-22:00; Пт: 10:00-22:00; Сб: 10:00-22:00; Вс: 10:00-22:00,+05:00,4.6,12,87479781546,,,,,,,https://instagram.com/eloria_perfume,,,,https://wa.me/77479781546,,,,,,,,43.225435,76.906469,https://2gis.com/firm/70000001094602500,branch
Empire Perfumes,парфюмерный магазин,Косметика и парфюмерия; Часы,"микрорайон Аксай-5, 25",1 этаж,050063,Аксай-5 м-н,Ауэзовский район,Алматы,,Алматы,Казахстан,Пн: 12:00-20:00; Вт: 12:00-20:00; Ср: 12:00-20:00; Чт: 12:00-20:00; Пт: 12:00-20:00; Сб: 12:00-20:00; Вс: 12:00-20:00,+05:00,5.0,18,87078081908,,,,,,,https://instagram.com/empire__perfumes,,,,https://wa.me/77077175506,,,,,,,,43.232125,76.832163,https://2gis.com/firm/70000001098634340,branch
Erkeshka Shop,магазин,Косметика и парфюмерия; Бижутерия; Игрушки; Аниме и косплей товары,"улица Айтеке би, 7/1а",,041600,,,Талгар,Талгарский район,Алматинская область,Казахстан,Вт: 11:00-17:00; Чт: 11:00-17:00; Пт: 11:00-17:00; Сб: 11:00-17:00; Вс: 11:00-17:00,+05:00,3.7,6,87759331020,,,,,,,https://instagram.com/erkeshka.shop,,,,https://wa.me/77759331020,,,,,,,,43.307424,77.240131,https://2gis.com/firm/70000001113508924,branch
Eza_cos,магазин корейской косметики,Косметика и парфюмерия,"улица Ауэзова, 87",1 этаж,,,,Есик,Енбекшиказахский район,Алматинская область,Казахстан,Пн: 10:00-18:00; Вт: 10:00-18:00; Ср: 10:00-18:00; Чт: 10:00-18:00; Пт: 10:00-18:00; Сб: 10:00-18:00; Вс: 10:00-18:00,+05:00,5.0,6,87077771207,,,,,,,https://instagram.com/eza_cos,,,,https://wa.me/77077771207,,,,,,,,43.354627,77.46098,https://2gis.com/firm/70000001089732869,branch
Faberlic,агентский пункт,Косметика и парфюмерия; Бытовая химия; Средства гигиены,"улица Сулейменова, 26а",1 этаж,050042,Таугуль-1 м-н,Ауэзовский район,Алматы,,Алматы,Казахстан,Пн: 11:00-19:00; Вт: 11:00-19:00; Ср: 11:00-19:00; Чт: 11:00-19:00; Пт: 11:00-19:00; Вс: 11:00-19:00,+05:00,2.9,9,87075145522,,,,,,,,,,,https://wa.me/77075145522,,,,,,,,43.211299,76.8782,https://2gis.com/firm/70000001044513160,branch
Faberlic,агентский пункт,Косметика и парфюмерия; Нижнее бельё; Бытовая химия,"улица Жанкожа батыра, 204",1 этаж,050065,Шанырак-2 м-н,Алатауский район,Алматы,,Алматы,Казахстан,Пн: 11:00-17:00; Ср: 11:00-17:00; Пт: 11:00-17:00,+05:00,4.4,10,87077899534,87057735919,87773492646,,,,,,,,,https://wa.me/77077899534,https://wa.me/77057735919,https://wa.me/77773492646,,,,,,43.299199,76.85171,https://2gis.com/firm/70000001033575206,branch
Faberlic,агентский пункт,Косметика и парфюмерия; Бытовая химия,"Грозы улица, 151",3 офис; 1 этаж,050067,Таусамалы м-н,Наурызбайский район,Алматы,,Алматы,Казахстан,Пн: 12:00-19:00; Вт: 12:00-19:00; Ср: 12:00-19:00; Чт: 12:00-19:00; Пт: 12:00-19:00,+05:00,3.8,6,87005558998,87478156808,,,,,,,,,,https://wa.me/77005558998,https://wa.me/77478156808,,,,,,,43.188453,76.834892,https://2gis.com/firm/70000001030960458,branch
Faberlic,агентский пункт,Косметика и парфюмерия; Нижнее бельё; Детская одежда; Носки и колготки; Бытовая химия,"проспект Абая, 138/2",5 кабинет; 2 этаж,050046,,Бостандыкский район,Алматы,,Алматы,Казахстан,Пн: 11:00-19:00; Вт: 11:00-17:00; Ср: 11:00-19:00; Чт: 11:00-17:00; Пт: 11:00-17:00; Сб: 11:00-15:00,+05:00,3.4,10,87272216331,87014102424,,,,,,,,,,https://wa.me/77014102424,,,,,,,,43.237882,76.885649,https://2gis.com/firm/9429940001205047,branch
Faberlic,агентский пункт,Косметика и парфюмерия; Детская одежда; Средства гигиены; Хозтовары,"улица Толе би, 260",13 бутик; С сектор; 2 этаж,050009,,Алмалинский район,Алматы,,Алматы,Казахстан,Пн: 11:00-18:00; Вт: 11:00-18:00; Ср: 11:00-18:00; Чт: 11:00-18:00; Пт: 11:00-18:00,+05:00,4.2,5,87018939983,,,,,,,,,,,https://wa.me/77018939983,,,,,,,,43.250011,76.879848,https://2gis.com/firm/9429940001081163,branch
Faberlic,дистрибьюторская компания,Косметика и парфюмерия,"улица Гагарина, 4а",2 этаж,040707,,,,Илийский район,Алматинская область,Казахстан,"Пн: 10:00-14:00, 15:00-18:00; Вт: 10:00-14:00, 15:00-18:00; Ср: 10:00-14:00, 15:00-18:00; Чт: 10:00-14:00, 15:00-18:00; Пт: 10:00-14:00, 15:00-18:00; Сб: 10:00-14:00, 15:00-18:00; Вс: 10:00-14:00",+05:00,5.0,5,87478618356,,,,,,,,,,,https://wa.me/77478618356,,,,,,,,43.354614,76.863252,https://2gis.com/firm/9429940001251515,branch
Faberlic,компания,Косметика и парфюмерия; Средства гигиены; Детская одежда; БАДы; Бытовая химия,"улица Мустафина, 5Б",2 этаж,050043,Орбита-3 м-н,Бостандыкский район,Алматы,,Алматы,Казахстан,Пн: 14:00-19:00; Вт: 12:30-18:30; Ср: 14:00-19:00; Чт: 12:30-18:30; Пт: 14:00-19:00,+05:00,4.7,9,87077788477,,,,,,,,,,,https://wa.me/77077788477,,,,,,,,43.198739,76.879369,https://2gis.com/firm/70000001030974185,branch
Faberlic,пункт выдачи,Косметика и парфюмерия; Нижнее бельё; Бытовая химия; Женская одежда; Мужская одежда,"улица Шевченко, 165Б",4 офис; цокольный этаж,050009,,Алмалинский район,Алматы,,Алматы,Казахстан,Пн: 10:00-19:00; Вт: 10:00-19:00; Ср: 10:00-19:00; Чт: 10:00-19:00; Пт: 10:00-19:00; Сб: 10:00-14:00,+05:00,4.9,85,87273236177,87078126717,,,,,,,,,,https://wa.me/77078126717,,,,,,,,43.243103,76.892025,https://2gis.com/firm/70000001031461238,branch
Faberlic,пункт выдачи товара,Косметика и парфюмерия; Хозтовары; БАДы; Средства гигиены,"микрорайон Коктем-3, 17",19 бутик; цокольный этаж,050040,Коктем-3 м-н,Бостандыкский район,Алматы,,Алматы,Казахстан,Пн: 11:00-16:30; Вт: 13:00-16:30; Ср: 13:00-16:30; Пт: 11:00-16:30; Сб: 11:00-13:00,+05:00,5.0,10,87476692802,,,,,,,https://instagram.com/faberlic_almaty_satpaeva,,,,https://wa.me/77476692802,,,,,,,,43.236216,76.917086,https://2gis.com/firm/70000001103408998,branch
Faberlic,пункт выдачи товара,Косметика и парфюмерия; БАДы; Бытовая химия; Средства гигиены; Фитопродукция,"микрорайон Астана, 6",,050052,Астана м-н,Ауэзовский район,Алматы,,Алматы,Казахстан,Пн: 14:30-19:00; Вт: 14:30-19:00; Ср: 14:30-19:00; Пт: 14:30-19:00,+05:00,5.0,5,87773534034,,,,,,,,,,,https://wa.me/77773534034,,,,,,,,43.211595,76.852152,https://2gis.com/firm/70000001101767556,branch
Faberlic,пункт выдачи товара,Косметика и парфюмерия; Бытовая химия; Детская одежда; Нижнее бельё,"проспект Суюнбая, 261/1а",,050054,,Турксибский район,Алматы,,Алматы,Казахстан,Вт: 10:00-17:00; Ср: 10:00-17:00; Пт: 10:00-17:00,+05:00,4.3,6,87081891624,87085993827,,,,,,,,,,,,,,,,,,43.322037,76.959154,https://2gis.com/firm/70000001071471201,branch
Faberlic,пункт выдачи товара,Косметика и парфюмерия; БАДы; Бытовая химия; Средства гигиены; Фитопродукция,"микрорайон Мамыр-1, 4",1 этаж; в оптике,050036,Мамыр-1 м-н,Ауэзовский район,Алматы,,Алматы,Казахстан,Пн: 13:00-19:00; Вт: 13:00-19:00; Ср: 13:00-19:00; Пт: 13:00-19:00,+05:00,5.0,16,87074440706,,,,,,,,,,,https://wa.me/77074440706,,,,,,,,43.21007,76.842968,https://2gis.com/firm/70000001039599201,branch
Family Mart,онлайн-магазин корейских товаров,Косметика и парфюмерия; Посуда; Бытовая химия; Продукты быстрого приготовления; Хозтовары,,,,,,Алматы,,Алматы,Казахстан,Пн: 10:00-20:00; Вт: 10:00-20:00; Ср: 10:00-20:00; Чт: 10:00-20:00; Пт: 10:00-20:00; Сб: 10:00-18:00; Вс: 10:00-18:00,+05:00,4.6,9,87017553766,,,,,,,https://instagram.com/family_mart_,,,,https://wa.me/77017553766,,,,,,,,,,https://2gis.com/firm/70000001022401747,branch
Fati de Parfum,магазин парфюмерии,Косметика и парфюмерия,"улица Наурызбай батыра, 41",,050000,,Алмалинский район,Алматы,,Алматы,Казахстан,Пн: 11:00-20:00; Вт: 11:00-20:00; Ср: 11:00-20:00; Чт: 11:00-20:00; Пт: 11:00-20:00; Сб: 11:00-18:30; Вс: 11:00-18:30,+05:00,5.0,5,87011016664,,,,,,,https://instagram.com/fati_de_parfum,,,,https://wa.me/77011016664,,,,,,,,43.258739,76.93554,https://2gis.com/firm/70000001116718687,branch
Flora Perfume,магазин по продаже парфюмерии,Косметика и парфюмерия; Ароматовары,"Ташкентский тракт, 17к",1 этаж,040916,,,Алматы,Карасайский район,Алматы,Казахстан,Пн: 10:00-22:00; Вт: 10:00-22:00; Ср: 10:00-22:00; Чт: 10:00-22:00; Пт: 10:00-22:00; Сб: 10:00-22:00; Вс: 10:00-22:00,+05:00,3.0,5,87479777934,,,,,,,https://instagram.com/flora_perfume_kz,,,,https://wa.me/77479777934,,,,,,,,43.235959,76.778124,https://2gis.com/firm/70000001101167021,branch
Flora Perfume,магазин по продаже парфюмерии,Косметика и парфюмерия,"проспект Райымбека, 239г",1 этаж,050034,,Жетысуский район,Алматы,,Алматы,Казахстан,Пн: 10:00-22:00; Вт: 10:00-22:00; Ср: 10:00-22:00; Чт: 10:00-22:00; Пт: 10:00-22:00; Сб: 10:00-22:00; Вс: 10:00-22:00,+05:00,2.9,9,87479777934,,,,,,,https://instagram.com/flora_perfume_kz,,,,https://wa.me/77479777934,,,,,,,,43.264243,76.899706,https://2gis.com/firm/70000001067087945,branch
Flora Perfume,магазин по продаже парфюмерии,Косметика и парфюмерия,"8-й микрорайон, 37/1",1 этаж,050006,8-й м-н,Ауэзовский район,Алматы,,Алматы,Казахстан,Пн: 10:00-22:00; Вт: 10:00-22:00; Ср: 10:00-22:00; Чт: 10:00-22:00; Пт: 10:00-22:00; Сб: 10:00-22:00; Вс: 10:00-22:00,+05:00,3.6,13,87479777934,,,,,,,https://instagram.com/flora_perfume_kz,,,,https://wa.me/77479777934,,,,,,,,43.226917,76.863353,https://2gis.com/firm/70000001056779957,branch
Flora Perfume,магазин по продаже парфюмерии,Косметика и парфюмерия; Ароматовары,"улица Рихарда Зорге, 18/4",цокольный этаж,050011,,Турксибский район,Алматы,,Алматы,Казахстан,Пн: 10:00-22:00; Вт: 10:00-22:00; Ср: 10:00-22:00; Чт: 10:00-22:00; Пт: 10:00-22:00; Сб: 10:00-22:00; Вс: 10:00-22:00,+05:00,3.6,8,87479777934,,,,,,,https://instagram.com/flora_perfume_kz,,,,https://wa.me/77479777934,,,,,,,,43.335575,76.953869,https://2gis.com/firm/70000001052438632,branch
Flora Perfume,магазин по продаже парфюмерии,Косметика и парфюмерия,"Ташкентский тракт, 17к",1 этаж,040916,,,Алматы,Карасайский район,Алматы,Казахстан,Пн: 10:00-22:00; Вт: 10:00-22:00; Ср: 10:00-22:00; Чт: 10:00-22:00; Пт: 10:00-22:00; Сб: 10:00-22:00; Вс: 10:00-22:00,+05:00,4.8,18,87479777934,,,,,,,https://instagram.com/flora_perfume_kz,,,,https://wa.me/77479777934,,,,,,,,43.233665,76.779365,https://2gis.com/firm/70000001047473635,branch
Flora Perfume,магазин по продаже парфюмерии,Косметика и парфюмерия,"улица Мустафина, 5Б/2",,050043,Орбита-3 м-н,Бостандыкский район,Алматы,,Алматы,Казахстан,Пн: 10:00-21:30; Вт: 10:00-21:30; Ср: 10:00-21:30; Чт: 10:00-21:30; Пт: 10:00-21:30; Сб: 10:00-21:30; Вс: 10:00-21:30,+05:00,4.1,19,87479777934,,,,,,,https://instagram.com/flora_perfume_kz,,,,https://wa.me/77479777934,,,,,,,,43.199294,76.879939,https://2gis.com/firm/70000001045986351,branch
Flora Perfume,магазин по продаже парфюмерии,Косметика и парфюмерия,"улица Тимирязева, 42 к3",1 этаж,050057,,Бостандыкский район,Алматы,,Алматы,Казахстан,Пн: 10:00-22:00; Вт: 10:00-22:00; Ср: 10:00-22:00; Чт: 10:00-22:00; Пт: 10:00-22:00; Сб: 10:00-22:00; Вс: 10:00-22:00,+05:00,4.3,8,87479777934,,,,,,,https://instagram.com/flora_perfume_kz,,,,https://wa.me/77479777934,,,,,,,,43.224976,76.908788,https://2gis.com/firm/70000001035878058,branch
Flora Perfume,магазин по продаже парфюмерии,Косметика и парфюмерия; Ароматовары,"Кабдолова улица, 1/4",24 бутик; E линия; 5 блок,050062,,Ауэзовский район,Алматы,,Алматы,Казахстан,Пн: 10:00-22:00; Вт: 10:00-22:00; Ср: 10:00-22:00; Чт: 10:00-22:00; Пт: 10:00-22:00; Сб: 10:00-22:00; Вс: 10:00-22:00,+05:00,4.3,10,87479777934,,,,,,,https://instagram.com/flora_perfume_kz,,,,https://wa.me/77479777934,,,,,,,,43.237619,76.84937,https://2gis.com/firm/70000001033207236,branch
Flora Perfume,магазин по продаже парфюмерии,Косметика и парфюмерия,"8-й микрорайон, 37/1",020 бутик; цокольный этаж,050006,8-й м-н,Ауэзовский район,Алматы,,Алматы,Казахстан,Пн: 10:00-22:00; Вт: 10:00-22:00; Ср: 10:00-22:00; Чт: 10:00-22:00; Пт: 10:00-22:00; Сб: 10:00-22:00; Вс: 10:00-22:00,+05:00,2.8,30,87479777934,,,,,,,https://instagram.com/flora_perfume_kz,,,,https://wa.me/77479777934,,,,,,,,43.227448,76.86406,https://2gis.com/firm/70000001033207136,branch
Flora Perfume,островок по продаже парфюмерии,Косметика и парфюмерия,"улица Рихарда Зорге, 18",1 этаж,050011,,Турксибский район,Алматы,,Алматы,Казахстан,Пн: 10:00-22:00; Вт: 10:00-22:00; Ср: 10:00-22:00; Чт: 10:00-22:00; Пт: 10:00-22:00; Сб: 10:00-22:00; Вс: 10:00-22:00,+05:00,4.5,5,87479777934,,,,,,,https://instagram.com/flora_perfume_kz,,,,https://wa.me/77479777934,,,,,,,,43.337033,76.955371,https://2gis.com/firm/70000001044983283,branch
Forever,,Косметика и парфюмерия; Головные и шейные уборы; Игрушки; Сумки и кожгалантерея; Солнцезащитные очки,"улица Курмангазы, 33",1 этаж,050010,,Медеуский район,Алматы,,Алматы,Казахстан,Пн: 10:00-22:00; Вт: 10:00-22:00; Ср: 10:00-22:00; Чт: 10:00-22:00; Пт: 10:00-22:00; Сб: 10:00-22:00; Вс: 10:00-22:00,+05:00,5.0,311,87474116429,,,,,,,https://instagram.com/forever_kurmangazy,,,,https://wa.me/77474116429,,,,https://t.me/+77071124537,,,,43.24506,76.949267,https://2gis.com/firm/70000001024461987,branch
Freeman,магазин мужской одежды,Косметика и парфюмерия; Мужская одежда; Обувные магазины; Сумки и кожгалантерея,"7-й микрорайон, 7",,050062,7-й м-н,Ауэзовский район,Алматы,,Алматы,Казахстан,Пн: 11:00-23:00; Вт: 11:00-23:00; Ср: 11:00-23:00; Чт: 11:00-23:00; Пт: 11:00-23:00; Сб: 11:00-23:00; Вс: 11:00-23:00,+05:00,4.7,67,87471590796,,,,,,,https://instagram.com/freeman.almaty,,,,https://wa.me/77471590796,,,,,,,,43.22443,76.859899,https://2gis.com/firm/70000001113581201,branch
Full mart,магазин по продаже хозяйственных товаров,Косметика и парфюмерия; Хозтовары; Бижутерия; Игрушки; Канцтовары,"улица Алтын Орда, 6/11 к1 блок 11",1 этаж,050000,,Наурызбайский район,Алматы,,Алматы,Казахстан,Пн: 09:00-24:00; Вт: 09:00-24:00; Ср: 09:00-24:00; Чт: 09:00-24:00; Пт: 09:00-24:00; Сб: 09:00-24:00; Вс: 09:00-24:00,+05:00,4.9,5,87087266133,87087266122,,,,,,,,,,https://wa.me/77087266133,https://wa.me/77087266122,,,,,,,43.217561,76.775192,https://2gis.com/firm/70000001099774714,branch
G-Moon,бутик,Косметика и парфюмерия,"Ташкентский тракт, 17к",1 этаж,040916,,,Алматы,Карасайский район,Алматы,Казахстан,Пн: 10:00-22:00; Вт: 10:00-22:00; Ср: 10:00-22:00; Чт: 10:00-22:00; Пт: 10:00-22:00; Сб: 10:00-22:00; Вс: 10:00-22:00,+05:00,4.9,200,87071579999,87079958888,,,,,,https://instagram.com/gmoon_kz,,,,https://wa.me/77071579999,,,,,,,,43.2341,76.776531,https://2gis.com/firm/70000001052989344,branch
Ganga Prasad,магазин индийских товаров,Косметика и парфюмерия; БАДы; Специи; Ароматовары; Средства гигиены,"улица Гоголя, 20",15 бутик; 1 этаж,050010,,Медеуский район,Алматы,,Алматы,Казахстан,Пн: 10:00-20:00; Вт: 10:00-20:00; Ср: 10:00-20:00; Чт: 10:00-20:00; Пт: 10:00-20:00; Сб: 10:00-20:00; Вс: 10:00-20:00,+05:00,4.6,21,87066733856,87071836827,,,,,,https://instagram.com/gangaprasad.kz,,,,,,,,,,,,43.260844,76.960471,https://2gis.com/firm/70000001060449850,branch
Gia,магазин,Косметика и парфюмерия; Бижутерия; Часы; Солнцезащитные очки; Ароматовары,"улица Титова, 15/1",,040700,,,,Илийский район,Алматинская область,Казахстан,Пн: 10:00-19:00; Вт: 10:00-19:00; Ср: 10:00-19:00; Чт: 10:00-19:00; Пт: 10:00-19:00; Сб: 10:00-19:00; Вс: 10:00-19:00,+05:00,4.8,15,87770965005,,,,,,,https://instagram.com/gia_parfume,,,,,,,,,,,,43.416979,77.018747,https://2gis.com/firm/70000001079076396,branch
Girlshop,магазин косметики,Косметика и парфюмерия,"улица Кунаева, 21",A3-23 бутик; 3 этаж,050016,,Медеуский район,Алматы,,Алматы,Казахстан,Пн: 10:00-21:00; Вт: 10:00-21:00; Ср: 10:00-21:00; Чт: 10:00-21:00; Пт: 10:00-21:00; Сб: 10:00-21:00; Вс: 10:00-21:00,+05:00,5.0,55,87772535359,,,,,,,https://instagram.com/girlshop_officiall,,,,https://wa.me/77772535359,,,,,,,,43.267323,76.947592,https://2gis.com/firm/70000001045670970,branch
Golden Musk,бутик парфюмерии,Косметика и парфюмерия,"улица Жаркентская, 25/1",,050059,Горный гигант м-н,Медеуский район,Алматы,,Алматы,Казахстан,Пн: 11:00-23:00; Вт: 11:00-23:00; Ср: 11:00-23:00; Чт: 11:00-23:00; Пт: 11:00-23:00; Сб: 11:00-23:00; Вс: 11:00-23:00,+05:00,5.0,37,87029104343,,,,,,,https://instagram.com/goldenmusk.kz,,,,https://wa.me/77029104343,,,,,,,,43.21885,76.949778,https://2gis.com/firm/70000001113435686,branch
Golden Musk,бутик парфюмерии,Косметика и парфюмерия,"Радлова улица, 1/1",,050010,Кок-Тобе м-н,Медеуский район,Алматы,,Алматы,Казахстан,Пн: 11:00-23:00; Вт: 11:00-23:00; Ср: 11:00-23:00; Чт: 11:00-23:00; Пт: 11:00-23:00; Сб: 11:00-23:00; Вс: 11:00-23:00,+05:00,5.0,97,87029104343,,,,,,,https://instagram.com/goldenmusk.kz,,,,https://wa.me/77029104343,,,,,,,,43.243949,76.975946,https://2gis.com/firm/70000001090737160,branch
Golden Musk,бутик парфюмерии,Косметика и парфюмерия,"проспект Абылай хана, 62",2 этаж,050004,,Алмалинский район,Алматы,,Алматы,Казахстан,Пн: 10:00-21:00; Вт: 10:00-21:00; Ср: 10:00-21:00; Чт: 10:00-21:00; Пт: 10:00-21:00; Сб: 10:00-21:00; Вс: 10:00-21:00,+05:00,5.0,97,87029104343,,,,,,,https://instagram.com/golden___musk,,,,https://wa.me/77029104343,,,,,,,,43.26205,76.941855,https://2gis.com/firm/70000001047651671,branch
Goodok,"бутик по продаже аксессуаров и ремонту мобильных телефонов, ноутбуков",Косметика и парфюмерия; Аксессуары к телефонам; Ремонт телефонов; Ремонт компьютеров; Копировальные услуги; Комиссионные магазины; Мобильные телефоны,"улица Шолохова, 29",2 этаж; около эскалатора,050011,,Турксибский район,Алматы,,Алматы,Казахстан,Пн: 09:00-20:30; Вт: 09:00-20:30; Ср: 09:00-20:30; Чт: 09:00-20:30; Пт: 09:00-20:30; Сб: 09:00-20:30; Вс: 09:00-20:30,+05:00,4.9,15,87754505616,,,,,,,https://instagram.com/goodok.kz,,,,https://wa.me/77754505616,https://wa.me/77072822807,,,,,,,43.336508,76.946469,https://2gis.com/firm/70000001054350005,branch
Grass parfum,бутик парфюмерии,Косметика и парфюмерия,"Алматинская улица, 64/1",,040803,4-й м-н,,Конаев,Конаев городская администрация,Алматинская область,Казахстан,Пн: 10:00-21:00; Вт: 10:00-21:00; Ср: 10:00-21:00; Чт: 10:00-21:00; Пт: 10:00-21:00; Сб: 10:00-21:00; Вс: 10:00-21:00,+05:00,5.0,13,87066806588,,,,,,,https://instagram.com/grass_parfum_konaev,,,,https://wa.me/77066806588,,,,,,,,43.855298,77.051313,https://2gis.com/firm/70000001094602834,branch
Grasse Empire,магазин парфюмерии,Косметика и парфюмерия,"проспект Абылай хана, 175 киоск",,040901,,,Каскелен,Карасайский район,Алматинская область,Казахстан,Пн: 09:00-20:00; Вт: 09:00-20:00; Ср: 09:00-20:00; Чт: 09:00-20:00; Пт: 09:00-20:00; Сб: 09:00-20:00; Вс: 09:00-20:00,+05:00,5.0,18,87772000057,,,,,,,https://instagram.com/grasse_empire,,,,https://wa.me/77772000057,,,,,,,,43.200662,76.630065,https://2gis.com/firm/70000001103682953,branch
Grasse_parfum,магазин,Косметика и парфюмерия,"проспект Абылай хана, 173а",,040901,,,Каскелен,Карасайский район,Алматинская область,Казахстан,Пн: 09:00-20:00; Вт: 09:00-20:00; Ср: 09:00-20:00; Чт: 09:00-20:00; Пт: 09:00-20:00; Сб: 09:00-20:00; Вс: 09:00-20:00,+05:00,5.0,40,87476296202,87771770151,,,,,,https://instagram.com/perfect.parfumm,,,,https://wa.me/77772000057,https://wa.me/77771770151,,,,,,,43.200583,76.630657,https://2gis.com/firm/70000001098498280,branch
Greenleaf,компания,Косметика и парфюмерия; БАДы; Хозтовары; Бытовая химия,"улица Аркабая, 81",,040704,,,,Илийский район,Алматинская область,Казахстан,Пн: 10:00-18:00; Вт: 10:00-18:00; Ср: 10:00-18:00; Чт: 10:00-18:00; Пт: 10:00-18:00; Сб: 10:00-18:00; Вс: 10:00-18:00,+05:00,4.1,7,87473766313,,,,,,,https://instagram.com/greenleaf_baiserke,,,,https://wa.me/77473766313,,,,,,,,43.483202,77.033893,https://2gis.com/firm/70000001099669202,branch
Greenleaf,магазин товаров для дома,Косметика и парфюмерия; Хозтовары; Бытовая химия; БАДы,"проспект Жибек Жолы, 68",1 этаж,050004,,Медеуский район,Алматы,,Алматы,Казахстан,Пн: 10:00-19:00; Вт: 10:00-19:00; Ср: 10:00-19:00; Чт: 10:00-19:00; Пт: 10:00-19:00; Сб: 11:00-17:00; Вс: 11:00-17:00,+05:00,4.8,12,87714524964,,,,,,,https://instagram.com/greenleaf_kazakhstan_official,,,,https://wa.me/77714524964,,,,,,,,43.261997,76.947289,https://2gis.com/firm/70000001089907596,branch
Greenleaf,магазин эко продуктов,Косметика и парфюмерия; БАДы; Средства гигиены; Хозтовары,"улица Ашимова, 1/5 блок 2",1 этаж,050006,Калкаман-2 м-н,Наурызбайский район,Алматы,,Алматы,Казахстан,"Пн: 10:00-19:00; Вт: 10:00-19:00; Ср: 10:00-19:00; Чт: 10:00-19:00; Пт: 10:00-19:00; Сб: 10:00-13:00, 14:00-17:00; Вс: 10:00-13:00, 14:00-17:00",+05:00,5.0,7,87772405585,,,,,,,https://instagram.com/greenleaf_ecofood,,,,https://wa.me/77772405585,,,,,,,,43.227297,76.801638,https://2gis.com/firm/70000001109531818,branch
Greenleaf,магазин эко-товаров,Косметика и парфюмерия; Бытовая химия,"улица Жансугурова, 139а",1 этаж,040700,,,,Илийский район,Алматинская область,Казахстан,Пн: 09:30-19:00; Вт: 09:30-19:00; Ср: 09:30-19:00; Чт: 09:30-19:00; Пт: 09:30-19:00; Сб: 11:00-17:00; Вс: 11:00-17:00,+05:00,4.1,7,87479651625,,,,,,,https://instagram.com/greenleaf_aida,,,,https://wa.me/77479651625,,,,,,,,43.420273,77.022372,https://2gis.com/firm/70000001099298266,branch
Greenleaf,магазин эко-товаров,Косметика и парфюмерия; Хозтовары; Бытовая химия,"улица Каныша Сатпаева, 29а",1 этаж,050008,,Бостандыкский район,Алматы,,Алматы,Казахстан,Пн: 10:00-20:00; Вт: 10:00-20:00; Ср: 10:00-20:00; Чт: 10:00-20:00; Пт: 10:00-20:00; Сб: 10:00-20:00; Вс: 10:00-20:00,+05:00,4.7,10,87770187884,87779611611,,,,,,,,,,https://wa.me/77770187884,https://wa.me/77779611611,,,,,,,43.237498,76.91218,https://2gis.com/firm/70000001075929103,branch
Greenleaf,​​магазин эко-товаров,Косметика и парфюмерия; БАДы; Средства гигиены; Хозтовары,"улица Тимирязева, 76",,050060,,Бостандыкский район,Алматы,,Алматы,Казахстан,Пн: 10:00-20:00; Вт: 10:00-20:00; Ср: 10:00-20:00; Чт: 10:00-20:00; Пт: 10:00-20:00; Сб: 10:00-20:00; Вс: 10:00-20:00,+05:00,4.2,14,87770910982,,,,,,,,,,,https://wa.me/77770910982,,,,,,,,43.224659,76.890843,https://2gis.com/firm/70000001110454836,branch
Greenleaf,​магазин экологичных товаров для дома,Косметика и парфюмерия; Хозтовары,"улица Толе би, 260",С сектор; 2 этаж,050009,,Алмалинский район,Алматы,,Алматы,Казахстан,Пн: 10:00-18:30; Вт: 10:00-18:30; Ср: 10:00-18:30; Чт: 10:00-18:30; Пт: 10:00-18:30; Сб: 10:00-18:30; Вс: 10:00-18:30,+05:00,4.8,10,87475281327,87084178433,87025470410,,,,,https://instagram.com/azamat_greenleaf,,,,https://wa.me/77025470410,,,,,,,,43.249955,76.880069,https://2gis.com/firm/70000001100142851,branch
Greenleaf,сервисный центр,Косметика и парфюмерия; БАДы; Хозтовары,"улица Жунисова, 2/23 к9",,050035,,Наурызбайский район,Алматы,,Алматы,Казахстан,Пн: 10:00-19:00; Вт: 10:00-19:00; Ср: 10:00-19:00; Чт: 10:00-19:00; Пт: 10:00-19:00; Сб: 10:00-19:00; Вс: 10:00-19:00,+05:00,4.3,6,87016339656,,,,,,,https://instagram.com/saltanat_ismail,,,,https://wa.me/77016339656,,,,,,,,43.225416,76.781015,https://2gis.com/firm/70000001112729436,branch
Greenleaf,сервисный центр,Косметика и парфюмерия; Хозтовары; БАДы,"улица Молдабекова, 24",,050006,Калкаман-2 м-н,Наурызбайский район,Алматы,,Алматы,Казахстан,Пн: 10:00-22:00; Вт: 10:00-22:00; Ср: 10:00-22:00; Чт: 10:00-22:00; Пт: 10:00-22:00; Сб: 10:00-22:00; Вс: 10:00-22:00,+05:00,4.6,7,87755397280,,,,,,,,,,,https://wa.me/77755397280,,,,,,,,43.220454,76.80449,https://2gis.com/firm/70000001111105868,branch
Greenleaf,сервисный центр,Косметика и парфюмерия; БАДы; Бытовая химия,"проспект Райымбека, 522/1",,050031,Аксай-1 м-н,Ауэзовский район,Алматы,,Алматы,Казахстан,Пн: 09:00-20:00; Вт: 09:00-20:00; Ср: 09:00-20:00; Чт: 09:00-20:00; Пт: 09:00-20:00; Сб: 09:00-20:00; Вс: 09:00-20:00,+05:00,5.0,29,87470804882,87076554090,,,,,,,,,,https://wa.me/77470804882,https://wa.me/77076554090,,,,,,,43.243609,76.830498,https://2gis.com/firm/70000001110351795,branch
Greenleaf,сервисный центр,Косметика и парфюмерия; БАДы; Средства гигиены; Бытовая химия,"улица Устирт, 5",44 кабинет; цокольный этаж,050071,Теректи м-н,Алатауский район,Алматы,,Алматы,Казахстан,Пн: 11:30-17:00; Вт: 11:30-17:00; Ср: 11:30-17:00; Чт: 11:30-17:00; Пт: 11:30-17:00; Сб: 11:30-14:00; Вс: 11:30-14:00,+05:00,5.0,9,87011492219,,,,,,,,,,,https://wa.me/77011492219,,,,,,,,43.249754,76.790683,https://2gis.com/firm/70000001103705759,branch
Greenleaf,сервисный центр,Косметика и парфюмерия; БАДы; Бытовая химия; Средства гигиены,"улица Сулейменова, 24а",1 этаж,050042,Таугуль-1 м-н,Ауэзовский район,Алматы,,Алматы,Казахстан,Пн: 10:00-19:00; Вт: 10:00-19:00; Ср: 10:00-19:00; Чт: 10:00-19:00; Пт: 10:00-19:00; Сб: 10:00-19:00; Вс: 11:00-17:00,+05:00,5.0,9,87087288084,87017765281,,,,,,https://instagram.com/sk.greenleaf,,,,https://wa.me/77017765281,https://wa.me/77087288084,,,,,,,43.212646,76.87796,https://2gis.com/firm/70000001102580066,branch
Greenleaf,сервисный центр,Косметика и парфюмерия; Бытовая химия; Средства гигиены; Хозтовары; БАДы,"улица Асыл Арман, 14",цокольный этаж,040916,,,,Карасайский район,Алматинская область,Казахстан,Пн: 10:00-20:00; Вт: 10:00-20:00; Ср: 10:00-20:00; Чт: 10:00-20:00; Пт: 10:00-20:00; Сб: 10:00-20:00; Вс: 12:00-15:00 (по предварительной записи: вс),+05:00,4.9,24,87071029533,87773787776,,,,,,https://instagram.com/greenleaf.asylarman,,,,https://wa.me/77071029533,https://wa.me/77773787776,,,,,,,43.230445,76.751292,https://2gis.com/firm/70000001090096811,branch
GreenLeaf,сервисный центр,Косметика и парфюмерия; БАДы; Бытовая химия; Средства гигиены,"микрорайон Мамыр-7, 1",1 этаж,050036,Мамыр-7 м-н,Ауэзовский район,Алматы,,Алматы,Казахстан,Пн: 10:00-20:00; Вт: 10:00-20:00; Ср: 10:00-20:00; Чт: 10:00-20:00; Пт: 10:00-20:00; Сб: 10:00-20:00; Вс: 10:00-20:00,+05:00,5.0,9,87076759250,,,,,,,https://instagram.com/greenleaf.mamyr,,,,https://wa.me/77076759250,,,,,,,,43.210973,76.840657,https://2gis.com/firm/70000001112313490,branch
GreenLeaf Ecomag,​магазин эко-товаров,Косметика и парфюмерия; Средства гигиены,"улица Желтоксан, 96",119 офис; 1 этаж,050000,,Алмалинский район,Алматы,,Алматы,Казахстан,Пн: 10:30-20:00; Вт: 10:30-20:00; Ср: 10:30-20:00; Чт: 10:30-20:00; Пт: 10:30-20:00; Сб: 10:30-18:00; Вс: 10:30-18:00,+05:00,4.7,18,87010933663,,,,,,,https://instagram.com/greenleaf_ecomag_almaty,,,,https://wa.me/77010933663,,,,,,,,43.259345,76.939356,https://2gis.com/firm/70000001081231908,branch
Gulden cosmetics,магазин косметики,Косметика и парфюмерия; БАДы; Хозтовары; Бытовая химия,"4-й микрорайон, 28",223 бутик; 2 этаж,050062,4-й м-н,Ауэзовский район,Алматы,,Алматы,Казахстан,Вт: 08:00-19:00; Ср: 08:00-19:00; Чт: 08:00-19:00; Пт: 08:00-19:00; Сб: 08:00-19:00; Вс: 08:00-19:00,+05:00,5.0,6,87022972743,,,,,,,https://instagram.com/gulden_cosmetics.kz,,,,https://wa.me/77022972743,,,,,,,,43.230574,76.85666,https://2gis.com/firm/70000001112764819,branch
Hamza Store Kz,​магазин подарочных товаров,Косметика и парфюмерия; Часы; Бижутерия,"улица Сулейменова, 12",1 этаж,050042,,Ауэзовский район,Алматы,,Алматы,Казахстан,Пн: 10:00-24:00; Вт: 10:00-24:00; Ср: 10:00-24:00; Чт: 10:00-24:00; Пт: 10:00-24:00; Сб: 10:00-24:00; Вс: 10:00-24:00,+05:00,5.0,5,87473334697,87055255868,,,,,,https://instagram.com/mh__brendd,,,,https://wa.me/77473334697,https://wa.me/77055255868,,,,,,,43.215955,76.877391,https://2gis.com/firm/70000001111736536,branch
Hancook,магазин корейских товаров,Косметика и парфюмерия; Бытовая химия; Продукты быстрого приготовления; Посуда; Безалкогольные напитки,"улица Толе би, 179в",,050026,,Алмалинский район,Алматы,,Алматы,Казахстан,Пн: 10:00-20:00; Вт: 10:00-20:00; Ср: 10:00-20:00; Чт: 10:00-20:00; Пт: 10:00-20:00; Сб: 10:00-20:00; Вс: 10:00-20:00,+05:00,3.1,11,87479075080,87759460946,,,,,,https://instagram.com/hancook_mart.kz,,,,https://wa.me/77016100192,,,,,,,,43.25223,76.903367,https://2gis.com/firm/70000001090836341,branch
Hancook,магазин корейских товаров,Косметика и парфюмерия; Бытовая химия; Продукты быстрого приготовления; Посуда,"улица Гоголя, 20",7 бутик; 2 этаж,050010,,Медеуский район,Алматы,,Алматы,Казахстан,Пн: 09:00-21:00; Вт: 09:00-21:00; Ср: 09:00-21:00; Чт: 09:00-21:00; Пт: 09:00-21:00; Сб: 09:00-21:00; Вс: 09:00-21:00,+05:00,4.8,50,87016100192,87759460946,,,,,,https://instagram.com/hancook_mart.kz,,,,https://wa.me/77016100192,,,,,,,,43.260844,76.960471,https://2gis.com/firm/70000001056599434,branch
Hit market,магазин,Косметика и парфюмерия; Бытовая химия; Средства гигиены,"проспект Абылай хана, 153",1 этаж,040901,,,Каскелен,Карасайский район,Алматинская область,Казахстан,Пн: 10:00-20:00; Вт: 10:00-20:00; Ср: 10:00-20:00; Чт: 10:00-20:00; Пт: 10:00-20:00; Сб: 10:00-20:00; Вс: 10:00-20:00,+05:00,4.6,10,87086555605,,,,,,,,,,,https://wa.me/77086555605,,,,,,,,43.199856,76.632947,https://2gis.com/firm/70000001092848852,branch
Hometex,магазин,Косметика и парфюмерия; Домашний текстиль,"улица Розыбакиева, 247 блок 5",7 офис; 1 этаж,050060,,Бостандыкский район,Алматы,,Алматы,Казахстан,Пн: 10:00-20:00; Вт: 10:00-20:00; Ср: 10:00-20:00; Чт: 10:00-20:00; Пт: 10:00-20:00; Сб: 10:00-20:00; Вс: 10:00-20:00,+05:00,4.9,152,87007213124,87470646834,,,,,,https://instagram.com/hometex_kz,,,,https://wa.me/77007213124,https://wa.me/77470646834,,,,,,,43.203968,76.892638,https://2gis.com/firm/70000001045753740,branch
Hozmarket,магазин хозяйственных товаров,Косметика и парфюмерия; Хозтовары; Бытовая химия; Средства гигиены; Ароматовары,"микрорайон Орбита-4, 33",1 этаж,050043,Орбита-4 м-н,Бостандыкский район,Алматы,,Алматы,Казахстан,Пн: 09:00-22:00; Вт: 09:00-22:00; Ср: 09:00-22:00; Чт: 09:00-22:00; Пт: 09:00-22:00; Сб: 09:00-22:00; Вс: 09:00-22:00,+05:00,5.0,8,87770326746,,,,,,,,,,,https://wa.me/77770326746,,,,,,,,43.197172,76.874243,https://2gis.com/firm/70000001104995851,branch
HozMart,магазин хозяйственных товаров,Косметика и парфюмерия; Хозтовары; Бытовая химия; Средства гигиены; Канцтовары,"микрорайон Орбита-3, 16",1 этаж,050043,Орбита-3 м-н,Бостандыкский район,Алматы,,Алматы,Казахстан,Пн: 09:00-22:00; Вт: 09:00-22:00; Ср: 09:00-22:00; Чт: 09:00-22:00; Пт: 09:00-22:00; Сб: 09:00-22:00; Вс: 09:00-22:00,+05:00,4.6,66,87472225015,,,,,,,,,,,https://wa.me/77472225015,,,,,,,,43.201469,76.874837,https://2gis.com/firm/9429940001016994,branch
I love makeup,магазин мультибрендовой косметики,Косметика и парфюмерия,"улица Толе би, 187",,050008,,Алмалинский район,Алматы,,Алматы,Казахстан,Пн: 11:00-20:00; Вт: 11:00-20:00; Ср: 11:00-20:00; Чт: 11:00-20:00; Пт: 11:00-20:00; Сб: 11:00-20:00; Вс: 11:00-20:00,+05:00,4.9,34,87081808800,87082707000,87017810776,,,,,https://instagram.com/ilovemakeup.kz,,,,https://wa.me/77081808800,https://wa.me/77082707000,https://wa.me/77017810776,,,,,,43.251882,76.898101,https://2gis.com/firm/70000001034904021,branch
Ideal Skinmart,магазин косметики,Косметика и парфюмерия,"улица Варламова, 1/3 блок А",,050005,,Алмалинский район,Алматы,,Алматы,Казахстан,Вт: 10:00-18:00; Ср: 10:00-18:00; Чт: 10:00-18:00; Пт: 10:00-18:00; Сб: 10:00-18:00,+05:00,5.0,5,87077210131,,,,,,,https://instagram.com/ideal_skinmart,,,,https://wa.me/77077210131,,,,,,,,43.245696,76.869298,https://2gis.com/firm/70000001090738963,branch
Idol cosmetics,магазин,Косметика и парфюмерия,"проспект Аль-Фараби, 5/2",,050059,,Бостандыкский район,Алматы,,Алматы,Казахстан,Пн: 10:00-20:00; Вт: 10:00-20:00; Ср: 10:00-20:00; Чт: 10:00-20:00; Пт: 10:00-20:00; Сб: 10:00-20:00; Вс: 10:00-20:00,+05:00,4.9,24,87074504947,,,,,,,https://instagram.com/idol_cosmetics_,,,,https://wa.me/77074504947,,,,,,,,43.229669,76.945969,https://2gis.com/firm/70000001051614628,branch
Inqten Kazakhstan,южнокорейская торговая компания,Косметика и парфюмерия; БАДы,"проспект Аль-Фараби, 15 к4в",1105 офис; 11 этаж,050059,,Бостандыкский район,Алматы,,Алматы,Казахстан,Пн: 09:00-18:00; Вт: 09:00-18:00; Ср: 09:00-18:00; Чт: 09:00-18:00; Пт: 09:00-18:00,+05:00,3.6,10,87064109775,,,,,,,https://instagram.com/inqten_official_kazakhstan,,,,https://wa.me/77064109775,,,,,,,,43.231326,76.945264,https://2gis.com/firm/70000001078642529,branch
Ipar International Kazakhstan,торговая компания,Косметика и парфюмерия; БАДы,"улица Шевченко, 90",51 офис; 5 этаж,050022,,Алмалинский район,Алматы,,Алматы,Казахстан,"Пн: 09:00-13:00, 14:00-18:00; Вт: 09:00-13:00, 14:00-18:00; Ср: 09:00-13:00, 14:00-18:00; Чт: 09:00-13:00, 14:00-18:00; Пт: 09:00-13:00, 14:00-18:00; Сб: 10:00-13:00, 14:00-15:00",+05:00,4.0,13,87473137888,87477774727 (қол центр: 9:00-18:00),,,,,,https://instagram.com/iparbio_health,,,,,,,,,,,,43.245473,76.936472,https://2gis.com/firm/9429940000822244,branch
iSulu,магазин косметики,Косметика и парфюмерия,"улица Толе би, 58/1",1 этаж,40900,,,Каскелен,Карасайский район,Алматинская область,Казахстан,Пн: 10:00-21:00; Вт: 10:00-21:00; Ср: 10:00-21:00; Чт: 10:00-21:00; Пт: 10:00-21:00; Сб: 10:00-21:00; Вс: 10:00-21:00,+05:00,4.9,36,87081041647,,,,,,,https://instagram.com/isulu_cosmetics,,,,https://wa.me/77081041647,,,,,,,,43.202412,76.61951,https://2gis.com/firm/70000001101188763,branch
J'aksess,киоск по продаже сотовых аксессуаров и ремонту телефонов,Косметика и парфюмерия; Аксессуары к телефонам; Помощь в подключении услуг связи; Ремонт телефонов,"микрорайон Аксай-1, 23/2в",,050031,Аксай-1 м-н,Ауэзовский район,Алматы,,Алматы,Казахстан,Пн: 11:00-22:00; Вт: 11:00-22:00; Ср: 11:00-22:00; Чт: 11:00-22:00; Пт: 11:00-22:00; Сб: 11:00-22:00; Вс: 11:00-22:00,+05:00,5.0,19,87007902007,,,,,,,https://instagram.com/aksai_accessories,,,,https://wa.me/77007902007,,,,,,,,43.239719,76.829561,https://2gis.com/firm/70000001105273496,branch
Jaks parfum,магазин парфюмерии,Косметика и парфюмерия,"микрорайон Аксай-5, 25",16 бутик; 1 этаж,050063,Аксай-5 м-н,Ауэзовский район,Алматы,,Алматы,Казахстан,Пн: 10:00-19:00; Вт: 10:00-19:00; Ср: 10:00-19:00; Чт: 10:00-19:00; Пт: 10:00-19:00; Сб: 10:00-19:00,+05:00,5.0,21,87020518195,,,,,,,https://instagram.com/jaks_parfum,,,,https://wa.me/77020518195,,,,,,,,43.231815,76.832296,https://2gis.com/firm/70000001110021488,branch
Jalgas,магазин хозтоваров,Косметика и парфюмерия; Детская одежда; Нижнее бельё; Бытовая химия,"улица Жунисова, 4/3",,050035,,Наурызбайский район,Алматы,,Алматы,Казахстан,Пн: 00:00-24:00; Ср: 00:00-24:00; Чт: 00:00-24:00; Пт: 00:00-24:00; Сб: 00:00-24:00; Вс: 00:00-24:00,+05:00,4.8,7,87755990507,87021153815,87713796615,,,,,,,,,https://wa.me/77021153815,https://wa.me/77755990507,,,,,,,43.223608,76.783337,https://2gis.com/firm/70000001101457652,branch
Jan Úiа,магазин хозяйственных товаров,Косметика и парфюмерия; Хозтовары; Посуда,"микрорайон Кайрат, 153/26 к1",1 этаж,,Кайрат м-н,Турксибский район,Алматы,,Алматы,Казахстан,Пн: 09:00-22:00; Вт: 09:00-22:00; Ср: 09:00-22:00; Чт: 09:00-22:00; Пт: 09:00-22:00; Сб: 09:00-22:00; Вс: 09:00-22:00,+05:00,5.0,20,87774330102,87753822222,,,,,,,,,,,,,,,,,,43.322207,77.018076,https://2gis.com/firm/70000001111185681,branch
Jana Trand,торговая компания,Косметика и парфюмерия; Канцтовары; Игрушки; Хозтовары; Подарочная упаковка,"Северное Кольцо шоссе, 86/2","1, 2, 3 этаж",050024,Ожет м-н,Алатауский район,Алматы,,Алматы,Казахстан,Вт: 09:00-19:00; Ср: 09:00-19:00; Чт: 09:00-19:00; Пт: 09:00-19:00; Сб: 09:00-19:00; Вс: 09:00-19:00,+05:00,4.6,13,87786925976,,,,,,,https://instagram.com/jana_trend_kzz,,,,https://wa.me/77014003057,,,,,,,,43.311276,76.898376,https://2gis.com/firm/70000001077047933,branch
JanaCo,бутик сувениров и аниме товаров,Косметика и парфюмерия; Сувениры; Фототовары,"микрорайон Айнабулак-2, 71д",9 бутик; 1 этаж,050014,Айнабулак-2 м-н,Жетысуский район,Алматы,,Алматы,Казахстан,Пн: 09:00-20:30; Вт: 09:00-20:30; Ср: 09:00-20:30; Чт: 09:00-20:30; Пт: 09:00-20:30; Сб: 09:00-20:30; Вс: 09:00-20:30,+05:00,4.4,30,87051848389,,,,,,,,,,,https://wa.me/77051848389,,,,,,,,43.320106,76.915769,https://2gis.com/firm/70000001047743010,branch
JanaCo,магазин подарочных товаров,Косметика и парфюмерия; Сувениры; Канцтовары; Бижутерия; Игрушки,"улица Шолохова, 29",1 этаж,050011,,Турксибский район,Алматы,,Алматы,Казахстан,Пн: 09:00-21:00; Вт: 09:00-21:00; Ср: 09:00-21:00; Чт: 09:00-21:00; Пт: 09:00-21:00; Сб: 09:00-21:00; Вс: 09:00-21:00,+05:00,4.0,41,87751417217,,,,,,,https://instagram.com/janaco_janatrend,,,,https://wa.me/77751417217,,,,,,,,43.336508,76.946469,https://2gis.com/firm/70000001093520918,branch
Japan Eco Shop,магазин японских эко-товаров,Косметика и парфюмерия; Бытовая химия,"улица Кабанбай батыра, 122",,050000,,Алмалинский район,Алматы,,Алматы,Казахстан,Пн: 10:00-20:00; Вт: 10:00-20:00; Ср: 10:00-20:00; Чт: 10:00-20:00; Пт: 10:00-20:00; Сб: 10:00-20:00; Вс: 10:00-20:00,+05:00,4.7,27,87778223071,,,,,,,https://instagram.com/japanecoshop.kz,,,,https://wa.me/77778223071,,,,,,,,43.249108,76.939667,https://2gis.com/firm/70000001101275591,branch
Japan Store,магазин японской косметики,Косметика и парфюмерия; Бытовая химия; БАДы,"проспект Сейфуллина, 617",1 этаж,050013,,Бостандыкский район,Алматы,,Алматы,Казахстан,Пн: 10:00-22:00; Вт: 10:00-22:00; Ср: 10:00-22:00; Чт: 10:00-22:00; Пт: 10:00-22:00; Сб: 10:00-22:00; Вс: 10:00-22:00,+05:00,5.0,111,87010123900,,,,,,,https://instagram.com/japanstore.kz,,,,https://wa.me/77010123900,,,,https://t.me/+77010123900,,,,43.233942,76.935348,https://2gis.com/firm/70000001069350688,branch
JJ,магазин японской косметики,Косметика и парфюмерия; БАДы,"улица Уалиханова, 170",1 этаж,050010,,Медеуский район,Алматы,,Алматы,Казахстан,Пн: 10:00-21:00; Вт: 10:00-21:00; Ср: 10:00-21:00; Чт: 10:00-21:00; Пт: 10:00-21:00; Сб: 10:00-21:00; Вс: 10:00-21:00,+05:00,5.0,24,87713341814,,,,,,,https://instagram.com/jjapan.kz,,,,https://wa.me/77713341814,,,,,,,,43.23972,76.954972,https://2gis.com/firm/70000001089786733,branch
JK Cosmetics,магазин,Косметика и парфюмерия; Бытовая химия; БАДы,"улица Толе би, 144Б",2 бутик; 5 павильон,050026,,Алмалинский район,Алматы,,Алматы,Казахстан,Пн: 10:00-20:00; Вт: 10:00-20:00; Ср: 10:00-20:00; Чт: 10:00-20:00; Пт: 10:00-20:00; Сб: 11:00-19:00; Вс: 11:00-19:00,+05:00,4.6,9,87471302060,,,,,,,https://instagram.com/japan_korea_cosmetics,,,,https://wa.me/77471302060,,,,,,,,43.252137,76.909257,https://2gis.com/firm/70000001074939939,branch
JXM cosmetics,бутик косметики,Косметика и парфюмерия,"микрорайон Куаныш, 11в/28",1 этаж,050052,Куаныш м-н,Ауэзовский район,Алматы,,Алматы,Казахстан,Пн: 10:00-22:00; Вт: 10:00-22:00; Ср: 10:00-22:00; Чт: 10:00-22:00; Пт: 10:00-22:00; Сб: 10:00-22:00; Вс: 10:00-22:00,+05:00,4.9,13,87086709702,,,,,,,,,,,,,,,,,,,43.207753,76.858928,https://2gis.com/firm/70000001102631828,branch
K_beauty,бутик по продаже корейской косметики,Косметика и парфюмерия; Хозтовары; Средства гигиены; Бытовая химия,"улица Толе би, 262/93","6, 10 бутик; В сектор",050005,,Алмалинский район,Алматы,,Алматы,Казахстан,Пн: 09:00-18:00; Ср: 09:00-18:00; Чт: 09:00-18:00; Пт: 09:00-18:00; Сб: 09:00-18:00; Вс: 09:00-18:00,+05:00,4.7,6,87789202238,,,,,,,,,,,https://wa.me/77789202238,,,,,,,,43.249891,76.8779,https://2gis.com/firm/70000001089885258,branch
Kangaroo Mommy,магазин косметики,Косметика и парфюмерия; Товары для беременных и кормящих мам,"проспект Сейфуллина, 617",3 этаж,050013,,Бостандыкский район,Алматы,,Алматы,Казахстан,Пн: 10:00-22:00; Вт: 10:00-22:00; Ср: 10:00-22:00; Чт: 10:00-22:00; Пт: 10:00-22:00; Сб: 10:00-22:00; Вс: 10:00-22:00,+05:00,5.0,5,87082293952,,,,,,,https://instagram.com/kangaroomommy.centralasia,,,,,,,,,,,,43.233803,76.935725,https://2gis.com/firm/70000001113592618,branch
Katesbeauty.kz,мультибрендовый магазин косметики,Косметика и парфюмерия,"улица Ади Шарипова, 118-120",1 этаж,050022,,Алмалинский район,Алматы,,Алматы,Казахстан,Пн: 12:00-20:00; Вт: 12:00-20:00; Ср: 12:00-20:00; Чт: 12:00-20:00; Пт: 12:00-20:00; Сб: 12:00-20:00; Вс: 12:00-20:00,+05:00,5.0,18,87788077926,,,,,,,https://instagram.com/katesbeauty.kz,,,,https://wa.me/77788077926,,,,,,,,43.242481,76.923897,https://2gis.com/firm/70000001035013475,branch
KeepBeauty_kz,магазин косметики,Косметика и парфюмерия,"улица Наурызбай батыра, 60",,050000,,Алмалинский район,Алматы,,Алматы,Казахстан,Пн: 12:00-20:00; Вт: 12:00-20:00; Ср: 12:00-20:00; Чт: 12:00-20:00; Пт: 12:00-20:00; Сб: 12:00-20:00; Вс: 12:00-20:00,+05:00,5.0,17,87474118667,87784870799,,,,,,,,,,https://wa.me/77474118667,https://wa.me/77784870799,,,,,,,43.258332,76.935975,https://2gis.com/firm/70000001098573619,branch
Kerbez,бутик парфюмерии,Косметика и парфюмерия; Сумки и кожгалантерея,"проспект Суюнбая, 2 к3",1 этаж,050016,,Жетысуский район,Алматы,,Алматы,Казахстан,Пн: 10:00-21:00; Вт: 10:00-21:00; Ср: 10:00-21:00; Чт: 10:00-21:00; Пт: 10:00-21:00; Сб: 10:00-21:00; Вс: 10:00-21:00,+05:00,3.8,9,87071605443,,,,,,,,,,,https://wa.me/77071605443,,,,,,,,43.271157,76.948387,https://2gis.com/firm/70000001105119675,branch
Kerek accessories,магазин,Косметика и парфюмерия; Аксессуары к телефонам; Ремонт телефонов; Мобильные телефоны; Часы,"3-й микрорайон, 3/5",,040803,3-й м-н,,Конаев,Конаев городская администрация,Алматинская область,Казахстан,Пн: 09:00-20:00; Вт: 09:00-20:00; Ср: 09:00-20:00; Чт: 09:00-20:00; Пт: 09:00-20:00; Сб: 09:00-20:00; Вс: 09:00-20:00,+05:00,3.3,5,87079190333,87766900030,87701047970,,,,,,,,,,,,,,,,,43.852685,77.057234,https://2gis.com/firm/70000001086800162,branch
Keremet Beauty,магазин косметики и парфюмерии,Косметика и парфюмерия; Бижутерия; БАДы; Сумки и кожгалантерея; Обувные магазины,"улица Шевченко, 136",1 этаж,040008,,,Талдыкорган,Талдыкорган городская администрация,Жетысу область,Казахстан,Пн: 10:00-22:00; Вт: 10:00-22:00; Ср: 10:00-22:00; Чт: 10:00-22:00; Пт: 10:00-22:00; Сб: 10:00-22:00; Вс: 10:00-22:00,+05:00,4.9,60,87017777979,,,,,,,https://instagram.com/keremet.beauty,,,,https://wa.me/77017777979,,,,,,,,45.015579,78.375358,https://2gis.com/firm/70000001080354574,branch
Khann perfume,онлайн-магазин парфюмерии,Косметика и парфюмерия,"улица Акбата, 46/3",,050067,Таусамалы м-н,Наурызбайский район,Алматы,,Алматы,Казахстан,Пн: 10:00-24:00; Вт: 10:00-24:00; Ср: 10:00-24:00; Чт: 10:00-24:00; Пт: 10:00-24:00; Сб: 10:00-24:00; Вс: 10:00-24:00,+05:00,5.0,26,87477773074,,,,,,,,,,,https://wa.me/77477773074,https://wa.me/77470529435,,,,,,,43.189105,76.821678,https://2gis.com/firm/70000001114206637,branch
Kiwano,магазин корейской косметики,Косметика и парфюмерия,"проспект Абылай хана, 46/1",,040901,,,Каскелен,Карасайский район,Алматинская область,Казахстан,Пн: 10:00-20:00; Вт: 10:00-20:00; Ср: 10:00-20:00; Чт: 10:00-20:00; Пт: 10:00-20:00; Сб: 10:00-20:00; Вс: 10:00-20:00,+05:00,4.6,35,87082467988,,,,,,,https://instagram.com/kiwano_kaskelen,,,,https://wa.me/77712426816,,,,,,,,43.201573,76.638598,https://2gis.com/firm/70000001078547642,branch
Kiwano,магазин косметики,Косметика и парфюмерия; Носки и колготки; Продукты быстрого приготовления,"улица Темиргали Рустембекова, 3/15",1 этаж,040000,,,Талдыкорган,Талдыкорган городская администрация,Жетысу область,Казахстан,Пн: 10:00-20:00; Вт: 10:00-20:00; Ср: 10:00-20:00; Чт: 10:00-20:00; Пт: 10:00-20:00; Сб: 10:00-20:00; Вс: 10:00-20:00,+05:00,5.0,11,87055054995,,,,,,,https://instagram.com/kiwano_and_4family.tdk,,,,https://wa.me/77055054995,,,,,,,,45.016954,78.365612,https://2gis.com/firm/70000001080847469,branch
kiwano.uzynagash,магазин косметики,Косметика и парфюмерия,"улица Караш батыра, 114",рядом,,,,,Жамбылский район,Алматинская область,Казахстан,Пн: 10:00-20:00; Вт: 10:00-20:00; Ср: 10:00-20:00; Чт: 10:00-20:00; Пт: 10:00-20:00; Сб: 10:00-20:00; Вс: 10:00-20:00,+05:00,4.5,13,87782679523,,,,,,,https://instagram.com/kiwano.uzynagash,,,,https://wa.me/77782679523,,,,,,,,43.217788,76.314123,https://2gis.com/firm/70000001097008395,branch
Korea Mania,магазин корейской косметики,Косметика и парфюмерия,"проспект Жибек Жолы, 59",11 бутик; 1 этаж,050002,,Медеуский район,Алматы,,Алматы,Казахстан,Пн: 09:00-20:00; Вт: 09:00-20:00; Ср: 09:00-20:00; Чт: 09:00-20:00; Пт: 09:00-20:00; Сб: 09:00-20:00; Вс: 09:00-20:00,+05:00,4.9,10,87761748100,,,,,,,,,,,https://wa.me/77761748100,,,,,,,,43.262709,76.951855,https://2gis.com/firm/70000001034971232,branch
korea_lux_almaty2,магазин корейской косметики,Косметика и парфюмерия,"улица Тимирязева, 42 к3",49 бутик; 14 блок; 1 этаж,050057,,Бостандыкский район,Алматы,,Алматы,Казахстан,Пн: 10:00-22:00; Вт: 10:00-22:00; Ср: 10:00-22:00; Чт: 10:00-22:00; Пт: 10:00-22:00; Сб: 10:00-22:00; Вс: 10:00-22:00,+05:00,4.7,44,87778401699,,,,,,,https://instagram.com/korea_lux_almaty2,,,,https://wa.me/77778401699,,,,,,,,43.22533,76.909632,https://2gis.com/firm/70000001066316681,branch
Korean greenshop,магазин корейской косметики,Косметика и парфюмерия,"Северное Кольцо шоссе, 3",32-35 бутик; 2 этаж,050058,,Жетысуский район,Алматы,,Алматы,Казахстан,Вт: 10:00-18:00; Ср: 10:00-18:00; Чт: 10:00-18:00; Пт: 10:00-18:00; Сб: 10:00-18:00; Вс: 10:00-18:00,+05:00,4.9,12,87075921092,,,,,,,https://instagram.com/greenshop.almaty,,,,https://wa.me/77075921092,,,,https://t.me/k_greenshop,,,,43.2803,76.8883,https://2gis.com/firm/70000001052901141,branch
Korean haru,корейский магазин,Косметика и парфюмерия; Бытовая химия; Продукты быстрого приготовления; Хозтовары; Магазины азиатских продуктов,"микрорайон Жетысу-3, 1/3",цокольный этаж,050063,Жетысу-3 м-н,Ауэзовский район,Алматы,,Алматы,Казахстан,Пн: 10:00-19:00; Вт: 10:00-19:00; Ср: 10:00-19:00; Чт: 10:00-19:00; Пт: 10:00-19:00; Сб: 10:00-19:00; Вс: 10:00-19:00,+05:00,4.8,25,87772226181,87017297616,,,,,,https://instagram.com/korean_haru_ala,,,,https://wa.me/77017297616,https://wa.me/77772226181,,,https://t.me/injoymart,,,,43.217855,76.842346,https://2gis.com/firm/70000001030738944,branch
Korean Mart,магазин корейских товаров,Косметика и парфюмерия; Продукты быстрого приготовления; Бытовая химия; Хозтовары; Магазины азиатских продуктов,"проспект Достык, 46",1 этаж,050010,,Медеуский район,Алматы,,Алматы,Казахстан,Пн: 10:00-20:00; Вт: 10:00-20:00; Ср: 10:00-20:00; Чт: 10:00-20:00; Пт: 10:00-20:00; Сб: 10:00-20:00; Вс: 10:00-20:00,+05:00,4.1,58,87006488033,87272306134,,,,,,https://instagram.com/korean_mart_almaty_kz,,,,https://wa.me/77006488033,,,,,,,,43.247545,76.956791,https://2gis.com/firm/9429940001353513,branch
Korean product,бутик корейских товаров,Косметика и парфюмерия; Бытовая химия; Средства гигиены,"микрорайон Аксай-4, 70Б",1 этаж; напротив супермаркета Magnum ATAK,050063,Аксай-4 м-н,Ауэзовский район,Алматы,,Алматы,Казахстан,Пн: 10:00-20:00; Вт: 10:00-20:00; Ср: 10:00-20:00; Чт: 10:00-20:00; Пт: 10:00-20:00; Сб: 10:00-20:00,+05:00,2.7,9,87714556525,,,,,,,https://instagram.com/koreanproduct_almaty,,,,https://wa.me/77714556525,,,,,,,,43.225887,76.840753,https://2gis.com/firm/70000001039617826,branch
Korean sklad,магазин,Косметика и парфюмерия,"проспект Серкебаева, 101","1, 2 этаж",050060,,Бостандыкский район,Алматы,,Алматы,Казахстан,Пн: 10:00-22:00; Вт: 10:00-22:00; Ср: 10:00-22:00; Чт: 10:00-22:00; Пт: 10:00-22:00; Сб: 10:00-22:00; Вс: 10:00-22:00,+05:00,5.0,139,87051118418,,,,,,,https://instagram.com/koreansklad_kz,,,,,,,,,,,,43.207653,76.89814,https://2gis.com/firm/70000001113203947,branch
Korean sklad,магазин,Косметика и парфюмерия,"Северное Кольцо шоссе, 7а",16-19 бутик; синий ряд; цокольный этаж,050058,,Жетысуский район,Алматы,,Алматы,Казахстан,Вт: 09:00-17:00; Ср: 09:00-17:00; Чт: 09:00-17:00; Пт: 09:00-17:00; Сб: 09:00-17:00; Вс: 09:00-17:00,+05:00,4.9,133,87051118418,87051415043,,,,,,https://instagram.com/koreansklad_kz,,,,https://wa.me/77051415043,,,,,,,,43.28397,76.888646,https://2gis.com/firm/70000001105024046,branch
Korean sklad,магазин,Косметика и парфюмерия,"Северное Кольцо шоссе, 9","G18, G20 бутик; 2 этаж",050015,,Жетысуский район,Алматы,,Алматы,Казахстан,Вт: 09:00-17:00; Ср: 09:00-17:00; Чт: 09:00-17:00; Пт: 09:00-17:00; Сб: 09:00-17:00; Вс: 09:00-17:00,+05:00,5.0,78,87051118418,87079635020,,,,,,https://instagram.com/koreansklad_kz,,,,https://wa.me/77051118418,,,,,,,,43.285688,76.889593,https://2gis.com/firm/70000001088974923,branch
Korean_cosmetics,бутик косметики,Косметика и парфюмерия; Бижутерия,"проспект Суюнбая, 2 к3",,050016,,Жетысуский район,Алматы,,Алматы,Казахстан,Пн: 00:00-24:00; Вт: 00:00-24:00; Ср: 00:00-24:00; Чт: 00:00-24:00; Пт: 00:00-24:00; Сб: 00:00-24:00; Вс: 00:00-24:00,+05:00,4.7,24,87006010711,,,,,,,,,,,https://wa.me/77006010711,,,,,,,,43.27117,76.949507,https://2gis.com/firm/70000001093556204,branch
Korner,магазин косметики,Косметика и парфюмерия,"улица Гоголя, 99",1 этаж,050004,,Алмалинский район,Алматы,,Алматы,Казахстан,Пн: 10:00-20:00; Вт: 10:00-20:00; Ср: 10:00-20:00; Чт: 10:00-20:00; Пт: 10:00-20:00; Сб: 10:00-20:00; Вс: 10:00-20:00,+05:00,5.0,75,87055715167,,,,,,,https://instagram.com/korner.kz,,,,https://wa.me/77055715167,,,,,,,,43.259815,76.940161,https://2gis.com/firm/70000001076524622,branch
LA,бутик корейской косметики и парфюмерии,Косметика и парфюмерия,"микрорайон Куаныш, 11в/28",1 этаж,050052,Куаныш м-н,Ауэзовский район,Алматы,,Алматы,Казахстан,Пн: 10:00-22:00; Вт: 10:00-22:00; Ср: 10:00-22:00; Чт: 10:00-22:00; Пт: 10:00-22:00; Сб: 10:00-22:00; Вс: 10:00-22:00,+05:00,5.0,20,87009097878,,,,,,,,,,,https://wa.me/77009097878,,,,,,,,43.20771,76.859016,https://2gis.com/firm/70000001114248972,branch
La Reine,магазин косметики,Косметика и парфюмерия,"проспект Райымбека, 101",1 этаж,050016,,Жетысуский район,Алматы,,Алматы,Казахстан,Пн: 08:30-22:00; Вт: 08:30-22:00; Ср: 08:30-22:00; Чт: 08:30-22:00; Пт: 08:30-22:00; Сб: 08:30-22:00; Вс: 08:30-22:00,+05:00,4.9,5,87027651525,87017836504,,,,,,,,,,https://wa.me/77027651525,,,,,,,,43.270886,76.94632,https://2gis.com/firm/70000001032496934,branch
LA косметика,магазин,Косметика и парфюмерия,"микрорайон Орбита-3, 5Б",1 этаж,050043,Орбита-3 м-н,Бостандыкский район,Алматы,,Алматы,Казахстан,Пн: 10:00-20:00; Вт: 10:00-20:00; Ср: 10:00-20:00; Чт: 10:00-20:00; Пт: 10:00-20:00; Сб: 10:00-20:00; Вс: 10:00-20:00,+05:00,4.4,6,87773853333,,,,,,,https://instagram.com/la_cosmetik,,,,https://wa.me/77773853333,,,,,,,,43.198848,76.879794,https://2gis.com/firm/70000001054849209,branch
La`venti,магазин парфюмерии,Косметика и парфюмерия; Ароматовары,"8-й микрорайон, 37/1",цокольный этаж; в Magnum,050006,8-й м-н,Ауэзовский район,Алматы,,Алматы,Казахстан,Пн: 10:00-22:00; Вт: 10:00-22:00; Ср: 10:00-22:00; Чт: 10:00-22:00; Пт: 10:00-22:00; Сб: 10:00-22:00; Вс: 10:00-22:00,+05:00,5.0,6,87056662006,,,,,,,https://instagram.com/laventi_kz,,,,https://wa.me/77718249091,,,viber://chat/?number=77056662006,https://t.me/+77056662006,,,,43.227356,76.864051,https://2gis.com/firm/70000001111838939,branch
La`venti,магазин парфюмерии,Косметика и парфюмерия; Ароматовары,"проспект Райымбека, 239г",около Tele2 офис; 1 этаж,050034,,Жетысуский район,Алматы,,Алматы,Казахстан,Пн: 10:00-22:00; Вт: 10:00-22:00; Ср: 10:00-22:00; Чт: 10:00-22:00; Пт: 10:00-22:00; Сб: 10:00-22:00; Вс: 10:00-22:00,+05:00,4.3,7,87056662006,,,,,,,https://instagram.com/laventi_kz,,,,https://wa.me/77718249091,,,viber://chat/?number=77056662006,https://t.me/+77056662006,,,,43.264267,76.899772,https://2gis.com/firm/70000001102399887,branch
La`venti,магазин парфюмерии,Косметика и парфюмерия; Ароматовары,"улица Рихарда Зорге, 18/4",рядом с Waikiki,050011,,Турксибский район,Алматы,,Алматы,Казахстан,Пн: 10:00-22:00; Вт: 10:00-22:00; Ср: 10:00-22:00; Чт: 10:00-22:00; Пт: 10:00-22:00; Сб: 10:00-22:00; Вс: 10:00-22:00,+05:00,4.9,20,87056662006,,,,,,,https://instagram.com/laventi_kz,,,,https://wa.me/77718249091,,,viber://chat/?number=77056662006,https://t.me/+77056662006,,,,43.335794,76.953557,https://2gis.com/firm/70000001099408055,branch
La`venti,островок парфюмерии,Косметика и парфюмерия; Ароматовары,"улица Рихарда Зорге, 18",1 этаж,050011,,Турксибский район,Алматы,,Алматы,Казахстан,Пн: 10:00-22:00; Вт: 10:00-22:00; Ср: 10:00-22:00; Чт: 10:00-22:00; Пт: 10:00-22:00; Сб: 10:00-22:00; Вс: 10:00-22:00,+05:00,5.0,5,87056662006,,,,,,,https://instagram.com/laventi_kz,,,,https://wa.me/77718249091,,,viber://chat/?number=77056662006,https://t.me/+77056662006,,,,43.336724,76.954908,https://2gis.com/firm/70000001101259825,branch
Laboris.Kz,магазин сотовых аксессуаров и косметики,Косметика и парфюмерия; Аксессуары к телефонам; Копировальные услуги,"проспект Кунаева, 3",1 этаж,040803,5-й м-н,,Конаев,Конаев городская администрация,Алматинская область,Казахстан,Пн: 09:00-22:00; Вт: 09:00-22:00; Ср: 09:00-22:00; Чт: 09:00-22:00; Пт: 09:00-22:00; Сб: 09:00-22:00; Вс: 09:00-22:00,+05:00,5.0,17,87474799447,,,,,,,,,,,https://wa.me/77474799447,,,,,,,,43.846969,77.058651,https://2gis.com/firm/70000001110192747,branch
Laboris.Kz,магазин сотовых аксессуаров и косметики,Косметика и парфюмерия; Аксессуары к телефонам; Копировальные услуги; Фото на документы; Помощь в подключении услуг связи,"улица Уалиханова, 98в",,,,,Алатау,Алатау городская администрация,Алматинская область,Казахстан,Пн: 10:00-22:00; Вт: 10:00-22:00; Ср: 10:00-22:00; Чт: 10:00-22:00; Пт: 10:00-22:00; Сб: 10:00-22:00; Вс: 10:00-22:00,+05:00,5.0,53,87474799447,,,,,,,,,,,https://wa.me/77474799447,,,,,,,,43.673217,77.10795,https://2gis.com/firm/70000001094136612,branch
Laguna Perfumes,парфюмерный магазин,Косметика и парфюмерия; Ароматовары,"улица Байтурсынова, 78а",1 этаж,050022,,Алмалинский район,Алматы,,Алматы,Казахстан,Пн: 11:00-20:00; Вт: 11:00-20:00; Ср: 11:00-20:00; Чт: 11:00-20:00; Пт: 11:00-20:00; Сб: 11:00-20:00; Вс: 11:00-20:00,+05:00,4.9,61,87475151336,,,,,,,https://instagram.com/laguna_perfumes,,,,https://wa.me/77475151336,,,,,,,,43.242568,76.927434,https://2gis.com/firm/70000001030259749,branch
Laguna Perfumes,парфюмерный магазин,Косметика и парфюмерия; Ароматовары,"проспект Жибек Жолы, 70",104Б/1 бутик; 1 этаж,050004,,Медеуский район,Алматы,,Алматы,Казахстан,Пн: 10:00-21:00; Вт: 10:00-21:00; Ср: 10:00-21:00; Чт: 10:00-21:00; Пт: 10:00-21:00; Сб: 10:00-21:00; Вс: 10:00-21:00,+05:00,5.0,46,87475151377,,,,,,,https://instagram.com/laguna_perfumes,,,,https://wa.me/77475151377,,,,,,,,43.262095,76.947007,https://2gis.com/firm/70000001023977264,branch
Laguna Perfumes,парфюмерный магазин,Косметика и парфюмерия; Ароматовары,"Кабдолова улица, 1/4",10 бутик; E линия; 6 блок,050062,,Ауэзовский район,Алматы,,Алматы,Казахстан,Пн: 10:00-22:00; Вт: 10:00-22:00; Ср: 10:00-22:00; Чт: 10:00-22:00; Пт: 10:00-22:00; Сб: 10:00-22:00; Вс: 10:00-22:00,+05:00,4.9,96,87075677778,,,,,,,https://instagram.com/laguna_perfumes,,,,https://wa.me/77075677778,,,,,,,,43.237741,76.849782,https://2gis.com/firm/70000001022017354,branch
Lalu land,магазин косметики,Косметика и парфюмерия,"улица Толе би, 170",1 этаж,050008,,Алмалинский район,Алматы,,Алматы,Казахстан,Пн: 11:00-20:00; Вт: 11:00-20:00; Ср: 11:00-20:00; Чт: 11:00-20:00; Пт: 11:00-20:00; Сб: 11:00-20:00; Вс: 11:00-20:00,+05:00,5.0,18,87765492547,,,,,,,https://instagram.com/_lalu_land,,,,https://wa.me/77765492547,,,,,,,,43.251527,76.901124,https://2gis.com/firm/70000001103315537,branch
Laurita,магазин хозяйственных товаров,Косметика и парфюмерия; Хозтовары; Посуда; Канцтовары; Игрушки,"улица Тау Самалы, 5",,040924,Коклайсай,,,Карасайский район,Алматинская область,Казахстан,Пн: 09:00-22:00; Вт: 09:00-22:00; Ср: 09:00-22:00; Чт: 09:00-22:00; Пт: 09:00-22:00; Сб: 09:00-22:00; Вс: 09:00-22:00,+05:00,5.0,10,87014368190,,,,,,,,,,,https://wa.me/77014368190,,,,,,,,43.174279,76.757,https://2gis.com/firm/70000001084466702,branch
LeeSkin,магазин косметики,Косметика и парфюмерия,"улица Щепкина, 35Б",119 бутик; 1 этаж,050043,,Бостандыкский район,Алматы,,Алматы,Казахстан,Пн: 10:00-20:00; Вт: 10:00-20:00; Ср: 10:00-20:00; Чт: 10:00-20:00; Пт: 10:00-20:00; Сб: 10:00-20:00; Вс: 10:00-20:00,+05:00,4.2,15,87772763235,87770236612,,,,,,https://instagram.com/leeskin.kz,,,,https://wa.me/77772763235,,,,,,,,43.204833,76.877814,https://2gis.com/firm/70000001069059347,branch
Lemon,магазин товаров для дома,Косметика и парфюмерия; Посуда; Домашний текстиль; Игрушки; Бытовая техника,"улица Масанчи, 23/12",цокольный этаж,050000,,Алмалинский район,Алматы,,Алматы,Казахстан,Пн: 10:00-21:00; Вт: 10:00-21:00; Ср: 10:00-21:00; Чт: 10:00-21:00; Пт: 10:00-21:00; Сб: 10:00-21:00; Вс: 10:00-21:00,+05:00,4.5,30,87071555827,,,,,,,https://instagram.com/Lemon_1xm,,,,https://wa.me/77071555827,,,,,,,,43.259024,76.927405,https://2gis.com/firm/70000001112343060,branch
LeParfumeDeDi,магазин косметики и парфюмерии,Косметика и парфюмерия,"улица Орманова, 31",3 кабинет; 1 этаж,050010,,Медеуский район,Алматы,,Алматы,Казахстан,Пн: 10:00-17:00; Вт: 10:00-17:00; Ср: 10:00-17:00; Чт: 10:00-17:00; Пт: 10:00-17:00,+05:00,5.0,5,87023336552,,,,,,,https://instagram.com/le_parfume_de_di,,,,https://wa.me/77023336552,,,,,,,,43.259164,76.973685,https://2gis.com/firm/70000001083542363,branch
Leto,магазин корейской косметики,Косметика и парфюмерия,"Кабдолова улица, 1/4",4 бутик; E линия; 6 блок,050062,,Ауэзовский район,Алматы,,Алматы,Казахстан,Пн: 10:00-22:00; Вт: 10:00-22:00; Ср: 10:00-22:00; Чт: 10:00-22:00; Пт: 10:00-22:00; Сб: 10:00-22:00; Вс: 10:00-22:00,+05:00,5.0,26,87073121827,87027315893,,,,,,https://instagram.com/leto.korea,,,,https://wa.me/77073121827,https://wa.me/77027315893,,,,,,,43.237667,76.849581,https://2gis.com/firm/70000001061905918,branch
Liberte,бутик парфюмерии,Косметика и парфюмерия,"улица Каныша Сатпаева, 90",2 этаж,050046,,Бостандыкский район,Алматы,,Алматы,Казахстан,Пн: 10:00-22:00; Вт: 10:00-22:00; Ср: 10:00-22:00; Чт: 10:00-22:00; Пт: 10:00-22:00; Сб: 10:00-22:00; Вс: 10:00-22:00,+05:00,4.9,23,87058478342,87053896712,,,,,,https://instagram.com/liberte_kaz_,,,,https://wa.me/77053896712,,,,,,,,43.23299,76.878732,https://2gis.com/firm/70000001075034882,branch
Limoni,шоурум корейской косметики,Косметика и парфюмерия,"проспект Серкебаева, 76",1 этаж,050060,Алмагуль м-н,Бостандыкский район,Алматы,,Алматы,Казахстан,Пн: 10:00-18:00; Вт: 10:00-18:00; Ср: 10:00-18:00; Чт: 10:00-18:00; Пт: 10:00-18:00,+05:00,4.1,11,87005874515,,,,,,,https://instagram.com/limoni.kazakhstan,,,,https://wa.me/77005874515,,,,,,,,43.209647,76.898758,https://2gis.com/firm/70000001090435292,branch
Loco home,магазин,Косметика и парфюмерия; Хозтовары; Канцтовары; Бытовая химия; Игрушки,"улица Радостовца, 152/11",,050060,,Бостандыкский район,Алматы,,Алматы,Казахстан,Пн: 09:00-21:00; Вт: 09:00-21:00; Ср: 09:00-21:00; Чт: 09:00-21:00; Пт: 09:00-21:00; Сб: 09:00-21:00; Вс: 09:00-21:00,+05:00,4.9,7,87082975613,87470554302,,,,,,,,,,https://wa.me/77082975613,https://wa.me/77470554302,,,,,,,43.230756,76.89319,https://2gis.com/firm/70000001066893851,branch
Loonel Cosmetics,онлайн-магазин косметики,Косметика и парфюмерия,,,,,,Алматы,,Алматы,Казахстан,Пн: 09:00-21:00; Вт: 09:00-21:00; Ср: 09:00-21:00; Чт: 09:00-21:00; Пт: 09:00-21:00; Сб: 09:00-21:00; Вс: 09:00-21:00,+05:00,5.0,133,87772552244,,,,,,,https://instagram.com/magazin_loonel,,,,https://wa.me/77772552244,,,,https://t.me/loonelcosmetics,,,,,,https://2gis.com/firm/70000001044366202,branch
Lorean aroma,островок по продаже парфюмерии,Косметика и парфюмерия; Ароматовары,"улица Рихарда Зорге, 18",1 этаж,050011,,Турксибский район,Алматы,,Алматы,Казахстан,Пн: 10:00-22:00; Вт: 10:00-22:00; Ср: 10:00-22:00; Чт: 10:00-22:00; Пт: 10:00-22:00; Сб: 10:00-22:00; Вс: 10:00-22:00,+05:00,4.5,20,87086608859,87073987236,,,,,,,,,,https://wa.me/77073987236,https://wa.me/77086608859,,,,,,,43.337166,76.955429,https://2gis.com/firm/70000001100202514,branch
Lotus,"онлайн-магазин бытовой химии, хозяйственных товаров и косметики",Косметика и парфюмерия; Бытовая химия; Хозтовары; Носки и колготки,"улица Алаша, 2",,050044,Ерменсай м-н,Бостандыкский район,Алматы,,Алматы,Казахстан,Пн: 08:00-23:00; Вт: 08:00-23:00; Ср: 08:00-23:00; Чт: 08:00-23:00; Пт: 08:00-23:00; Сб: 08:00-23:00; Вс: 08:00-23:00,+05:00,4.7,22,87788951851,,,,,,,,,,,https://wa.me/77788951851,,,,https://t.me/+77788951851,,,,43.197834,76.93031,https://2gis.com/firm/70000001093620428,branch
Lucky,парфюмерный магазин,Косметика и парфюмерия,"Ташкентский тракт, 17к",1 этаж,040916,,,Алматы,Карасайский район,Алматы,Казахстан,Пн: 10:00-22:00; Вт: 10:00-22:00; Ср: 10:00-22:00; Чт: 10:00-22:00; Пт: 10:00-22:00; Сб: 10:00-22:00; Вс: 10:00-22:00,+05:00,4.9,15,87002052494,,,,,,,https://instagram.com/lucky_perfume_almaty,,,,https://wa.me/77002052494,,,,,,,,43.235951,76.778076,https://2gis.com/firm/70000001114286732,branch
Lumi,магазин косметики и парфюмерии,Косметика и парфюмерия,"микрорайон Дарабоз, 39",,050000,Дарабоз м-н,Алатауский район,Алматы,,Алматы,Казахстан,Пн: 10:00-21:00; Вт: 10:00-21:00; Ср: 10:00-21:00; Чт: 10:00-21:00; Пт: 10:00-21:00; Сб: 10:00-21:00; Вс: 10:00-21:00,+05:00,5.0,22,87788821707,,,,,,,https://instagram.com/lumi.cosmo,,,,,,,,,,,,43.267127,76.821152,https://2gis.com/firm/70000001098984545,branch
M&L,магазин одежды для всей семьи,Косметика и парфюмерия; Женская одежда; Детская одежда; Мужская одежда; Сумки и кожгалантерея,"микрорайон Жас Канат, 598а",,050039,Жас Канат м-н,Турксибский район,Алматы,,Алматы,Казахстан,Пн: 10:00-22:00; Вт: 10:00-22:00; Ср: 10:00-22:00; Чт: 10:00-22:00; Пт: 10:00-22:00; Сб: 10:00-22:00; Вс: 10:00-22:00,+05:00,5.0,8,87758532111,87074044458,,,,,,,,,,https://wa.me/77758532111,,,,,,,,43.325258,76.983298,https://2gis.com/firm/70000001087714482,branch
Maison Perfume,парфюмерный дом,Косметика и парфюмерия,"улица Ауэзова, 110",,050057,,Бостандыкский район,Алматы,,Алматы,Казахстан,Пн: 11:00-21:00; Вт: 11:00-21:00; Ср: 11:00-21:00; Чт: 11:00-21:00; Пт: 11:00-21:00; Сб: 11:00-21:00; Вс: 11:00-21:00,+05:00,4.9,166,87785486510,,,,,,,https://instagram.com/your.maison,,,,https://wa.me/77785486510,,,,,,,,43.232996,76.905107,https://2gis.com/firm/70000001108873087,branch
Maroon,магазин косметики,Косметика и парфюмерия; Хозтовары; Товары для праздников; Игрушки; Носки и колготки,"улица Жунисова, 8/11",1 этаж,050035,,Наурызбайский район,Алматы,,Алматы,Казахстан,Пн: 09:00-22:00; Вт: 09:00-22:00; Ср: 09:00-22:00; Чт: 09:00-22:00; Пт: 09:00-22:00; Сб: 09:00-22:00; Вс: 09:00-22:00,+05:00,4.9,112,87022852546,,,,,,,https://instagram.com/maroon_almaty,,,,https://wa.me/77022852546,,,,,,,,43.223453,76.787058,https://2gis.com/firm/70000001080063114,branch
Mary kay,магазин косметики,Косметика и парфюмерия,"проспект Райымбека, 212/2",208 офис; 2 этаж,050034,,Алмалинский район,Алматы,,Алматы,Казахстан,"Пн: 10:00-12:00, 13:00-17:00; Вт: 10:00-12:00, 13:00-17:00; Ср: 10:00-12:00, 13:00-17:00; Чт: 10:00-12:00, 13:00-17:00; Пт: 10:00-12:00, 13:00-17:00 (по предварительной записи)",+05:00,4.8,16,87088313811,,,,,,,https://instagram.com/arailymmakhmudova,,,,https://wa.me/77088313811,,,,https://t.me/+77088313811,,,,43.26008,76.89154,https://2gis.com/firm/70000001068037323,branch
Mary Kay,онлайн-магазин косметики,Косметика и парфюмерия,"улица Алатау, 24",,050064,Думан м-н,Медеуский район,Алматы,,Алматы,Казахстан,Пн: 08:00-18:00; Вт: 08:00-18:00; Ср: 08:00-18:00; Чт: 08:00-18:00; Пт: 08:00-18:00; Сб: 08:00-18:00; Вс: 08:00-18:00,+05:00,5.0,6,87477181019,,,,,,,https://instagram.com/gulden_quanyshbekyzy,,,,,,,,,,,,43.276536,77.001918,https://2gis.com/firm/70000001098636711,branch
Mary Kay Saniya,агентский пункт,Косметика и парфюмерия,"улица Жамбыла, 114",102 офис; 1 этаж,050012,,Алмалинский район,Алматы,,Алматы,Казахстан,Пн: 09:00-20:00; Вт: 09:00-20:00; Ср: 09:00-20:00; Чт: 09:00-20:00; Пт: 09:00-20:00; Сб: 09:00-20:00; Вс: 09:00-20:00,+05:00,5.0,7,87053156851,,,,,,,https://instagram.com/marykay_sani,,,,https://wa.me/77053156851,,,,,,,,43.246417,76.926087,https://2gis.com/firm/70000001057570288,branch
md posh perfume,магазин парфюмерии и косметики,Косметика и парфюмерия,"улица Аркабая, 70/1",,040704,,,,Илийский район,Алматинская область,Казахстан,Пн: 09:00-21:00; Вт: 09:00-21:00; Ср: 09:00-21:00; Чт: 09:00-21:00; Пт: 09:00-21:00; Сб: 09:00-21:00; Вс: 09:00-21:00,+05:00,4.2,11,87477831914,,,,,,,https://instagram.com/md_posh_perfume,,,,https://wa.me/77477831914,,,,,,,,43.485304,77.034642,https://2gis.com/firm/70000001100389466,branch
MilaBela,магазин белорусской косметики,Косметика и парфюмерия; Средства гигиены,"проспект Достык, 19",1 этаж,050010,,Медеуский район,Алматы,,Алматы,Казахстан,Пн: 09:30-20:00; Вт: 09:30-20:00; Ср: 09:30-20:00; Чт: 09:30-20:00; Пт: 09:30-20:00; Сб: 09:30-20:00; Вс: 09:30-20:00,+05:00,4.6,84,87763751144 (единая справочная: пн-вс 9:30-20:00),,,,,,,https://instagram.com/milabelakz,,https://facebook.com/milabela.kz,,https://wa.me/77763751144,,,,,,,,43.254491,76.955185,https://2gis.com/firm/70000001034730454,branch
Millesime,бутик парфюмерии,Косметика и парфюмерия,"микрорайон Кайрат, 181-182 к2",,050019,Кайрат м-н,Турксибский район,Алматы,,Алматы,Казахстан,Пн: 10:00-20:00; Вт: 10:00-20:00; Ср: 10:00-20:00; Чт: 10:00-20:00; Пт: 10:00-20:00; Сб: 10:00-20:00; Вс: 10:00-20:00,+05:00,5.0,35,87073166797,,,,,,,https://instagram.com/millesime.kz,,,,https://wa.me/77073166797,,,,,,,,43.299765,77.002322,https://2gis.com/firm/70000001114348129,branch
Millesime,бутик парфюмерии,Косметика и парфюмерия,"улица Наурызбай батыра, 50",,050004,,Алмалинский район,Алматы,,Алматы,Казахстан,Пн: 10:00-20:00; Вт: 10:00-20:00; Ср: 10:00-20:00; Чт: 10:00-20:00; Пт: 10:00-20:00; Сб: 10:00-20:00; Вс: 10:00-20:00,+05:00,4.8,23,87028926997,87076159114,87076342607,,,,,https://instagram.com/millesime.kz,,,,https://wa.me/77028926997,https://wa.me/77076159114,,,,,,,43.261202,76.93638,https://2gis.com/firm/70000001101160823,branch
Mini Price,магазин товаров для дома,Косметика и парфюмерия; Хозтовары; Бытовая химия; Игрушки; Канцтовары,"проспект Серкебаева, 5",,050060,,Бостандыкский район,Алматы,,Алматы,Казахстан,Пн: 10:00-22:00; Вт: 10:00-22:00; Ср: 10:00-22:00; Чт: 10:00-22:00; Пт: 10:00-22:00; Сб: 10:00-22:00; Вс: 10:00-22:00,+05:00,5.0,37,87011273626,,,,,,,https://instagram.com/mini.price,,,,,,,,,,,,43.224581,76.896289,https://2gis.com/firm/70000001114382658,branch
Minibeau,островок часов и бижутерии,Косметика и парфюмерия; Часы; Бижутерия; Игрушки,"улица Шолохова, 29",2 этаж,050011,,Турксибский район,Алматы,,Алматы,Казахстан,Пн: 09:00-20:00; Вт: 09:00-20:00; Ср: 09:00-20:00; Чт: 09:00-20:00; Пт: 09:00-20:00; Сб: 09:00-20:00; Вс: 09:00-20:00,+05:00,4.5,11,87074695684,,,,,,,,,,,https://wa.me/77074695684,,,,,,,,43.336508,76.946469,https://2gis.com/firm/70000001110588580,branch
Mir Cvetov Florins,цветочный магазин,Косметика и парфюмерия; Цветы; Сувениры; Кондитерские изделия,"проспект Нурсултана Назарбаева, 87",1 этаж,40008,,,Талдыкорган,Талдыкорган городская администрация,Жетысу область,Казахстан,Пн: 00:00-24:00; Вт: 00:00-24:00; Ср: 00:00-24:00; Чт: 00:00-24:00; Пт: 00:00-24:00; Сб: 00:00-24:00; Вс: 00:00-24:00,+05:00,4.9,437,87750414888,,,,,,,https://instagram.com/mir_cvetov.florins,,,,https://wa.me/77750414888,,,,,,,,45.017085,78.375974,https://2gis.com/firm/70000001080354667,branch
Mir kosmetiki,бутик по продаже косметики,Косметика и парфюмерия,"Кабдолова улица, 1/4",6 бутик; E линия; 6 блок,050062,,Ауэзовский район,Алматы,,Алматы,Казахстан,Пн: 10:00-22:00; Вт: 10:00-22:00; Ср: 10:00-22:00; Чт: 10:00-22:00; Пт: 10:00-22:00; Сб: 10:00-22:00; Вс: 10:00-22:00,+05:00,5.0,30,87789111125,,,,,,,https://instagram.com/mk_kosmetica_kz,,,,https://wa.me/77789111125,,,,,,,,43.237709,76.849641,https://2gis.com/firm/70000001082567703,branch
Mira Luxe,островок по продаже бижутерии и парфюмерии,Косметика и парфюмерия; Бижутерия,"Аубая Байгазиева улица, 82/1",2 этаж,040900,,,Каскелен,Карасайский район,Алматинская область,Казахстан,Пн: 10:00-20:00; Вт: 10:00-20:00; Ср: 10:00-20:00; Чт: 10:00-20:00; Пт: 10:00-20:00; Сб: 10:00-20:00; Вс: 10:00-20:00,+05:00,4.1,6,87081900542,,,,,,,https://instagram.com/mira_luxe__,,,,https://wa.me/77081900542,,,,,,,,43.20216,76.624479,https://2gis.com/firm/70000001110570647,branch
Miso,магазин косметики,Косметика и парфюмерия,"улица Жансугурова, 12а",цокольный этаж,040700,Куат м-н,,,Илийский район,Алматинская область,Казахстан,Пн: 10:00-20:00; Вт: 10:00-20:00; Ср: 10:00-20:00; Чт: 10:00-20:00; Пт: 10:00-20:00; Сб: 10:00-20:00; Вс: 10:00-20:00,+05:00,5.0,26,87714119020,,,,,,,https://instagram.com/miso.gress,,,,https://wa.me/77714119020,,,,,,,,43.420129,77.022808,https://2gis.com/firm/70000001095053924,branch
Miso Korean Market,магазин по продаже корейских товаров,Косметика и парфюмерия; Продукты быстрого приготовления,"улица Жарокова, 182",1 этаж,050057,,Бостандыкский район,Алматы,,Алматы,Казахстан,Пн: 10:00-21:00; Вт: 10:00-21:00; Ср: 10:00-21:00; Чт: 10:00-21:00; Пт: 10:00-21:00; Сб: 10:00-21:00; Вс: 10:00-21:00,+05:00,5.0,76,87003731110,,,,,,,https://instagram.com/miso_koreanmarket,,,,https://wa.me/77003731110,,,,,,,,43.230244,76.900849,https://2gis.com/firm/70000001083679938,branch
Miso Korean Market,магазин по продаже корейских товаров,Косметика и парфюмерия; Продукты быстрого приготовления,"улица Кенесары хана, 46Б",1 этаж,050070,Каргалы м-н,Наурызбайский район,Алматы,,Алматы,Казахстан,Пн: 10:00-21:00; Вт: 10:00-21:00; Ср: 10:00-21:00; Чт: 10:00-21:00; Пт: 10:00-21:00; Сб: 10:00-21:00; Вс: 10:00-21:00,+05:00,5.0,65,87003731110,,,,,,,https://instagram.com/miso_koreanmarket,,,,https://wa.me/77003731110,,,,,,,,43.170209,76.873694,https://2gis.com/firm/70000001044450563,branch
Misso,магазин корейской косметики,Косметика и парфюмерия; Бижутерия,"микрорайон Жас Канат, 598а",,050039,Жас Канат м-н,Турксибский район,Алматы,,Алматы,Казахстан,Пн: 10:00-22:00; Вт: 10:00-22:00; Ср: 10:00-22:00; Чт: 10:00-22:00; Пт: 10:00-22:00; Сб: 10:00-22:00; Вс: 10:00-22:00,+05:00,5.0,6,87026727670,,,,,,,https://instagram.com/misso.lux,,,,https://wa.me/77026727670,,,,,,,,43.325281,76.983307,https://2gis.com/firm/70000001058772664,branch
Mix Market,магазин,Косметика и парфюмерия; Посуда; Хозтовары; Игрушки; Аксессуары к телефонам,"микрорайон Шугыла, 340/33 к1",1 этаж,050000,Шугыла м-н,Наурызбайский район,Алматы,,Алматы,Казахстан,Пн: 09:00-24:00; Вт: 09:00-24:00; Ср: 09:00-24:00; Чт: 09:00-24:00; Пт: 09:00-24:00; Сб: 09:00-24:00; Вс: 09:00-24:00,+05:00,3.9,7,87781102274,,,,,,,,,,,https://wa.me/77781102274,,,,,,,,43.212802,76.786334,https://2gis.com/firm/70000001104523862,branch
Mix Price,магазин товаров для дома,Косметика и парфюмерия; Посуда; Керамические изделия,"проспект Суюнбая, 2 к8",1 бутик,050016,,Жетысуский район,Алматы,,Алматы,Казахстан,Пн: 10:00-22:00; Вт: 10:00-22:00; Ср: 10:00-22:00; Чт: 10:00-22:00; Пт: 10:00-22:00; Сб: 10:00-22:00; Вс: 10:00-22:00,+05:00,5.0,48,87007000277,,,,,,,https://instagram.com/mixprice.almaty,,,,https://wa.me/77007000277,,,,,,,,43.274369,76.947655,https://2gis.com/firm/70000001104653679,branch
Mk cosmetics,магазин,Косметика и парфюмерия,"Кабдолова улица, 1/4",7 бутик; D линия; 5 блок,050062,,Ауэзовский район,Алматы,,Алматы,Казахстан,Пн: 10:00-22:00; Вт: 10:00-22:00; Ср: 10:00-22:00; Чт: 10:00-22:00; Пт: 10:00-22:00; Сб: 10:00-22:00; Вс: 10:00-22:00,+05:00,4.9,66,87789111125,,,,,,,,,,,https://wa.me/77789111125,,,,,,,,43.237217,76.848808,https://2gis.com/firm/70000001077200011,branch
Mobihelp,копи-центр,Косметика и парфюмерия; Аксессуары к телефонам; Фото на документы; Ремонт телефонов,,16 бутик; подземный переход,050063,Жетысу-1 м-н,Ауэзовский район,Алматы,,Алматы,Казахстан,Пн: 10:00-20:00; Вт: 10:00-20:00; Ср: 10:00-20:00; Чт: 10:00-20:00; Пт: 10:00-20:00,+05:00,4.6,10,87475777475,,,,,,,https://instagram.com/mobihelp_24,,,,https://wa.me/77475777475,,,,,,,,43.217053,76.839871,https://2gis.com/firm/70000001092690395,branch
Mon amore,бутик косметики и парфюмерии,Косметика и парфюмерия; Подарочная упаковка; Солнцезащитные очки; Бижутерия,"микрорайон Мамыр-1, 8а",2 этаж,050036,Мамыр-1 м-н,Ауэзовский район,Алматы,,Алматы,Казахстан,Пн: 10:00-22:00; Вт: 10:00-22:00; Ср: 10:00-22:00; Чт: 10:00-22:00; Пт: 10:00-22:00; Сб: 10:00-22:00; Вс: 10:00-22:00,+05:00,5.0,9,87025697219,,,,,,,https://instagram.com/mon_amour.almaty,,,,https://wa.me/77025697219,,,,,,,,43.212441,76.842157,https://2gis.com/firm/70000001037650369,branch
Moodmart.kz,магазин косметики,Косметика и парфюмерия,"Жумалиева улица, 86",1 этаж,050026,,Алмалинский район,Алматы,,Алматы,Казахстан,Пн: 10:00-21:00; Вт: 10:00-21:00; Ср: 10:00-21:00; Чт: 10:00-21:00; Пт: 10:00-21:00; Сб: 10:00-21:00; Вс: 10:00-21:00,+05:00,4.7,3263,87079348559,,,,,,,https://instagram.com/moodmart.kz_,,,,https://wa.me/77079348559,,,,,,,,43.253425,76.913342,https://2gis.com/firm/70000001090760103,branch
Moonshine cosmetics,магазин корейской косметики,Косметика и парфюмерия,"улица Рыскулбекова, 28/2",,050043,,Бостандыкский район,Алматы,,Алматы,Казахстан,Пн: 11:00-17:00; Вт: 11:00-17:00; Ср: 11:00-17:00; Чт: 11:00-17:00; Пт: 11:00-17:00,+05:00,5.0,11,87014414447,,,,,,,https://instagram.com/moonshine_cosmetics_,,,,https://wa.me/77014414447,,,,,,,,43.203311,76.872473,https://2gis.com/firm/70000001067112626,branch
Moonty cosmetics,магазин,Косметика и парфюмерия,"улица Ауэзова, 99",,050008,,Алмалинский район,Алматы,,Алматы,Казахстан,Пн: 10:00-22:00; Вт: 10:00-22:00; Ср: 10:00-22:00; Чт: 10:00-22:00; Пт: 10:00-22:00; Сб: 10:00-22:00; Вс: 10:00-22:00,+05:00,4.9,187,87079690010,87000268969,,,,,,https://instagram.com/moonty.kz,,,,https://wa.me/77000268969,,,,,,,,43.241117,76.90344,https://2gis.com/firm/70000001109720259,branch
Moonty cosmetics,магазин,Косметика и парфюмерия,"улица Гоголя, 77",,050004,,Алмалинский район,Алматы,,Алматы,Казахстан,Пн: 10:00-22:00; Вт: 10:00-22:00; Ср: 10:00-22:00; Чт: 10:00-22:00; Пт: 10:00-22:00; Сб: 10:00-22:00; Вс: 10:00-22:00,+05:00,5.0,1273,87079690010,87000268969,,,,,,https://instagram.com/moonty.kz,,,,https://wa.me/77000268969,,,,,,,,43.260178,76.945646,https://2gis.com/firm/70000001083334291,branch
MoonyJapan,магазин японских товаров,Косметика и парфюмерия; Товары для новорождённых; Хозтовары; Детское питание; БАДы,"И. Жансугурова, 116",цокольный этаж,40009,,,Талдыкорган,Талдыкорган городская администрация,Жетысу область,Казахстан,Пн: 10:00-19:00; Вт: 10:00-19:00; Ср: 10:00-19:00; Чт: 10:00-19:00; Пт: 10:00-19:00; Сб: 10:00-19:00; Вс: 10:00-19:00,+05:00,4.4,6,87019979905,,,,,,,https://instagram.com/moonyjapan,,,,https://wa.me/77019979905,,,,,,,,45.012931,78.371641,https://2gis.com/firm/70000001076292673,branch
Moya Kosmetika,бутик косметики,Косметика и парфюмерия,"улица Каныша Сатпаева, 90/21",А4а бутик; 1 этаж; в ТРЦ Riviera Park,050046,,Бостандыкский район,Алматы,,Алматы,Казахстан,Пн: 11:00-21:00; Вт: 11:00-21:00; Ср: 11:00-21:00; Чт: 11:00-21:00; Пт: 11:00-21:00; Сб: 11:00-21:00; Вс: 11:00-21:00,+05:00,5.0,107,87028909996,,,,,,,https://instagram.com/moya_kosmetika_kzz,,,,https://wa.me/77028909996,,,,,,,,43.232158,76.875636,https://2gis.com/firm/70000001110078681,branch
Mumuso,магазин,Косметика и парфюмерия; Игрушки; Канцтовары; Домашний текстиль; Хозтовары,"проспект Абая, 109в",1 этаж,050008,,Алмалинский район,Алматы,,Алматы,Казахстан,Пн: 10:00-22:00; Вт: 10:00-22:00; Ср: 10:00-22:00; Чт: 10:00-22:00; Пт: 10:00-22:00; Сб: 10:00-22:00; Вс: 10:00-22:00,+05:00,4.9,59,87775521741,,,,,,,https://instagram.com/mumusokz,,,,https://wa.me/77775521741,,,,,,,,43.240397,76.905899,https://2gis.com/firm/70000001100328648,branch
Munlyhan,магазин одежды,Косметика и парфюмерия; Детская одежда; Хозтовары; Носки и колготки; Нижнее бельё,"улица Молодежная, 109",,050048,Карасу м-н,Алатауский район,Алматы,,Алматы,Казахстан,Пн: 10:00-23:00; Вт: 10:00-23:00; Ср: 10:00-23:00; Чт: 10:00-23:00; Пт: 10:00-23:00; Сб: 10:00-23:00; Вс: 10:00-23:00,+05:00,5.0,6,87478145626,,,,,,,,,,,https://wa.me/77478145626,,,,,,,,43.328319,76.907272,https://2gis.com/firm/70000001062625430,branch
Muslim shop,магазин мусульманских товаров,Косметика и парфюмерия; Религиозные товары; БАДы,"улица Мустафина, 5Б/2",,050043,Орбита-3 м-н,Бостандыкский район,Алматы,,Алматы,Казахстан,Пн: 10:00-21:00; Вт: 10:00-21:00; Ср: 10:00-21:00; Чт: 10:00-21:00; Пт: 10:00-21:00; Сб: 10:00-21:00; Вс: 10:00-21:00,+05:00,4.2,7,87474032704,,,,,,,https://instagram.com/muslimshop.01,,,,https://wa.me/77474032704,,,,,,,,43.199342,76.879898,https://2gis.com/firm/70000001045986347,branch
N`DasKeTo,бутик корейской косметики,Косметика и парфюмерия,"микрорайон Аксай-4, 20Б к2",,050063,Аксай-4 м-н,Ауэзовский район,Алматы,,Алматы,Казахстан,Вт: 10:00-19:00; Ср: 10:00-19:00; Чт: 10:00-19:00; Пт: 10:00-19:00; Сб: 10:00-19:00; Вс: 10:00-19:00,+05:00,4.8,9,87073438303,,,,,,,https://instagram.com/ndasketo,,,,https://wa.me/77073438303,https://wa.me/77006888321,,,,,,,43.230628,76.833987,https://2gis.com/firm/70000001039799427,branch
Nabi,магазин,Косметика и парфюмерия,"улица Жунисова, 2/23 к2",1 этаж,050035,,Наурызбайский район,Алматы,,Алматы,Казахстан,Пн: 10:00-24:00; Вт: 10:00-24:00; Ср: 10:00-24:00; Чт: 10:00-24:00; Пт: 10:00-24:00; Сб: 10:00-24:00; Вс: 10:00-24:00,+05:00,4.9,16,87770257753,,,,,,,https://instagram.com/nabi.cosmeticsss,,,,https://wa.me/77770257753,,,,,,,,43.223421,76.781707,https://2gis.com/firm/70000001103850191,branch
Nabi Korean Store,магазин косметики,Косметика и парфюмерия; БАДы,"проспект Абая, 164/8 к8",,050046,,Бостандыкский район,Алматы,,Алматы,Казахстан,Пн: 10:00-20:00; Вт: 10:00-20:00; Ср: 10:00-20:00; Чт: 10:00-20:00; Пт: 10:00-20:00; Сб: 11:00-18:00; Вс: 11:00-18:00,+05:00,5.0,135,87005558178,,,,,,,https://instagram.com/nabi.seoulsoul,,,,https://wa.me/77005558178,,,,,,,,43.236307,76.880813,https://2gis.com/firm/70000001079225022,branch
Nature Republic,​магазин корейской косметики,Косметика и парфюмерия,"Кульджинский тракт, 106",1 этаж,,,Медеуский район,Алматы,,Алматы,Казахстан,Пн: 10:00-22:00; Вт: 10:00-22:00; Ср: 10:00-22:00; Чт: 10:00-22:00; Пт: 10:00-22:00; Сб: 10:00-22:00; Вс: 10:00-22:00,+05:00,4.7,30,87476807065,,,,,,,https://instagram.com/nature_republic_kazakhstan,,,,https://wa.me/77476807065,,,,,,,,43.314548,77.023058,https://2gis.com/firm/70000001101744900,branch
Nature Republic,​магазин корейской косметики,Косметика и парфюмерия,"улица Розыбакиева, 247а",1 этаж,050060,,Бостандыкский район,Алматы,,Алматы,Казахстан,Пн: 10:00-22:00; Вт: 10:00-22:00; Ср: 10:00-22:00; Чт: 10:00-22:00; Пт: 10:00-22:00; Сб: 10:00-22:00; Вс: 10:00-22:00,+05:00,4.9,103,87473882467 (единая справочная),,,,,,,https://instagram.com/nature_republic_kazakhstan,,,,https://wa.me/77473882467,,,,,,,,43.202215,76.891941,https://2gis.com/firm/70000001086794893,branch
Nb,магазин парфюмерии,Косметика и парфюмерия,"улица Ракишева, 35а",1 этаж,,Южная,,Талдыкорган,Талдыкорган городская администрация,Жетысу область,Казахстан,Пн: 10:00-22:30; Вт: 10:00-22:30; Ср: 10:00-22:30; Чт: 10:00-22:30; Пт: 10:00-22:30; Сб: 10:00-22:30; Вс: 10:00-22:30,+05:00,5.0,24,87478590534,,,,,,,https://instagram.com/n.b_perfume,,,,https://wa.me/77066677282,,,,,,,,44.998681,78.365934,https://2gis.com/firm/70000001105283672,branch
Nonary,магазин,Косметика и парфюмерия; Женская одежда; Мужская одежда; Детская одежда,"микрорайон Жетысу, 30Б",,040009,Жетысу м-н,,Талдыкорган,Талдыкорган городская администрация,Жетысу область,Казахстан,Пн: 10:00-21:00; Вт: 10:00-21:00; Ср: 10:00-21:00; Чт: 10:00-21:00; Пт: 10:00-21:00; Сб: 10:00-21:00,+05:00,4.6,24,87011006999,,,,,,,,,,,https://wa.me/77020750139,,,,,,,,45.014829,78.345874,https://2gis.com/firm/70000001054907072,branch
Nur,универсальный магазин,Косметика и парфюмерия; Хозтовары; Посуда; Бижутерия,"улица Толе би, 285/9б",,050031,,Ауэзовский район,Алматы,,Алматы,Казахстан,Пн: 09:30-22:00; Вт: 09:30-22:00; Ср: 09:30-22:00; Чт: 09:30-22:00; Пт: 09:30-22:00; Сб: 09:30-22:00; Вс: 09:30-22:00,+05:00,5.0,10,87783448547,,,,,,,,,,,https://wa.me/77783448547,,,,,,,,43.246144,76.855472,https://2gis.com/firm/70000001111825559,branch
Nur perfume,островок по продаже парфюмерии,Косметика и парфюмерия,"8-й микрорайон, 37/1",2 этаж,050006,8-й м-н,Ауэзовский район,Алматы,,Алматы,Казахстан,Пн: 10:00-22:00; Вт: 10:00-22:00; Ср: 10:00-22:00; Чт: 10:00-22:00; Пт: 10:00-22:00; Сб: 10:00-22:00; Вс: 10:00-22:00,+05:00,4.1,18,87079313210 (Контакты),,,,,,,https://instagram.com/nur_perfumess,,,,https://wa.me/77079313210,,,,,,,,43.228006,76.864803,https://2gis.com/firm/70000001104927665,branch
OH 300+,магазин товаров для дома,Косметика и парфюмерия; Хозтовары; Игрушки; Посуда; Бижутерия,"улица Пушкина, 13",1 этаж,050016,,Медеуский район,Алматы,,Алматы,Казахстан,Пн: 09:30-21:00; Вт: 09:30-21:00; Ср: 09:30-21:00; Чт: 09:30-21:00; Пт: 09:30-21:00; Сб: 09:30-21:00; Вс: 09:30-21:00,+05:00,4.9,49,87000211234,,,,,,,https://instagram.com/oh300_kz,,,,https://wa.me/77000211234,,,,,,,,43.268626,76.95167,https://2gis.com/firm/70000001091679492,branch
Ohlala-cosmetics,магазин косметики,Косметика и парфюмерия,"улица Каппарова, 116/19",1 этаж,050044,,Медеуский район,Алматы,,Алматы,Казахстан,Пн: 10:00-20:00; Вт: 10:00-20:00; Ср: 10:00-20:00; Чт: 10:00-20:00; Пт: 10:00-20:00; Сб: 10:00-20:00; Вс: 10:00-20:00,+05:00,5.0,28,87764444415,,,,,,,https://instagram.com/ohlala.cosmeticsss,,,,https://wa.me/77764444415,,,,,,,,43.215278,76.940299,https://2gis.com/firm/70000001083764233,branch
Okami,магазин корейской косметики,Косметика и парфюмерия; Бытовая химия; Хозтовары,"Северное Кольцо шоссе, 3","145, 148 бутик; Е сектор; 2 этаж",050058,,Жетысуский район,Алматы,,Алматы,Казахстан,Вт: 09:00-19:00; Ср: 09:00-19:00; Чт: 09:00-19:00; Пт: 09:00-19:00; Сб: 09:00-19:00; Вс: 09:00-19:00,+05:00,3.3,7,87073710880,,,,,,,https://instagram.com/okami_korean_cosmetics,,,,https://wa.me/77073710880,,,,,,,,43.2803,76.8883,https://2gis.com/firm/70000001064774723,branch
Olesia-Shop,магазин по продаже нижнего белья и купальников,Косметика и парфюмерия; Нижнее бельё; Купальники,"1-й микрорайон, 61",,050062,1-й м-н,Ауэзовский район,Алматы,,Алматы,Казахстан,Пн: 08:00-24:00; Вт: 08:00-24:00; Ср: 08:00-24:00; Чт: 08:00-24:00; Пт: 08:00-24:00; Сб: 08:00-24:00; Вс: 08:00-24:00,+05:00,4.8,31,87077069571 (единый номер: пн-вс 10:00-22:00),87478202910,,,,,,https://instagram.com/olesia_bra,,,,https://wa.me/77077069571,https://wa.me/77478202910,,,,,,,43.232654,76.851804,https://2gis.com/firm/70000001045399588,branch
Ombre_perfume,магазин,Косметика и парфюмерия,"микрорайон Аксай-5, 25",1 этаж,050063,Аксай-5 м-н,Ауэзовский район,Алматы,,Алматы,Казахстан,Пн: 10:00-21:00; Вт: 10:00-21:00; Ср: 10:00-21:00; Чт: 10:00-21:00; Пт: 10:00-21:00; Сб: 10:00-21:00; Вс: 10:00-21:00,+05:00,5.0,43,87076010023,,,,,,,https://instagram.com/ombre_perfume,,,,https://wa.me/77076010023,,,,,,,,43.231815,76.832296,https://2gis.com/firm/70000001097166548,branch
Only Beauty,магазин корейской косметики,Косметика и парфюмерия,"микрорайон Мамыр-1, 8а",1 этаж,050036,Мамыр-1 м-н,Ауэзовский район,Алматы,,Алматы,Казахстан,Пн: 10:00-22:00; Вт: 10:00-22:00; Ср: 10:00-22:00; Чт: 10:00-22:00; Пт: 10:00-22:00; Сб: 10:00-22:00; Вс: 10:00-22:00,+05:00,2.0,8,87023338184,87059913201,,,,,,,,,,https://wa.me/77023338184,https://wa.me/77059913201,https://wa.me/77051528499,,,,,,43.212681,76.84204,https://2gis.com/firm/70000001069272386,branch
Opatra London,магазин,Косметика и парфюмерия,"Кульджинский тракт, 106",1 этаж,,,Медеуский район,Алматы,,Алматы,Казахстан,Пн: 10:00-22:00; Вт: 10:00-22:00; Ср: 10:00-22:00; Чт: 10:00-22:00; Пт: 10:00-22:00; Сб: 10:00-22:00; Вс: 10:00-22:00,+05:00,4.0,103,87002663617,,,,,,,https://instagram.com/opatra_almaty,,,,https://wa.me/77002663617,,,,,,,,43.314853,77.024171,https://2gis.com/firm/70000001101744910,branch
Opatra london,островок уходовой косметики,Косметика и парфюмерия,"микрорайон Мамыр-1, 8а",1 этаж,050036,Мамыр-1 м-н,Ауэзовский район,Алматы,,Алматы,Казахстан,Пн: 10:00-22:00; Вт: 10:00-22:00; Ср: 10:00-22:00; Чт: 10:00-22:00; Пт: 10:00-22:00; Сб: 10:00-22:00; Вс: 10:00-22:00,+05:00,1.7,16,87077335292,,,,,,,https://instagram.com/opatralondon,,,,https://wa.me/77077335292,,,,,,,,43.21217,76.842245,https://2gis.com/firm/70000001099951913,branch
Oriflame_Avon_Faberlic,магазин,Косметика и парфюмерия; Средства гигиены; Бытовая химия,"улица Толе би, 170",1 бутик; 2 этаж,050008,,Алмалинский район,Алматы,,Алматы,Казахстан,"Пн: 10:00-12:30, 14:00-19:00; Вт: 10:00-12:30, 14:00-19:00; Ср: 10:00-12:30, 14:00-19:00; Чт: 10:00-12:30, 14:00-19:00; Пт: 10:00-12:30, 14:00-19:00; Сб: 09:30-12:30, 14:00-17:00",+05:00,5.0,11,87474176155,,,,,,,https://instagram.com/avon.oriflame.zakaz,,,,https://wa.me/77474176155,,,,,,,https://youtube.com/channel/UCU0E63HfSSNKPA0AAgJFqWA,43.251527,76.901124,https://2gis.com/firm/70000001034530878,branch
Original Market,магазин,Косметика и парфюмерия; Бытовая химия; Товары для новорождённых; Хозтовары; Средства гигиены,"проспект Назарбаева, 76",1 этаж,050004,,Медеуский район,Алматы,,Алматы,Казахстан,Пн: 10:00-21:00; Вт: 10:00-21:00; Ср: 10:00-21:00; Чт: 10:00-21:00; Пт: 10:00-21:00; Сб: 10:00-21:00; Вс: 10:00-21:00,+05:00,4.8,529,87008008001,,,,,,,https://instagram.com/original_market_official,,,,https://wa.me/77008008001,,,,,,,,43.260759,76.946305,https://2gis.com/firm/70000001069924593,branch
Outlet obuv,магазин обуви,Косметика и парфюмерия; Обувные магазины,"улица Муратбаева, 134",103 офис; 1 этаж,050012,,Алмалинский район,Алматы,,Алматы,Казахстан,Пн: 10:00-21:00; Вт: 10:00-21:00; Ср: 10:00-21:00; Чт: 10:00-21:00; Пт: 10:00-21:00; Сб: 10:00-21:00; Вс: 10:00-21:00,+05:00,4.8,253,87001888177,,,,,,,https://instagram.com/outlet_obuv,,,,https://wa.me/77001888147,,,,,,,,43.252161,76.919181,https://2gis.com/firm/70000001040946135,branch
Oxana Maretti,магазин,Косметика и парфюмерия; Швейные ателье; Бытовая химия,"улица Майлина, 13",1 этаж,050039,,Турксибский район,Алматы,,Алматы,Казахстан,Пн: 09:00-18:00; Вт: 09:00-18:00; Ср: 09:00-18:00; Чт: 09:00-18:00; Пт: 09:00-18:00,+05:00,4.5,12,87771384875,,,,,,,https://instagram.com/oxana_maretti_,,,,https://wa.me/77771384875,,,,,,,,43.346513,77.005719,https://2gis.com/firm/70000001035918125,branch
P1ncode,магазин по продаже сотовых аксессуаров,Косметика и парфюмерия; Аксессуары к телефонам,"Ораза Жандосова улица, 162а",1 этаж,050042,,Ауэзовский район,Алматы,,Алматы,Казахстан,Пн: 10:00-20:00; Вт: 10:00-20:00; Ср: 10:00-20:00; Чт: 10:00-20:00; Пт: 10:00-20:00; Сб: 10:00-20:00; Вс: 10:00-20:00,+05:00,4.7,14,87072200568,87053060121,,,,,,https://instagram.com/p1ncode,,,,https://wa.me/77072200568,https://wa.me/77053060121,,,,,,,43.211672,76.869509,https://2gis.com/firm/70000001051699160,branch
Panda Shop,магазин товаров для дома,Косметика и парфюмерия; Канцтовары; Посуда; Игрушки; Хозтовары,"улица Утеген батыра, 73",,050062,,Ауэзовский район,Алматы,,Алматы,Казахстан,Пн: 09:00-21:00; Вт: 09:00-21:00; Ср: 09:00-21:00; Чт: 09:00-21:00; Пт: 09:00-21:00; Сб: 09:00-21:00; Вс: 09:00-21:00,+05:00,4.9,21,87771182202,,,,,,,https://instagram.com/pandasweetshop,,,,https://wa.me/77771182202,,,,,,,,43.237108,76.859763,https://2gis.com/firm/70000001099086205,branch
Parfbar,шоурум нишевой парфюмерии,Косметика и парфюмерия,"улица Гоголя, 87",,050000,,Алмалинский район,Алматы,,Алматы,Казахстан,"Пн: 11:00-21:00; Вт: 11:00-21:00; Ср: 11:00-21:00; Чт: 11:00-21:00; Пт: 11:00-13:00, 14:00-21:00; Сб: 11:00-21:00; Вс: 11:00-21:00",+05:00,4.9,48,87051783988,,,,,,,,,,,https://wa.me/77051783988,,,,https://t.me/+77051783988,,,,43.260051,76.943796,https://2gis.com/firm/70000001089191432,branch
Parfburo,магазин парфюмерии,Косметика и парфюмерия,"проспект Абая, 10",,050021,,Бостандыкский район,Алматы,,Алматы,Казахстан,Пн: 11:00-20:00; Вт: 11:00-20:00; Ср: 11:00-20:00; Чт: 11:00-20:00; Пт: 11:00-20:00; Сб: 11:00-20:00; Вс: 11:00-20:00,+05:00,4.9,18,87011005007,87018800765,,,,,,https://instagram.com/parfburo,,,,https://wa.me/77011005007,https://wa.me/77018800765,,,,,,,43.242208,76.946955,https://2gis.com/firm/70000001053306740,branch
Parfum Luxe,​бутик парфюмерии,Косметика и парфюмерия,"Алматинская улица, 6/5",,040800,,,Конаев,Конаев городская администрация,Алматинская область,Казахстан,Пн: 10:00-21:00; Вт: 10:00-21:00; Ср: 10:00-21:00; Чт: 10:00-21:00; Пт: 10:00-21:00; Сб: 10:00-21:00; Вс: 10:00-21:00,+05:00,5.0,11,87082545874,,,,,,,https://instagram.com/parfum_luxe_konaev,,,,https://wa.me/77082545874,,,,,,,,43.849071,77.049614,https://2gis.com/firm/70000001081071362,branch
Parfum_de_fleur.kz,магазин ароматоваров,Косметика и парфюмерия; Ароматовары,"Кабдолова улица, 1/4",Е линия; 5 блок; напротив Rafa`s Barbershop,050062,,Ауэзовский район,Алматы,,Алматы,Казахстан,Пн: 10:00-22:00; Вт: 10:00-22:00; Ср: 10:00-22:00; Чт: 10:00-22:00; Пт: 10:00-22:00; Сб: 10:00-22:00; Вс: 10:00-22:00,+05:00,4.8,15,87765427494,,,,,,,https://instagram.com/parfum_de_fleur.kz,,,,https://wa.me/77475252027,,,,https://t.me/+77475252027,,,,43.237459,76.849188,https://2gis.com/firm/70000001089347259,branch
parfum_premium_,магазин парфюмерии,Косметика и парфюмерия,"улица Аймауытова, 11/1",,050011,,Турксибский район,Алматы,,Алматы,Казахстан,Пн: 11:30-20:30; Вт: 11:30-18:30; Ср: 11:30-20:30; Чт: 11:30-18:30; Пт: 11:30-20:30; Сб: 11:30-18:30; Вс: 11:30-14:30 (по предварительному звонку),+05:00,5.0,27,87052252552,,,,,,,https://instagram.com/parfum__premium__,,,,https://wa.me/77052252552,,,,,,,,43.329149,76.950386,https://2gis.com/firm/70000001077344936,branch
Parfume Lux,бутик парфюмерии,Косметика и парфюмерия,"микрорайон Кайрат, 181-182 к2",1 этаж,050019,Кайрат м-н,Турксибский район,Алматы,,Алматы,Казахстан,Вт: 10:00-18:00; Ср: 10:00-18:00; Чт: 10:00-18:00; Пт: 10:00-18:00; Сб: 10:00-18:00; Вс: 10:00-18:00,+05:00,5.0,5,87014757525,,,,,,,https://instagram.com/parfume_official.france,,,,https://wa.me/77014757525,,,,,,,,43.299765,77.002322,https://2gis.com/firm/70000001087924006,branch
Parfume_lux_kz,бутик селективной и нишевой парфюмерии,Косметика и парфюмерия,"микрорайон Жетысу-3, 25",18 бутик,050063,Жетысу-3 м-н,Ауэзовский район,Алматы,,Алматы,Казахстан,Пн: 11:00-19:00; Вт: 11:00-19:00; Ср: 11:00-19:00; Чт: 11:00-19:00; Пт: 11:00-19:00; Сб: 11:00-19:00; Вс: 11:00-19:00,+05:00,4.6,29,87754785355,87073097900,,,,,,https://instagram.com/parfume_lux_kz,,,,https://wa.me/77022667416,https://wa.me/77073097900,https://wa.me/77754785355,,,,,,43.218346,76.843717,https://2gis.com/firm/70000001032099604,branch
Perfume Land,магазин парфюмерии,Косметика и парфюмерия,"улица Айманова, 126",103 кабинет; 1 этаж,050057,,Бостандыкский район,Алматы,,Алматы,Казахстан,Пн: 11:00-20:00; Вт: 11:00-20:00; Ср: 11:00-20:00; Чт: 11:00-20:00; Пт: 11:00-20:00; Сб: 11:00-20:00; Вс: 11:00-20:00,+05:00,5.0,48,87780782344,,,,,,,https://instagram.com/perfumeland.almaty,,,,https://wa.me/77780782344,,,,,,,,43.23778,76.897399,https://2gis.com/firm/70000001038989814,branch
Perfume Studio,магазин парфюмерии,Косметика и парфюмерия,"проспект Жибек Жолы, 70",266 бутик; 2 этаж,050004,,Медеуский район,Алматы,,Алматы,Казахстан,Пн: 10:00-21:00; Вт: 10:00-21:00; Ср: 10:00-21:00; Чт: 10:00-21:00; Пт: 10:00-21:00; Сб: 10:00-21:00; Вс: 10:00-21:00,+05:00,4.6,7,87006780589,,,,,,,https://instagram.com/perfume.studio.official,,,,,,,,,,,,43.262214,76.948792,https://2gis.com/firm/70000001103146221,branch
perfume_markeet,магазин по продаже парфюмерии,Косметика и парфюмерия,"Северное Кольцо шоссе, 9/2",А55 бутик; 1 этаж,050015,,Жетысуский район,Алматы,,Алматы,Казахстан,Вт: 09:30-18:00; Ср: 09:30-18:00; Чт: 09:30-18:00; Пт: 09:30-18:00; Сб: 09:30-18:00; Вс: 09:30-18:00,+05:00,5.0,10,87082070530,,,,,,,,,,,https://wa.me/77082070530,,,,,,,,43.287843,76.890246,https://2gis.com/firm/70000001077396591,branch
Phone best,мастерская по ремонту мобильных устройств и изготовлению ключей,Косметика и парфюмерия; Ремонт телефонов; Копировальные услуги; Аксессуары к телефонам; Изготовление ключей,"улица Жамбыла, 205",1 этаж,050009,,Алмалинский район,Алматы,,Алматы,Казахстан,"Пн: 10:00-20:00; Вт: 10:00-16:45, 18:15-20:00; Ср: 10:00-20:00; Чт: 10:00-16:45, 18:15-20:00; Пт: 10:00-20:00; Сб: 10:00-20:00; Вс: 10:00-20:00 (по предварительному звонку)",+05:00,4.9,23,87021138260,,,,,,,https://instagram.com/keys_kopir_almaty,,,,https://wa.me/77021138260,,,,,,,,43.244907,76.897593,https://2gis.com/firm/70000001038404284,branch
PremiumKorea,онлайн-магазин,Косметика и парфюмерия,,,,,,Алматы,,Алматы,Казахстан,Пн: 10:00-19:00; Вт: 10:00-19:00; Ср: 10:00-19:00; Чт: 10:00-19:00; Пт: 10:00-19:00; Сб: 10:00-19:00; Вс: 10:00-19:00,+05:00,4.4,7,87759898593,,,,,,,https://instagram.com/premiumkorea_kz,,,,https://wa.me/77759898593,,,,,,,,,,https://2gis.com/firm/70000001056392433,branch
Proffterra,магазин профессиональной косметики,Косметика и парфюмерия,"Муканова улица, 245",1 этаж,050008,,Алмалинский район,Алматы,,Алматы,Казахстан,Пн: 09:00-19:00; Вт: 09:00-19:00; Ср: 09:00-19:00; Чт: 09:00-19:00; Пт: 09:00-19:00; Сб: 09:00-18:00,+05:00,4.8,15,87075855110,,,,,,,https://instagram.com/proffterra_almaty,,,,https://wa.me/77473172575,,,,,,,,43.242075,76.915609,https://2gis.com/firm/70000001036256539,branch
Qaskelen350,магазин,Косметика и парфюмерия; Хозтовары; Игрушки; Нижнее бельё; Посуда,"улица Жангозина, 53а/1",,040904,,,Каскелен,Карасайский район,Алматинская область,Казахстан,Пн: 10:00-19:00; Вт: 10:00-19:00; Ср: 10:00-19:00; Чт: 10:00-19:00; Пт: 10:00-19:00; Сб: 10:00-19:00; Вс: 10:00-19:00,+05:00,4.9,9,87022872946,,,,,,,https://instagram.com/qaskelen350,,,,https://wa.me/77022872946,,,,,,,,43.209228,76.617968,https://2gis.com/firm/70000001050771261,branch
Qazaq parfum,бутик парфюмерии,Косметика и парфюмерия,"Е. Брусиловского улица, 163",,050005,,Алмалинский район,Алматы,,Алматы,Казахстан,Пн: 08:00-22:00; Вт: 08:00-22:00; Ср: 08:00-22:00; Чт: 08:00-22:00; Пт: 08:00-22:00; Сб: 08:00-22:00; Вс: 08:00-22:00,+05:00,5.0,10,87712822917,,,,,,,https://instagram.com/qazaqparfum,,,,https://wa.me/77712822917,,,,,,,,43.244245,76.87688,https://2gis.com/firm/70000001081108357,branch
Qazyna Beauty,магазин косметики,Косметика и парфюмерия,"улица Пушкина, 84",1 этаж,050010,,Медеуский район,Алматы,,Алматы,Казахстан,Пн: 10:00-20:00; Вт: 10:00-20:00; Ср: 10:00-20:00; Чт: 10:00-20:00; Пт: 10:00-20:00; Сб: 10:00-20:00; Вс: 10:00-20:00,+05:00,4.8,56,87475857030,,,,,,,https://instagram.com/qazyna_beauty,,,,https://wa.me/77475857030,,,,,,,,43.249491,76.954583,https://2gis.com/firm/70000001046992544,branch
Qupiya 69,магазин интимных товаров,Косметика и парфюмерия; Эротические товары; Нижнее бельё; Купальники; Бижутерия,"микрорайон Шугыла, 340/4 к1",цокольный этаж,050000,Шугыла м-н,Наурызбайский район,Алматы,,Алматы,Казахстан,Пн: 13:00-21:30; Вт: 13:00-21:30; Ср: 13:00-21:30; Чт: 13:00-21:30; Пт: 13:00-21:30; Сб: 13:00-21:30; Вс: 13:00-21:30,+05:00,4.9,8,87774194896,,,,,,,https://instagram.com/qupiya69,,,,https://wa.me/77774194896,,,,https://t.me/+9nrnzvie_yI3MTE6,,,,43.208011,76.790933,https://2gis.com/firm/70000001088173418,branch
Qur Boom skin,магазин косметики,Косметика и парфюмерия,"улица Титова, 10/1",1 бутик,040700,,,,Илийский район,Алматинская область,Казахстан,Пн: 10:00-19:00; Вт: 10:00-19:00; Ср: 10:00-19:00; Чт: 10:00-19:00; Пт: 10:00-19:00; Сб: 10:00-19:00; Вс: 10:00-19:00,+05:00,4.8,60,87750499939,,,,,,,https://instagram.com/qurboom.skin,,,,https://wa.me/77005288842,,,,,,,,43.41568,77.017848,https://2gis.com/firm/70000001056991884,branch
Rich Aroma,​​магазин по продаже парфюмерии,Косметика и парфюмерия,"проспект Суюнбая, 2 к3",1 этаж,050016,,Жетысуский район,Алматы,,Алматы,Казахстан,Пн: 09:00-21:00; Вт: 09:00-21:00; Ср: 09:00-21:00; Чт: 09:00-21:00; Пт: 09:00-21:00; Сб: 09:00-21:00; Вс: 09:00-21:00,+05:00,5.0,5,87026757595,87078296584,,,,,,https://instagram.com/richaroma_kz,,,,,,,,,,,,43.271187,76.949752,https://2gis.com/firm/70000001105224867,branch
Rich Aroma,​​магазин по продаже парфюмерии,Косметика и парфюмерия,"проспект Турара Рыскулова, 103/3",1 этаж,050061,,Алатауский район,Алматы,,Алматы,Казахстан,Пн: 10:00-20:00; Вт: 10:00-20:00; Ср: 10:00-20:00; Чт: 10:00-20:00; Пт: 10:00-20:00; Сб: 10:00-20:00; Вс: 10:00-20:00,+05:00,4.9,15,87071092992,,,,,,,https://instagram.com/richaroma_kz,,,,https://wa.me/77071092992,,,,,,,,43.266973,76.869835,https://2gis.com/firm/70000001067930139,branch
Rich Aroma,​​магазин по продаже парфюмерии,Косметика и парфюмерия; Ароматовары,"8-й микрорайон, 37/1",1 этаж,050006,8-й м-н,Ауэзовский район,Алматы,,Алматы,Казахстан,Пн: 10:00-22:00; Вт: 10:00-22:00; Ср: 10:00-22:00; Чт: 10:00-22:00; Пт: 10:00-22:00; Сб: 10:00-22:00; Вс: 10:00-22:00,+05:00,4.9,23,87058604093,,,,,,,https://instagram.com/richaroma_ala,,,,https://wa.me/77058604093,https://wa.me/77009811655,,,,,,,43.227525,76.864166,https://2gis.com/firm/70000001062847891,branch
Rich Aroma,​​магазин по продаже парфюмерии,Косметика и парфюмерия; Ароматовары,"улица Макатаева, 127/1",2 этаж,050000,,Алмалинский район,Алматы,,Алматы,Казахстан,Пн: 10:00-22:00; Вт: 10:00-22:00; Ср: 10:00-22:00; Чт: 10:00-22:00; Пт: 10:00-22:00; Сб: 10:00-22:00; Вс: 10:00-22:00,+05:00,4.5,11,87471208166,,,,,,,https://instagram.com/richaroma_ata,,,,https://wa.me/77471208166,,,,,,,,43.263707,76.929733,https://2gis.com/firm/70000001061447406,branch
Rinaru,магазин одежды для семьи,Косметика и парфюмерия; Женская одежда; Детская одежда; Мужская одежда; Нижнее бельё,"проспект Райымбека, 590/10",1 этаж,050000,,Наурызбайский район,Алматы,,Алматы,Казахстан,Пн: 09:00-11:00; Вт: 09:00-11:00; Ср: 09:00-11:00; Чт: 09:00-11:00; Пт: 09:00-11:00; Сб: 09:00-11:00; Вс: 09:00-11:00,+05:00,4.7,5,87085721361,,,,,,,https://instagram.com/rinaru_181392,,,,https://wa.me/77085721361,,,,,,,,43.229645,76.783754,https://2gis.com/firm/70000001103849680,branch
Royal Perfume Collection,магазин парфюмерии,Косметика и парфюмерия,"микрорайон Жетысу-3, 1г",,050063,Жетысу-3 м-н,Ауэзовский район,Алматы,,Алматы,Казахстан,Пн: 10:00-02:00; Вт: 10:00-02:00; Ср: 10:00-02:00; Чт: 10:00-02:00; Пт: 10:00-02:00; Сб: 10:00-02:00; Вс: 10:00-02:00 (по предварительной записи),+05:00,5.0,85,87078929492,,,,,,,,,,,,,,,,,,,43.218293,76.843127,https://2gis.com/firm/70000001064249217,branch
Rozetka,киоск по продаже аксессуаров для сотовых телефонов,Косметика и парфюмерия; Аксессуары к телефонам; Ремонт телефонов; Мобильные телефоны,"улица Постышева, 62",,050028,,Жетысуский район,Алматы,,Алматы,Казахстан,Пн: 10:00-22:00; Вт: 10:00-22:00; Ср: 10:00-22:00; Чт: 10:00-22:00; Пт: 10:00-22:00; Сб: 10:00-22:00; Вс: 10:00-22:00,+05:00,5.0,13,87074329044,,,,,,,,,,,https://wa.me/77074329044,,,,,,,,43.358154,76.931426,https://2gis.com/firm/70000001100843945,branch
Rubin,магазин,Косметика и парфюмерия; Мобильные телефоны; Бытовая техника; Ремонт телефонов; Копировальные услуги,"улица Альмерек Абыз, 47",,040447,,,,Енбекшиказахский район,Алматинская область,Казахстан,Пн: 08:00-21:00; Вт: 08:00-21:00; Ср: 08:00-21:00; Чт: 08:00-21:00; Пт: 08:00-21:00; Сб: 08:00-21:00; Вс: 08:00-21:00,+05:00,4.6,26,87051110522,87476718787,87775155541,,,,,https://instagram.com/rubin_baiterek,,,,https://wa.me/77051110522,https://wa.me/77059542487,https://wa.me/77775155541,,,,,,43.404742,77.220571,https://2gis.com/firm/70000001076575873,branch
S_parfum_issyk_,магазин парфюмерии,Косметика и парфюмерия,"улица Ауэзова, 87",,,,,Есик,Енбекшиказахский район,Алматинская область,Казахстан,Пн: 10:00-20:00; Вт: 10:00-20:00; Ср: 10:00-20:00; Чт: 10:00-20:00; Пт: 10:00-20:00; Сб: 10:00-20:00; Вс: 10:00-20:00,+05:00,5.0,11,87478181747,,,,,,,https://instagram.com/s_parfum_issyk_,,,,,,,,,,,,43.354627,77.46098,https://2gis.com/firm/70000001093378471,branch
S’tetic,магазин косметики,Косметика и парфюмерия,"улица Кабанбай батыра, 65",,050010,,Медеуский район,Алматы,,Алматы,Казахстан,Пн: 10:00-21:00; Вт: 10:00-21:00; Ср: 10:00-21:00; Чт: 10:00-21:00; Пт: 10:00-21:00; Сб: 10:00-21:00; Вс: 10:00-21:00,+05:00,4.9,23,87074940608,,,,,,,https://instagram.com/s.tetic_,,,,,,,,,,,,43.250636,76.955353,https://2gis.com/firm/70000001075930200,branch
Sadu.perfume,,Косметика и парфюмерия,"8-й микрорайон, 37/1",цокольный этаж,050006,8-й м-н,Ауэзовский район,Алматы,,Алматы,Казахстан,Пн: 10:00-22:00; Вт: 10:00-22:00; Ср: 10:00-22:00; Чт: 10:00-22:00; Пт: 10:00-22:00; Сб: 10:00-22:00; Вс: 10:00-22:00,+05:00,5.0,5,87479981899,,,,,,,https://instagram.com/sadu.perfume,,,,https://wa.me/77479981899,,,,,,,,43.227703,76.864514,https://2gis.com/firm/70000001113434964,branch
Safiya Distribution,оптовый склад Корейской и Европейской косметики,Косметика и парфюмерия,"Едила Ергожина улица, 1 блок Б",цокольный этаж,050060,,Бостандыкский район,Алматы,,Алматы,Казахстан,Пн: 10:00-19:00; Вт: 10:00-19:00; Ср: 10:00-19:00; Чт: 10:00-19:00; Пт: 10:00-19:00; Сб: 10:00-15:00,+05:00,4.9,5,87714444491,,,,,,,https://instagram.com/beauty_by_safiya,,,,https://wa.me/77714444491,,,,,,,,43.206732,76.912631,https://2gis.com/firm/70000001087729549,branch
Sayori,магазин косметики,Косметика и парфюмерия,"проспект Достык, 40",1 этаж,050010,,Медеуский район,Алматы,,Алматы,Казахстан,Пн: 11:00-20:00; Вт: 11:00-20:00; Ср: 11:00-20:00; Чт: 11:00-20:00; Пт: 11:00-20:00; Сб: 11:00-20:00; Вс: 11:00-20:00,+05:00,5.0,72,87081063774,,,,,,,https://instagram.com/sayori_kz,,,,https://wa.me/77081063774,,,,,,,,43.251334,76.956303,https://2gis.com/firm/70000001043604506,branch
Scent Room,магазин парфюмерии,Косметика и парфюмерия; Ароматовары,"улица Кунаева, 135",1 этаж,050010,,Медеуский район,Алматы,,Алматы,Казахстан,Пн: 11:00-20:00; Вт: 11:00-20:00; Ср: 11:00-20:00; Чт: 11:00-20:00; Пт: 11:00-20:00; Сб: 11:00-20:00; Вс: 11:00-20:00,+05:00,5.0,18,87473858080,,,,,,,https://instagram.com/scentroom.kz,,,,https://wa.me/77473858080,,,,,,,,43.24883,76.950688,https://2gis.com/firm/70000001046912657,branch
SecretSkin,магазин уходовой корейской косметики,Косметика и парфюмерия,"улица Наурызбай батыра, 127 блок 2",цокольный этаж,050013,Керемет м-н,Бостандыкский район,Алматы,,Алматы,Казахстан,Пн: 10:30-19:00; Вт: 10:30-19:00; Ср: 10:30-19:00; Чт: 10:30-19:00; Пт: 10:30-19:00; Сб: 10:30-19:00; Вс: 10:30-19:00,+05:00,5.0,5,87777234630,87778555058,,,,,,https://instagram.com/secretskin.kz,,,,https://wa.me/77777234630,https://wa.me/77778555058,,,,,,,43.236607,76.938296,https://2gis.com/firm/70000001101319556,branch
Sen sulu,магазин женской косметики,Косметика и парфюмерия; Бижутерия; Сумки и кожгалантерея,"улица Биржан Сала, 57/61",1 этаж,040000,,,Талдыкорган,Талдыкорган городская администрация,Жетысу область,Казахстан,Пн: 10:00-18:00; Вт: 10:00-18:00; Ср: 10:00-18:00; Чт: 10:00-18:00; Пт: 10:00-18:00; Сб: 10:00-18:00; Вс: 10:00-18:00,+05:00,1.8,6,87754005736,,,,,,,https://instagram.com/sensulu_tdk,,,,https://wa.me/77754005736,,,,,,,,45.018674,78.377832,https://2gis.com/firm/70000001110516255,branch
Senin Beinen,магазин корейской косметики,Косметика и парфюмерия,"улица Жанкожа батыра, 49",,050065,Шанырак-2 м-н,Алатауский район,Алматы,,Алматы,Казахстан,Пн: 10:00-21:00; Вт: 10:00-21:00; Ср: 10:00-21:00; Чт: 10:00-21:00; Пт: 10:00-21:00; Сб: 10:00-21:00; Вс: 10:00-21:00,+05:00,5.0,48,87086831728,87089316946,,,,,,https://instagram.com/senin.beinenn,,,,https://wa.me/77086831728,https://wa.me/77089316946,,,,,,,43.286537,76.850196,https://2gis.com/firm/70000001080321663,branch
Seoul Korean cosmetics,,Косметика и парфюмерия,"проспект Абылай хана, 225/3",,040901,,,Каскелен,Карасайский район,Алматинская область,Казахстан,Пн: 10:00-22:00; Вт: 10:00-22:00; Ср: 10:00-22:00; Чт: 10:00-22:00; Пт: 10:00-22:00; Сб: 10:00-22:00; Вс: 10:00-22:00,+05:00,4.6,26,87083544632,,,,,,,https://instagram.com/seoul.cosmetics.kz,,,,https://wa.me/77083544632,,,,,,,,43.202943,76.619445,https://2gis.com/firm/70000001054569582,branch
Seoul shop almaty,магазин корейских товаров,Косметика и парфюмерия; Быстрое питание,"Ташкентский тракт, 17к",1 этаж,040916,,,Алматы,Карасайский район,Алматы,Казахстан,Пн: 10:00-22:00; Вт: 10:00-22:00; Ср: 10:00-22:00; Чт: 10:00-22:00; Пт: 10:00-22:00; Сб: 10:00-22:00; Вс: 10:00-22:00,+05:00,4.9,75,87784205095,87762127771,,,,,,https://instagram.com/seoul_shop_almaty_,,,,https://wa.me/77762127771,https://wa.me/77784205095,,,,,,,43.235395,76.777722,https://2gis.com/firm/70000001105082700,branch
Seoul shop almaty,магазин корейских товаров,Косметика и парфюмерия; Продукты быстрого приготовления,"Ораза Жандосова улица, 83",цокольный этаж,050052,,Ауэзовский район,Алматы,,Алматы,Казахстан,Пн: 10:00-22:00; Вт: 10:00-22:00; Ср: 10:00-22:00; Чт: 10:00-22:00; Пт: 10:00-22:00; Сб: 10:00-22:00; Вс: 10:00-22:00,+05:00,4.8,85,87784205095,87762127771,,,,,,https://instagram.com/seoul_shop_almaty,,,,https://wa.me/77784205095,https://wa.me/77762127771,,,,,,,43.207642,76.85912,https://2gis.com/firm/70000001081140314,branch
Shopping Qonaev,магазин,Косметика и парфюмерия; Сумки и кожгалантерея; Женская одежда; БАДы,"3-й микрорайон, 42",1 этаж,040803,3-й м-н,,Конаев,Конаев городская администрация,Алматинская область,Казахстан,Пн: 10:00-18:00; Вт: 10:00-18:00; Ср: 10:00-18:00; Чт: 10:00-18:00; Пт: 10:00-18:00; Сб: 10:00-18:00; Вс: 10:00-18:00,+05:00,4.9,7,87479772434,87073387686,,,,,,https://instagram.com/shopping_qonaev,,,,https://wa.me/77479772434,,,,,,,,43.849896,77.055533,https://2gis.com/firm/70000001052071672,branch
Siam beauty,бутик косметики и парфюмерии,Косметика и парфюмерия,"улица Кунаева, 21",АG-02 бутик; цокольный этаж,050016,,Медеуский район,Алматы,,Алматы,Казахстан,Пн: 10:00-21:00; Вт: 10:00-21:00; Ср: 10:00-21:00; Чт: 10:00-21:00; Пт: 10:00-21:00; Сб: 10:00-21:00; Вс: 10:00-21:00,+05:00,4.4,7,87472893989,,,,,,,https://instagram.com/siam___beauty,,,,https://wa.me/77472893989,,,,,,,,43.267329,76.947739,https://2gis.com/firm/70000001038752745,branch
Siberian Wellness,магазин,Косметика и парфюмерия; БАДы,"улица Ырысты, 46/4",55 бутик; 1 этаж,050061,,Алатауский район,Алматы,,Алматы,Казахстан,Пн: 10:00-22:00; Вт: 10:00-22:00; Ср: 10:00-22:00; Чт: 10:00-22:00; Пт: 10:00-22:00; Сб: 10:00-22:00; Вс: 10:00-22:00 (по предварительному звонку),+05:00,5.0,19,87074301620,87751005141,,,,,,,,,,https://wa.me/77074301620,,,,,,,,43.261157,76.851445,https://2gis.com/firm/70000001099413069,branch
Siberian Wellness,магазин,Косметика и парфюмерия; БАДы,"микрорайон Аксай-4, 70Б",7 бутик; 2 этаж,050063,Аксай-4 м-н,Ауэзовский район,Алматы,,Алматы,Казахстан,Пн: 11:00-20:00; Вт: 11:00-20:00; Ср: 11:00-20:00; Чт: 11:00-20:00; Пт: 11:00-20:00; Сб: 11:00-20:00,+05:00,4.7,24,87760562796,87765356967,,,,,,https://instagram.com/siberian_wellnessenk,,,,https://wa.me/77765356967,,,,,,,,43.225887,76.840753,https://2gis.com/firm/70000001069902253,branch
Siberian Wellness,флагманский магазин,Косметика и парфюмерия; БАДы; Средства гигиены; Спортивное питание,"Монтажная улица, 29",1 кабинет; 2 этаж,050054,,Турксибский район,Алматы,,Алматы,Казахстан,Пн: 09:00-20:00; Вт: 09:00-20:00; Ср: 09:00-20:00; Чт: 09:00-20:00; Пт: 09:00-20:00; Сб: 09:00-20:00,+05:00,5.0,9,87076602081,,,,,,,,,,,,,,,https://t.me/sw_almaty_livestore,,,,43.335577,76.982292,https://2gis.com/firm/70000001110627858,branch
SkinCare,магазин косметики,Косметика и парфюмерия; Носки и колготки,"улица Жолдасбекова, 9а",1 этаж,050051,Самал-1 м-н,Медеуский район,Алматы,,Алматы,Казахстан,Пн: 10:00-21:00; Вт: 10:00-21:00; Ср: 10:00-21:00; Чт: 10:00-21:00; Пт: 10:00-21:00; Сб: 10:00-21:00; Вс: 10:00-21:00,+05:00,5.0,41,87026473233,,,,,,,https://instagram.com/skincare.topbrands,,,,https://wa.me/77026473233,,,,,,,,43.2346,76.955643,https://2gis.com/firm/70000001029864204,branch
Skynnys Kaskelen,магазин косметики,Косметика и парфюмерия,"улица Макашева, 1а",4 кабинет; 2 этаж,040900,,,Каскелен,Карасайский район,Алматинская область,Казахстан,Вт: 10:00-20:00; Ср: 10:00-20:00; Чт: 10:00-20:00; Пт: 10:00-20:00; Сб: 10:00-20:00; Вс: 10:00-20:00 (по предварительной записи),+05:00,4.5,8,87082930501,,,,,,,,,,,https://wa.me/77082930501,,,,,,,,43.209872,76.617282,https://2gis.com/firm/70000001086882299,branch
Sofiaroma perfume,бутик парфюмерии,Косметика и парфюмерия,"микрорайон Аксай-5, 25",9А бутик; 1 этаж,050063,Аксай-5 м-н,Ауэзовский район,Алматы,,Алматы,Казахстан,Пн: 10:00-20:00; Вт: 10:00-20:00; Ср: 10:00-20:00; Чт: 10:00-20:00; Пт: 10:00-20:00; Сб: 10:00-20:00; Вс: 10:00-20:00,+05:00,5.0,51,87476010339,,,,,,,https://instagram.com/sofiaroma.perfume,,,,https://wa.me/77476010339,,,,,,,,43.231815,76.832296,https://2gis.com/firm/70000001091488826,branch
Solido,бутик парфюмерии и аксессуаров,Косметика и парфюмерия; Сумки и кожгалантерея; Бижутерия; Часы,"улица Каныша Сатпаева, 90",2 этаж,050046,,Бостандыкский район,Алматы,,Алматы,Казахстан,Пн: 10:00-22:00; Вт: 10:00-22:00; Ср: 10:00-22:00; Чт: 10:00-22:00; Пт: 10:00-22:00; Сб: 10:00-22:00; Вс: 10:00-22:00,+05:00,5.0,8,87779109522,,,,,,,https://instagram.com/sevaraadk,,,,https://wa.me/77779109522,,,,,,,,43.233137,76.879586,https://2gis.com/firm/70000001035143832,branch
Stargem,магазин корейской косметики,Косметика и парфюмерия; Игрушки; Подарочная упаковка,"улица Рихарда Зорге, 18",A-065 бутик; 1 этаж,050011,,Турксибский район,Алматы,,Алматы,Казахстан,Пн: 10:00-22:00; Вт: 10:00-22:00; Ср: 10:00-22:00; Чт: 10:00-22:00; Пт: 10:00-22:00; Сб: 10:00-22:00; Вс: 10:00-22:00,+05:00,4.5,41,87075679888,87076067888,87071668888 (отдел продаж: пн-вс 9:30-22:00),,,,,https://instagram.com/stargeem_kz,,,,https://wa.me/77075679888,,,,https://t.me/stargem_kz,,,,43.336694,76.955057,https://2gis.com/firm/70000001043246266,branch
Stars Perfume,бутик парфюмерии,Косметика и парфюмерия,"микрорайон Жетысу-1, 40",1 этаж,050063,Жетысу-1 м-н,Ауэзовский район,Алматы,,Алматы,Казахстан,Пн: 10:00-20:00; Вт: 10:00-20:00; Ср: 10:00-20:00; Чт: 10:00-20:00; Пт: 10:00-20:00; Сб: 10:00-20:00; Вс: 10:00-20:00,+05:00,5.0,6,87716467788,,,,,,,https://instagram.com/stars_perfume05,,,,https://wa.me/77716467788,,,,,,,,43.219168,76.838924,https://2gis.com/firm/70000001039702959,branch
Stenders,бутик натуральной косметики,Косметика и парфюмерия; Средства гигиены; Косметика ручной работы; Аксессуары для ванных комнат,"Халиуллина улица, 66 корпус З",202 офис; 2 этаж,050019,,Медеуский район,Алматы,,Алматы,Казахстан,Пн: 10:00-19:00; Вт: 10:00-19:00; Ср: 10:00-19:00; Чт: 10:00-19:00; Пт: 10:00-19:00,+05:00,4.4,8,87076886628 (единая справочная: пн-вс 10:00-22:00),87078221630,,,,,,https://instagram.com/stenders_almaty,,,,https://wa.me/77078221630,https://wa.me/77076886628,,,,,,,43.284834,76.982866,https://2gis.com/firm/70000001036466274,branch
Steppe aroma,бутик парфюмерии,Косметика и парфюмерия,"проспект Суюнбая, 2 к3",2 этаж,050016,,Жетысуский район,Алматы,,Алматы,Казахстан,Пн: 10:00-21:00; Вт: 10:00-21:00; Ср: 10:00-21:00; Чт: 10:00-21:00; Пт: 10:00-21:00; Сб: 10:00-21:00; Вс: 10:00-21:00,+05:00,3.7,5,87071605443,87762050515,,,,,,https://instagram.com/steppe_aroma,,,,https://wa.me/77071605443,,,,,,,,43.271264,76.949229,https://2gis.com/firm/70000001093556213,branch
Steppe aroma,бутик парфюмерии,Косметика и парфюмерия,"Кабдолова улица, 1/4",6 блок; напротив магазина Miniso,050062,,Ауэзовский район,Алматы,,Алматы,Казахстан,Пн: 10:00-22:00; Вт: 10:00-22:00; Ср: 10:00-22:00; Чт: 10:00-22:00; Пт: 10:00-22:00; Сб: 10:00-22:00; Вс: 10:00-22:00,+05:00,3.2,13,87762050515,87071605443,,,,,,https://instagram.com/steppe_aroma,,,,https://wa.me/77071605443,,,,,,,,43.23757,76.849675,https://2gis.com/firm/70000001058713053,branch
SugarLife,магазин косметики,Косметика и парфюмерия,"проспект Райымбека, 169а",214 кабинет; 2 этаж,050050,,Жетысуский район,Алматы,,Алматы,Казахстан,Пн: 10:00-18:00; Вт: 10:00-18:00; Ср: 10:00-18:00; Чт: 10:00-18:00; Пт: 10:00-18:00; Сб: 10:00-18:00 (по предварительному звонку: пн),+05:00,5.0,5,87478043244,87009732020,,,,,,https://instagram.com/kudryashka_sugar_shop,,,,https://wa.me/77478043244,,,,,,,,43.269922,76.932768,https://2gis.com/firm/70000001057724081,branch
Sultan,магазин канцелярских товаров,Косметика и парфюмерия; Канцтовары; Аксессуары к телефонам; Копировальные услуги; Игрушки,"микрорайон Жетысу, 2",,40009,Жетысу м-н,,Талдыкорган,Талдыкорган городская администрация,Жетысу область,Казахстан,Пн: 10:00-19:00; Вт: 10:00-19:00; Ср: 10:00-19:00; Чт: 10:00-19:00; Пт: 10:00-19:00; Сб: 10:00-19:00; Вс: 10:00-19:00,+05:00,4.3,10,87773823545,,,,,,,https://instagram.com/sultan_magazin_tdk,,,,https://wa.me/77773823545,,,,,,,,45.014049,78.348086,https://2gis.com/firm/70000001080435065,branch
Sultan Market,магазин товаров для дома,Косметика и парфюмерия; Хозтовары; Бытовая химия; Посуда; Средства гигиены,"Кульджинский тракт, 88/3",,041615,,,,Талгарский район,Алматинская область,Казахстан,Пн: 09:00-20:00; Вт: 09:00-20:00; Ср: 09:00-20:00; Чт: 09:00-20:00; Пт: 09:00-20:00; Сб: 09:00-20:00; Вс: 09:00-20:00,+05:00,4.5,16,87089793487,,,,,,,,,,,https://wa.me/77089793487,,,,,,,,43.388455,77.122281,https://2gis.com/firm/70000001062882028,branch
Sulu,бутик косметики и парфюмерии,Косметика и парфюмерия,"проспект Абылай хана, 177а",2 этаж; слева от эскалатора,040901,,,Каскелен,Карасайский район,Алматинская область,Казахстан,Пн: 10:00-20:00; Вт: 10:00-20:00; Ср: 10:00-20:00; Чт: 10:00-20:00; Пт: 10:00-20:00; Сб: 10:00-20:00; Вс: 10:00-20:00,+05:00,2.8,8,87074213867,87079074906,,,,,,https://instagram.com/sulu_cosmetics_kaskelen,,,,https://wa.me/77074213867,https://wa.me/77079074906,,,,,,,43.199417,76.629747,https://2gis.com/firm/70000001065203508,branch
Sulus,магазин парфюмерии,Косметика и парфюмерия,"микрорайон Айнабулак-2, 82/4",1 этаж; рядом с магазином Фридом,050014,Айнабулак-2 м-н,Жетысуский район,Алматы,,Алматы,Казахстан,Пн: 10:00-23:00; Вт: 10:00-23:00; Ср: 10:00-23:00; Чт: 10:00-23:00; Пт: 10:00-23:00; Сб: 10:00-23:00; Вс: 10:00-23:00,+05:00,4.9,47,87008111169,,,,,,,https://instagram.com/sulus_kz,,,,https://wa.me/77008111169,,,,,,,,43.319823,76.916512,https://2gis.com/firm/70000001089007914,branch
Symbatty bol,магазин косметики,Косметика и парфюмерия,"улица Ади Шарипова, 145 к2",2 этаж,050022,,Алмалинский район,Алматы,,Алматы,Казахстан,Пн: 11:00-21:00; Вт: 11:00-21:00; Ср: 11:00-21:00; Чт: 11:00-21:00; Пт: 11:00-21:00; Сб: 11:00-21:00; Вс: 11:00-21:00,+05:00,5.0,10,87026140227,,,,,,,https://instagram.com/symbattybol.kz,,,,https://wa.me/77026140227,,,,https://t.me/+77026140227,,,,43.243741,76.923338,https://2gis.com/firm/70000001094717224,branch
Tannur Cosmetics,магазин косметики,Косметика и парфюмерия,"улица Утеген батыра, 17/3",цокольный этаж,050062,,Ауэзовский район,Алматы,,Алматы,Казахстан,"Пн: 08:00-13:00, 14:00-17:00; Вт: 08:00-13:00, 14:00-17:00; Ср: 08:00-13:00, 14:00-17:00; Чт: 08:00-13:00, 14:00-17:00; Пт: 08:00-13:00, 14:00-17:00; Сб: 08:00-14:00",+05:00,4.9,19,87010198989,,,,,,,https://instagram.com/tannur.cosmetics,,,,https://wa.me/77010198989,,,,https://t.me/+77010198988,,,,43.241308,76.855186,https://2gis.com/firm/70000001090735211,branch
Thai_almaty_kz,​магазин тайской косметики,Косметика и парфюмерия,"11-й микрорайон, 27",26 бутик; цокольный этаж,050035,11 м-н,Ауэзовский район,Алматы,,Алматы,Казахстан,Пн: 12:00-17:00; Вт: 12:00-17:00; Ср: 12:00-17:00; Чт: 12:00-17:00; Пт: 12:00-17:00; Сб: 12:00-17:00,+05:00,4.8,9,87052102425,,,,,,,https://instagram.com/thai_almaty_kz,,,,https://wa.me/77052102425,,,,,,,,43.219439,76.873425,https://2gis.com/firm/70000001087632664,branch
The Beauty Store,магазин косметики,Косметика и парфюмерия,"проспект Назарбаева, 226",1 этаж,050059,Самал-2 м-н,Медеуский район,Алматы,,Алматы,Казахстан,Пн: 10:00-22:00; Вт: 10:00-22:00; Ср: 10:00-22:00; Чт: 10:00-22:00; Пт: 10:00-22:00; Сб: 10:00-22:00; Вс: 10:00-22:00,+05:00,4.5,30,87001119636,,,,,,,https://instagram.com/tbs.ala,,,,https://wa.me/77001119636,,,,,,,,43.233006,76.950796,https://2gis.com/firm/70000001068593804,branch
The Best Choice,​интернет-магазин корейской косметики,Косметика и парфюмерия,,,,,,Алматы,,Алматы,Казахстан,Пн: 09:30-17:00; Вт: 09:30-17:00; Ср: 09:30-17:00; Чт: 09:30-17:00; Пт: 09:30-17:00; Сб: 09:30-17:00; Вс: 09:30-17:00,+05:00,4.2,5,87762490000,87003111829,,,,,,https://instagram.com/tbc.kz,,,,https://wa.me/77762490000,https://wa.me/77003111829,,,,,,,,,https://2gis.com/firm/70000001040534266,branch
The House of Fragrance 8,магазин косметики и парфюмерии,Косметика и парфюмерия,"проспект Сейфуллина, 617",мансардный этаж,050013,,Бостандыкский район,Алматы,,Алматы,Казахстан,Пн: 10:00-22:00; Вт: 10:00-22:00; Ср: 10:00-22:00; Чт: 10:00-22:00; Пт: 10:00-22:00; Сб: 10:00-22:00; Вс: 10:00-22:00,+05:00,4.8,30,87786619028,,,,,,,https://instagram.com/thehouseoffragrance.kz,,,,https://wa.me/77786619028,,,,,,,,43.234278,76.935241,https://2gis.com/firm/70000001077145225,branch
The Parff,бутик парфюмерии,Косметика и парфюмерия,"проспект Назарбаева, 226",2 этаж,050059,Самал-2 м-н,Медеуский район,Алматы,,Алматы,Казахстан,Пн: 10:00-22:00; Вт: 10:00-22:00; Ср: 10:00-22:00; Чт: 10:00-22:00; Пт: 10:00-22:00; Сб: 10:00-22:00; Вс: 10:00-22:00,+05:00,3.2,11,87017936666,,,,,,,https://instagram.com/theparff,,,,https://wa.me/77017936666,,,,,,,,43.232961,76.950902,https://2gis.com/firm/70000001077261862,branch
TheVibe perfume,магазин парфюмерии,Косметика и парфюмерия; Аксессуары к телефонам,"улица Толе би, 294",1 этаж,050062,,Ауэзовский район,Алматы,,Алматы,Казахстан,Пн: 10:00-21:00; Вт: 10:00-21:00; Ср: 10:00-21:00; Чт: 10:00-21:00; Пт: 10:00-21:00; Сб: 10:00-21:00; Вс: 10:00-21:00,+05:00,5.0,28,87088660748,,,,,,,https://instagram.com/thevibe_perfume,,,,https://wa.me/77088660748,https://wa.me/77767537623,,,https://t.me/+77088660748,,,,43.245007,76.858231,https://2gis.com/firm/70000001112728453,branch
TianDe,компания по продаже эко-продукции,Косметика и парфюмерия; БАДы,"улица Айтиева, 76",1 этаж,050010,,Алмалинский район,Алматы,,Алматы,Казахстан,Пн: 10:00-19:00; Вт: 10:00-19:00; Ср: 10:00-19:00; Чт: 10:00-19:00; Пт: 10:00-19:00; Сб: 10:00-19:00,+05:00,4.8,17,87025550077,,,,,,,https://instagram.com/tiande.almaty.city,,,,https://wa.me/77025550077,,,,,,,,43.25241,76.904738,https://2gis.com/firm/70000001111553041,branch
Tiande,магазин косметики,Косметика и парфюмерия,"микрорайон Аксай-2, 53",1 этаж,050031,Аксай-2 м-н,Ауэзовский район,Алматы,,Алматы,Казахстан,Пн: 10:00-19:00; Вт: 10:00-19:00; Ср: 10:00-19:00; Чт: 10:00-19:00; Пт: 10:00-19:00; Сб: 11:00-19:00; Вс: 11:00-19:00,+05:00,5.0,20,87778333255,,,,,,,https://instagram.com/svetlana_tiande,,,,,,,,,,,,43.238345,76.839009,https://2gis.com/firm/70000001104681802,branch
TianDe,магазин косметики,Косметика и парфюмерия,"проспект Абая, 95",,050022,,Алмалинский район,Алматы,,Алматы,Казахстан,Пн: 08:00-18:30; Вт: 08:00-18:30; Ср: 08:00-18:30; Чт: 08:00-18:30; Пт: 08:00-18:30; Сб: 08:00-18:30 (по предварительной записи),+05:00,1.9,6,87026756267,87763314488,,,,,,,,,,https://wa.me/77026756267,https://wa.me/77763314488,,,,,,,43.240868,76.921538,https://2gis.com/firm/70000001075602367,branch
TianDe,торговая компания,Косметика и парфюмерия; Средства гигиены; БАДы,"улица Каныша Сатпаева, 76",1 этаж,050046,,Бостандыкский район,Алматы,,Алматы,Казахстан,Пн: 10:00-20:00; Вт: 10:00-20:00; Ср: 10:00-20:00; Чт: 10:00-20:00; Пт: 10:00-20:00; Сб: 11:00-19:00; Вс: 11:00-19:00,+05:00,4.9,10,87273942555,87752416886,,,,,,https://instagram.com/tiande_viva.kz,,,,https://wa.me/77752416886,,,,,,,,43.234144,76.888114,https://2gis.com/firm/9429940001149590,branch
Toffy Style,магазин аксессуаров,Косметика и парфюмерия; Игрушки; Аниме и косплей товары,"улица Ауэзова, 64",1 этаж,050008,,Алмалинский район,Алматы,,Алматы,Казахстан,Пн: 10:00-20:00; Вт: 10:00-20:00; Ср: 10:00-20:00; Чт: 10:00-20:00; Пт: 10:00-20:00; Сб: 10:00-20:00; Вс: 10:00-20:00,+05:00,5.0,172,87022041951,,,,,,,https://instagram.com/toffystyle,,,,https://wa.me/77022041951,,,,,,,,43.244369,76.903592,https://2gis.com/firm/9429940001503260,branch
Top cut,,Косметика и парфюмерия; Хозтовары; Посуда; Канцтовары,"улица Кабанбай батыра, 57",1 этаж,40000,,,Талдыкорган,Талдыкорган городская администрация,Жетысу область,Казахстан,Пн: 09:00-20:00; Вт: 09:00-20:00; Ср: 09:00-20:00; Чт: 09:00-20:00; Пт: 09:00-20:00; Сб: 10:00-20:00; Вс: 10:00-20:00,+05:00,4.8,14,87757422333,,,,,,,https://instagram.com/topcut_tdk,,,,https://wa.me/77757422333,,,,,,,,45.019562,78.374187,https://2gis.com/firm/70000001103462911,branch
Top Cut,магазин хозяйственных товаров,Косметика и парфюмерия; Бытовая химия; Посуда; Хозтовары,"улица Айтеке би, 21",1 этаж,41600,,,Талгар,Талгарский район,Алматинская область,Казахстан,Пн: 10:00-20:00; Вт: 10:00-20:00; Ср: 10:00-20:00; Чт: 10:00-20:00; Пт: 10:00-20:00; Сб: 10:00-20:00; Вс: 10:00-20:00,+05:00,5.0,5,87476992518,,,,,,,https://instagram.com/Topcut_talgar,,,,https://wa.me/77476992518,,,,,,,,43.306924,77.243849,https://2gis.com/firm/70000001104491771,branch
TS perfume,магазин парфюмерии,Косметика и парфюмерия,"Кульджинский тракт, 106",1 этаж,,,Медеуский район,Алматы,,Алматы,Казахстан,Пн: 10:00-22:00; Вт: 10:00-22:00; Ср: 10:00-22:00; Чт: 10:00-22:00; Пт: 10:00-22:00; Сб: 10:00-22:00; Вс: 10:00-22:00,+05:00,5.0,17,87474096968,,,,,,,https://instagram.com/tsperfume.kz,,,,https://wa.me/77474096968,,,,,,,,43.31381,77.023166,https://2gis.com/firm/70000001099178912,branch
Uhot,магазин косметики,Косметика и парфюмерия,"улица Тимирязева, 38/1",1 этаж,050057,,Бостандыкский район,Алматы,,Алматы,Казахстан,Пн: 09:00-21:00; Вт: 09:00-21:00; Ср: 09:00-21:00; Чт: 09:00-21:00; Пт: 09:00-21:00; Сб: 09:00-21:00; Вс: 09:00-21:00,+05:00,4.9,141,87768981088,,,,,,,https://instagram.com/uhot.ala,,,,https://wa.me/77768981088,,,,,,,,43.225833,76.909332,https://2gis.com/firm/70000001084073284,branch
ukilikyz.brand,компания по продаже лечебной косметики,Косметика и парфюмерия; БАДы; Средства гигиены,"микрорайон Калкаман-2, 8/3",1 этаж,050006,Калкаман м-н,Наурызбайский район,Алматы,,Алматы,Казахстан,Пн: 09:00-19:00; Вт: 09:00-19:00; Ср: 09:00-19:00; Чт: 09:00-19:00; Пт: 09:00-19:00; Сб: 09:00-19:00; Вс: 09:00-19:00,+05:00,4.9,10,87077959999,87081977055,,,,,,,,,,https://wa.me/77081977055,https://wa.me/77077959999,,,,,,,43.227425,76.799009,https://2gis.com/firm/70000001101020693,branch
Umma,магазин нижнего белья и косметики,Косметика и парфюмерия; Нижнее бельё; Носки и колготки; Купальники,"улица Кабанбай батыра, 122",151 офис; цокольный этаж,050000,,Алмалинский район,Алматы,,Алматы,Казахстан,Пн: 10:00-20:00; Вт: 10:00-20:00; Ср: 10:00-20:00; Чт: 10:00-20:00; Пт: 10:00-20:00; Сб: 10:00-20:00; Вс: 10:00-20:00,+05:00,5.0,15,87773202626,,,,,,,https://instagram.com/umma.almaty,,,,https://wa.me/77773202626,,,,,,,,43.249132,76.939975,https://2gis.com/firm/70000001066682311,branch
Unico.kz,магазин,Косметика и парфюмерия; Сувениры; Аниме и косплей товары; Бижутерия; Игрушки,"микрорайон Шугыла, 341/2 к2",1 этаж,050006,Шугыла м-н,Наурызбайский район,Алматы,,Алматы,Казахстан,Пн: 11:00-22:00; Вт: 11:00-22:00; Ср: 11:00-22:00; Чт: 11:00-22:00; Пт: 11:00-22:00; Сб: 11:00-22:00; Вс: 11:00-22:00,+05:00,4.6,113,87759877949,,,,,,,https://instagram.com/uni_co.kz,,,,https://wa.me/77759877949,,,,,,,,43.212818,76.789415,https://2gis.com/firm/70000001084552811,branch
Urban Skin,магазин косметики,Косметика и парфюмерия,"улица Байтурсынова, 95",208 офис; 2 этаж,050022,,Алмалинский район,Алматы,,Алматы,Казахстан,Пн: 09:00-21:00; Вт: 09:00-21:00; Ср: 09:00-21:00; Чт: 09:00-21:00; Пт: 09:00-21:00; Сб: 09:00-21:00; Вс: 09:00-21:00,+05:00,5.0,6,87078291777,,,,,,,https://instagram.com/urban_skin_cosmetology,,,,https://wa.me/77770827587,,,,,,,,43.243544,76.926618,https://2gis.com/firm/70000001096092539,branch
Usma,магазин,Косметика и парфюмерия,"улица Казыбек би, 117",306 кабинет; 3 этаж,050000,,Алмалинский район,Алматы,,Алматы,Казахстан,Пн: 10:00-19:00; Вт: 10:00-19:00; Ср: 10:00-19:00; Чт: 10:00-19:00; Пт: 10:00-19:00; Сб: 10:00-19:00; Вс: 10:00-19:00,+05:00,4.9,74,87007721888,,,,,,,https://instagram.com/usma.kz,,,,https://wa.me/77007721888,,,,,,,,43.255733,76.929377,https://2gis.com/firm/70000001030738316,branch
Velora parfum,магазин парфюмерии,Косметика и парфюмерия,"улица Байтурсынова, 163",1 этаж,050013,,Бостандыкский район,Алматы,,Алматы,Казахстан,Пн: 10:00-20:00; Вт: 10:00-20:00; Ср: 10:00-20:00; Чт: 10:00-20:00; Пт: 10:00-20:00; Сб: 10:00-20:00; Вс: 10:00-20:00,+05:00,4.9,23,87057736970,,,,,,,https://instagram.com/veloraparfum.kz,,,,https://wa.me/77057736970,,,,https://t.me/+77057736970,,,,43.232003,76.933338,https://2gis.com/firm/70000001102520374,branch
Vexes-Parfum,магазин косметики и парфюмерии,Косметика и парфюмерия,"Северное Кольцо шоссе, 9/2",25 бутик; D сектор; 2 этаж,050015,,Жетысуский район,Алматы,,Алматы,Казахстан,Вт: 09:00-17:00; Ср: 09:00-17:00; Чт: 09:00-17:00; Пт: 09:00-17:00; Сб: 09:00-17:00; Вс: 09:00-17:00,+05:00,5.0,8,87071518834,87754824943,,,,,,https://instagram.com/vexes2024,,,,https://wa.me/77071518834,https://wa.me/77754824943,,,,,,,43.287843,76.890246,https://2gis.com/firm/70000001093683006,branch
Viable Global Cellvia,магазин уходовой косметики,Косметика и парфюмерия,"проспект Гагарина, 287/2",1 этаж,050060,,Бостандыкский район,Алматы,,Алматы,Казахстан,Пн: 10:00-19:00; Вт: 10:00-19:00; Ср: 10:00-19:00; Чт: 10:00-19:00; Пт: 10:00-19:00; Сб: 10:00-19:00; Вс: 10:00-19:00,+05:00,5.0,15,87474627940,,,,,,,https://instagram.com/cellvia.official.kz,,,,https://wa.me/77474627940,,,,,,,,43.204199,76.896919,https://2gis.com/firm/70000001102617352,branch
Vikan,корейский магазин,Косметика и парфюмерия; Хозтовары; Продукты быстрого приготовления; Бытовая химия,"улица Сыргабекова, 7/1",,050023,Баганашыл м-н,Бостандыкский район,Алматы,,Алматы,Казахстан,Пн: 11:00-21:30; Вт: 11:00-21:30; Ср: 11:00-21:30; Чт: 11:00-21:30; Пт: 11:00-21:30; Сб: 11:00-21:30; Вс: 11:00-21:30,+05:00,5.0,20,87013319158,87015772038,,,,,,https://instagram.com/koreanmarketvikan,,,,https://wa.me/77013319158,,,,,,,,43.198105,76.912487,https://2gis.com/firm/70000001021263611,branch
VipStore.kz,магазин уходовой косметики,Косметика и парфюмерия,"проспект Сейфуллина, 498/1",33 бутик; цокольный этаж,050012,,Алмалинский район,Алматы,,Алматы,Казахстан,Вт: 09:00-20:00; Ср: 09:00-20:00; Чт: 09:00-20:00; Пт: 09:00-20:00; Сб: 09:00-20:00 (по предварительному звонку),+05:00,4.2,14,87055009911,87088088185,,,,,,,,https://facebook.com/vipstore.kz,,https://wa.me/77088088185,https://wa.me/77055009911,,,,,,,43.251869,76.933281,https://2gis.com/firm/70000001038162955,branch
Vitamins_korekz,магазин корейских витаминов и БАДов,Косметика и парфюмерия; БАДы,"проспект Гагарина, 235",,050060,,Бостандыкский район,Алматы,,Алматы,Казахстан,Пн: 10:00-20:00; Вт: 10:00-20:00; Ср: 10:00-20:00; Чт: 10:00-20:00; Пт: 10:00-20:00; Сб: 10:00-20:00; Вс: 10:00-20:00 (по предварительной записи),+05:00,5.0,33,87771222820,,,,,,,https://instagram.com/vitamins_korekz,,,,https://wa.me/77771222820,,,,,,,,43.210656,76.898036,https://2gis.com/firm/70000001099789697,branch
Vivasan,магазин,Косметика и парфюмерия; БАДы,"улица Гоголя, 180/2",,050026,,Алмалинский район,Алматы,,Алматы,Казахстан,Пн: 10:00-18:00; Вт: 10:00-18:00; Ср: 10:00-18:00; Чт: 10:00-18:00; Пт: 10:00-18:00; Сб: 10:00-15:00,+05:00,4.9,10,87007707057,87772636962,87021353806,,,,,https://instagram.com/vivasan_vitasan_almaty,,https://facebook.com/vikavivasan,,https://wa.me/77772636962,https://wa.me/77007707057,https://wa.me/77021353806,,https://t.me/vivasan_shop,,,,43.256863,76.907634,https://2gis.com/firm/70000001040328720,branch
Vox Parfum,,Косметика и парфюмерия,"улица Щепкина, 35Б",1 этаж,050043,,Бостандыкский район,Алматы,,Алматы,Казахстан,Пн: 10:00-20:00; Вт: 10:00-20:00; Ср: 10:00-20:00; Чт: 10:00-20:00; Пт: 10:00-20:00; Сб: 10:00-20:00; Вс: 10:00-20:00,+05:00,5.0,11,87765058666,,,,,,,https://instagram.com/voxparfum.kz,,,,https://wa.me/77775058666,,,,,,,,43.204833,76.877814,https://2gis.com/firm/70000001104785099,branch
Vox Parfum,,Косметика и парфюмерия,"проспект Жибек Жолы, 50 блок В",1 этаж,050002,,Медеуский район,Алматы,,Алматы,Казахстан,Пн: 10:00-20:00; Вт: 10:00-20:00; Ср: 10:00-20:00; Чт: 10:00-20:00; Пт: 10:00-20:00; Сб: 10:00-20:00; Вс: 10:00-20:00,+05:00,4.5,25,87765058666,,,,,,,https://instagram.com/voxparfum.kz,,,,https://wa.me/77765058666,,,,,,,,43.26193,76.954652,https://2gis.com/firm/70000001094126955,branch
White,магазин по продаже парфюма,Косметика и парфюмерия; Ароматовары,"улица Рихарда Зорге, 18/4",цокольный этаж,050011,,Турксибский район,Алматы,,Алматы,Казахстан,Пн: 10:00-22:00; Вт: 10:00-22:00; Ср: 10:00-22:00; Чт: 10:00-22:00; Пт: 10:00-22:00; Сб: 10:00-22:00; Вс: 10:00-22:00,+05:00,5.0,13,87088467266,,,,,,,https://instagram.com/white_parfume_kz,,,,https://wa.me/77088467266,,,,,,,,43.335539,76.953893,https://2gis.com/firm/70000001091743672,branch
Wishlist skinbar,магазин косметики,Косметика и парфюмерия,"микрорайон Самал-2, 66а",1 этаж,050059,Самал-2 м-н,Медеуский район,Алматы,,Алматы,Казахстан,Пн: 09:00-22:00; Вт: 09:00-22:00; Ср: 09:00-22:00; Чт: 09:00-22:00; Пт: 09:00-22:00; Сб: 09:00-22:00; Вс: 09:00-22:00 (по предварительной записи),+05:00,5.0,5,87029123294,,,,,,,https://instagram.com/wishlist_skinbar,,,,https://wa.me/77029123294,https://wa.me/77017553314,,,,,,,43.231654,76.953206,https://2gis.com/firm/70000001086577447,branch
Yarche,бутик по продаже косметики и аксессуаров для сотовых телефонов,Косметика и парфюмерия; Аксессуары к телефонам,"улица Кабанбай батыра, 58",1 этаж,40000,,,Талдыкорган,Талдыкорган городская администрация,Жетысу область,Казахстан,Пн: 09:00-18:00; Вт: 09:00-18:00; Ср: 09:00-18:00; Чт: 09:00-18:00; Пт: 09:00-18:00; Сб: 09:00-18:00; Вс: 09:00-18:00,+05:00,3.9,7,87774334290,,,,,,,https://instagram.com/yarche.tdk,,,,https://wa.me/77774334290,,,,,,,,45.020285,78.377684,https://2gis.com/firm/70000001094673553,branch
Yersay,компания по продаже косметики,Косметика и парфюмерия; БАДы,"проспект Абылай хана, 12/16",1 этаж,050016,,Жетысуский район,Алматы,,Алматы,Казахстан,Пн: 09:00-18:00; Вт: 09:00-18:00; Ср: 09:00-18:00; Чт: 09:00-18:00; Пт: 09:00-18:00; Сб: 09:00-18:00,+05:00,3.5,18,87474381006,,,,,,,https://instagram.com/gylnar_myrzabekova,,,,https://wa.me/77474381006,,,,,,,,43.271121,76.939668,https://2gis.com/firm/70000001105605095,branch
Yolo_kz,​магазин аниме товаров,Косметика и парфюмерия; Аниме и косплей товары; Бижутерия; Хозтовары; Игрушки,"улица Алтын Орда, 6/9 к1 блок 2",,050000,,Наурызбайский район,Алматы,,Алматы,Казахстан,Пн: 10:00-23:00; Вт: 10:00-23:00; Ср: 10:00-23:00; Чт: 10:00-23:00; Пт: 10:00-23:00; Сб: 10:00-23:00; Вс: 10:00-23:00,+05:00,4.7,38,87783682965,,,,,,,https://instagram.com/yolo_yolo.kz,,,,https://wa.me/77783682965,,,,,,,,43.216997,76.773675,https://2gis.com/firm/70000001082665080,branch
Yomy,магазин детских товаров,Косметика и парфюмерия; Канцтовары; Игрушки; Настольные игры,"улица Радостовца, 333а",,050060,,Бостандыкский район,Алматы,,Алматы,Казахстан,Пн: 10:00-22:00; Вт: 10:00-22:00; Ср: 10:00-22:00; Чт: 10:00-22:00; Пт: 10:00-22:00; Сб: 10:00-22:00; Вс: 10:00-22:00,+05:00,4.9,88,87066500851,,,,,,,https://instagram.com/yomy.kz,,,,https://wa.me/77066500851,,,,,,,,43.20856,76.89591,https://2gis.com/firm/70000001101565798,branch
Yuvee,онлайн-магазин косметики,Косметика и парфюмерия,,,,,,Алматы,,Алматы,Казахстан,Пн: 10:00-20:00; Вт: 10:00-20:00; Ср: 10:00-20:00; Чт: 10:00-20:00; Пт: 10:00-20:00; Сб: 11:00-18:00,+05:00,5.0,11,87022101441,,,,,,,https://instagram.com/yuvee_opt,,,,https://wa.me/77022101441,,,,,,,,,,https://2gis.com/firm/70000001102826502,branch
Yves Rocher,магазин косметики,Косметика и парфюмерия,"улица Каныша Сатпаева, 90",1 этаж; напротив A-store,050046,,Бостандыкский район,Алматы,,Алматы,Казахстан,Пн: 10:00-22:00; Вт: 10:00-22:00; Ср: 10:00-22:00; Чт: 10:00-22:00; Пт: 10:00-22:00; Сб: 10:00-22:00; Вс: 10:00-22:00,+05:00,5.0,56,87714102991,,,,,,,https://instagram.com/yvesrocherkz,,,,,,,,,,,,43.233059,76.878505,https://2gis.com/firm/70000001035143854,branch
Yves Rocher,магазин косметики,Косметика и парфюмерия,"улица Рихарда Зорге, 18/4",1 этаж,050011,,Турксибский район,Алматы,,Алматы,Казахстан,Пн: 10:00-22:00; Вт: 10:00-22:00; Ср: 10:00-22:00; Чт: 10:00-22:00; Пт: 10:00-22:00; Сб: 10:00-22:00; Вс: 10:00-22:00,+05:00,4.9,96,87717190906,,,,,,,https://instagram.com/yvesrocherkz,,,,https://wa.me/77717190906,,,,,,,,43.336217,76.953335,https://2gis.com/firm/70000001034866941,branch
Yves Rocher,магазин косметики,Косметика и парфюмерия,"улица Кабанбай батыра, 122",1 этаж,050000,,Алмалинский район,Алматы,,Алматы,Казахстан,Пн: 10:00-21:00; Вт: 10:00-21:00; Ср: 10:00-21:00; Чт: 10:00-21:00; Пт: 10:00-21:00; Сб: 10:00-21:00; Вс: 10:00-21:00,+05:00,5.0,105,87717190902,,,,,,,https://instagram.com/yvesrocherkz,,,,,,,,,,,,43.249015,76.940189,https://2gis.com/firm/9429940000862245,branch
Yves Rocher,магазин косметики,Косметика и парфюмерия,"улица Розыбакиева, 247а",1 этаж,050060,,Бостандыкский район,Алматы,,Алматы,Казахстан,Пн: 10:00-22:00; Вт: 10:00-22:00; Ср: 10:00-22:00; Чт: 10:00-22:00; Пт: 10:00-22:00; Сб: 10:00-22:00; Вс: 10:00-22:00,+05:00,5.0,93,87717190901,,,,,,,https://instagram.com/yvesrocherkz,,,,https://wa.me/77717190901,,,,,,,,43.202822,76.892352,https://2gis.com/firm/9429940000834030,branch
zam_cosmetic_,магазин косметики,Косметика и парфюмерия; Бижутерия,"улица Яссауи, 68/2",,050063,Достык м-н,Ауэзовский район,Алматы,,Алматы,Казахстан,Пн: 10:00-20:00; Вт: 10:00-20:00; Ср: 10:00-20:00; Чт: 10:00-20:00; Пт: 10:00-20:00; Сб: 10:00-20:00; Вс: 10:00-20:00,+05:00,4.1,7,87073877803,,,,,,,https://instagram.com/zam_cosmetic_,,,,https://wa.me/77073877803,,,,,,,,43.22408,76.828976,https://2gis.com/firm/70000001036097160,branch
Zayn Perfume,,Косметика и парфюмерия,"Северное Кольцо шоссе, 15",1 ряд,050015,,Жетысуский район,Алматы,,Алматы,Казахстан,Вт: 08:00-21:00; Ср: 08:00-21:00; Чт: 08:00-21:00; Пт: 08:00-21:00; Сб: 08:00-21:00; Вс: 08:00-21:00,+05:00,4.9,35,87070205354,,,,,,,https://instagram.com/zayn.perfume,,,,https://wa.me/77070205354,,,,,,,,43.288843,76.891373,https://2gis.com/firm/70000001102008882,branch
Zere,магазин лечебной китайской косметики,Косметика и парфюмерия,"улица Аксай, 1",12 бутик; цокольный этаж,050047,Саялы м-н,Алатауский район,Алматы,,Алматы,Казахстан,"Пн: 09:00-13:00, 14:00-22:00; Вт: 09:00-13:00, 14:00-22:00; Ср: 09:00-13:00, 14:00-22:00; Чт: 09:00-13:00, 14:00-22:00; Пт: 09:00-13:00, 14:00-22:00; Сб: 09:00-13:00, 14:00-22:00; Вс: 09:00-13:00, 14:00-22:00",+05:00,5.0,7,87781462135,,,,,,,https://instagram.com/zere_qz,,,,https://wa.me/77781462135,,,,,,,,43.312922,76.842104,https://2gis.com/firm/70000001104379511,branch
Zf_beauty_cosmetics,магазин косметики,Косметика и парфюмерия,"Северное Кольцо шоссе, 7а",32 бутик; зеленый сектор; цокольный этаж,050058,,Жетысуский район,Алматы,,Алматы,Казахстан,Вт: 09:00-17:00; Ср: 09:00-17:00; Чт: 09:00-17:00; Пт: 09:00-17:00; Сб: 09:00-17:00; Вс: 09:00-17:00,+05:00,3.4,6,87073593405,87077740014,,,,,,https://instagram.com/kosmetika_optom_zara2,,,,https://wa.me/77073593405,https://wa.me/77077740014,,,https://t.me/+77073593405,https://t.me/+77077740014,,,43.28397,76.888646,https://2gis.com/firm/70000001101556555,branch
Zhora market,магазин парфюмерии,Косметика и парфюмерия; Сумки и кожгалантерея,"улица Кунаева, 21",BG-13 бутик; цокольный этаж,050016,,Медеуский район,Алматы,,Алматы,Казахстан,Пн: 10:00-21:00; Вт: 10:00-21:00; Ср: 10:00-21:00; Чт: 10:00-21:00; Пт: 10:00-21:00; Сб: 10:00-21:00; Вс: 10:00-21:00,+05:00,2.6,14,87713584432,,,,,,,https://instagram.com/zhora_market,,,,https://wa.me/77713584432,,,,,,,,43.26725,76.948226,https://2gis.com/firm/70000001093576064,branch
Zion,магазин корейских товаров,Косметика и парфюмерия; Бытовая химия; Продукты быстрого приготовления,"проспект Сейфуллина, 458/1",226 кабинет; 2 этаж,050000,,Алмалинский район,Алматы,,Алматы,Казахстан,Пн: 11:00-18:00; Вт: 11:00-18:00; Ср: 11:00-18:00; Чт: 11:00-18:00; Пт: 11:00-18:00; Сб: 11:00-15:00,+05:00,5.0,6,87017845285,,,,,,,https://instagram.com/zion_kmart,,,,https://wa.me/77017845285,,,,,,,,43.258019,76.932564,https://2gis.com/firm/9429940001532893,branch
ZooPixa,магазин,Косметика и парфюмерия; Зоотовары; Игрушки; Бижутерия,"микрорайон Аксай-3Б, 2",,050031,Аксай-3Б м-н,Ауэзовский район,Алматы,,Алматы,Казахстан,Пн: 11:00-22:00; Вт: 11:00-22:00; Ср: 11:00-22:00; Чт: 11:00-22:00; Пт: 11:00-22:00; Сб: 11:00-22:00; Вс: 11:00-22:00,+05:00,4.6,22,87023685252,87476758690,,,,,,,,,,https://wa.me/77023685252,https://wa.me/77476758690,,,,,,,43.236739,76.823247,https://2gis.com/firm/70000001097315137,branch
Ай-Хан,​магазин хозяйственных товаров,Косметика и парфюмерия; Канцтовары; Игрушки; Домашний текстиль; Посуда,"микрорайон Зердели, 1/38",цокольный этаж,050038,Зерделі м-н,Алатауский район,Алматы,,Алматы,Казахстан,Пн: 09:00-23:00; Вт: 09:00-23:00; Ср: 09:00-23:00; Чт: 09:00-23:00; Пт: 09:00-23:00; Сб: 09:00-23:00; Вс: 09:00-23:00,+05:00,4.5,17,87073890109,,,,,,,https://instagram.com/zerdeli_hoz,,,,https://wa.me/77073890109,,,,,,,,43.278412,76.820653,https://2gis.com/firm/70000001083416586,branch
Активная,​магазин красоты и ухода,Косметика и парфюмерия,"3-й микрорайон, 6",1 этаж,040803,3-й м-н,,Конаев,Конаев городская администрация,Алматинская область,Казахстан,Пн: 09:00-20:00; Вт: 09:00-20:00; Ср: 09:00-20:00; Чт: 09:00-20:00; Пт: 09:00-20:00; Сб: 09:00-20:00; Вс: 09:00-20:00,+05:00,4.9,17,87085812402,,,,,,,https://instagram.com/magazin_aktivnaya,,,,https://wa.me/77085812402,,,,,,,,43.852659,77.056393,https://2gis.com/firm/70000001061272128,branch
Амелия,магазин косметики,Косметика и парфюмерия,"3-й микрорайон, 6",,040803,3-й м-н,,Конаев,Конаев городская администрация,Алматинская область,Казахстан,Пн: 09:00-20:00; Вт: 09:00-20:00; Ср: 09:00-20:00; Чт: 09:00-20:00; Пт: 09:00-20:00; Сб: 09:00-20:00; Вс: 09:00-20:00,+05:00,5.0,10,87085812402,,,,,,,https://instagram.com/amelia_store_konaev,,,,https://wa.me/77085812402,,,,,,,,43.852573,77.056365,https://2gis.com/firm/70000001074909647,branch
Атоми,магазин корейских товаров,Косметика и парфюмерия; БАДы; Бытовая химия; Средства гигиены; Фитопродукция,"микрорайон Аксай-3, 5/1",24 бутик; цокольный этаж,050031,Аксай-3 м-н,Ауэзовский район,Алматы,,Алматы,Казахстан,Пн: 12:00-17:00; Вт: 12:00-17:00; Ср: 12:00-17:00; Чт: 12:00-17:00; Пт: 12:00-17:00; Сб: 12:00-17:00,+05:00,4.7,6,87052591774,87009895634,,,,,,https://instagram.com/almaty_aksay_atomy,,,,https://wa.me/77052591774,,,,,,,,43.238563,76.829435,https://2gis.com/firm/70000001080078040,branch
Атоми,магазин по продаже косметики,Косметика и парфюмерия; БАДы; Бытовая химия; Средства гигиены; Фитопродукция,"проспект Жибек Жолы, 50 блок С",10 бутик; 1 этаж,050002,,Медеуский район,Алматы,,Алматы,Казахстан,Пн: 10:00-20:00; Вт: 10:00-20:00; Ср: 10:00-20:00; Чт: 10:00-20:00; Пт: 10:00-20:00; Сб: 10:00-20:00; Вс: 10:00-20:00,+05:00,5.0,7,87018831042,,,,,,,https://instagram.com/tansholpan_aliaskar,,,,https://wa.me/77018831042,,,,,,,,43.261324,76.954771,https://2gis.com/firm/70000001088457339,branch
Атоми Абсолют,интернет-магазин корейских товаров,Косметика и парфюмерия; Средства гигиены; БАДы; Бытовая химия,"улица Толе би, 83",15 офис; 6 этаж,050012,,Алмалинский район,Алматы,,Алматы,Казахстан,Пн: 13:00-17:00; Вт: 13:00-17:00; Ср: 13:00-17:00; Чт: 13:00-17:00; Пт: 13:00-17:00,+05:00,4.6,9,87471107202,,,,,,,https://instagram.com/atomy_absolute__,,,,https://wa.me/77471107202,,,,,,,,43.254297,76.931669,https://2gis.com/firm/70000001055189898,branch
Атоми Алматы-Лайф,образовательный центр,Косметика и парфюмерия; БАДы; Бытовая химия; Продукты быстрого приготовления; Средства гигиены,"проспект Назарбаева, 135",1 этаж,050000,,Алмалинский район,Алматы,,Алматы,Казахстан,Пн: 11:30-18:00; Вт: 11:30-18:00; Ср: 11:30-18:00; Чт: 11:30-18:00; Пт: 11:30-18:00; Сб: 11:00-15:00,+05:00,4.4,7,87012228761,87077185474,,,,,,https://instagram.com/atomy.almaty.life,,,,https://wa.me/77012228761,,,viber://chat/?number=77012228761,https://t.me/+77012228761,,,,43.251254,76.94685,https://2gis.com/firm/70000001051371458,branch
Атоми Арман Комфорт,интернет-магазин корейских эко-товаров,Косметика и парфюмерия; БАДы; Хозтовары; Бытовая химия,"проспект Гагарина, 309",353 офис; цокольный этаж,050060,,Бостандыкский район,Алматы,,Алматы,Казахстан,Пн: 12:00-17:00; Вт: 12:00-17:00; Ср: 12:00-17:00; Чт: 12:00-17:00; Пт: 12:00-17:00; Сб: 12:00-17:00 (по предварительному звонку),+05:00,5.0,16,87013918769,,,,,,,https://instagram.com/atomnayana2,,,,https://wa.me/77013918769,,,,,,,,43.2032,76.898588,https://2gis.com/firm/70000001082551967,branch
Атоми-Алматы-Арман-Стар,центр южно-корейской продукции,Косметика и парфюмерия; Средства гигиены; БАДы; Хозтовары,"улица Кунаева, 49",1 этаж,050004,,Медеуский район,Алматы,,Алматы,Казахстан,Пн: 11:00-19:00; Вт: 11:00-19:00; Ср: 11:00-19:00; Чт: 11:00-19:00; Пт: 11:00-19:00; Сб: 11:00-19:00,+05:00,4.3,12,87058713147,87073130218,,,,,,https://instagram.com/altyngul120,,https://facebook.com/atomikakorea,,https://wa.me/77058713147,https://wa.me/77073130218,,,,,,https://youtube.com/channel/UCK7Bm6qWvjglzv6oEV2qNJA,43.26208,76.948531,https://2gis.com/firm/70000001045805369,branch
Атоми-Лайф-Мега,магазин корейских товаров,Косметика и парфюмерия; БАДы; Бытовая химия; Средства гигиены,"улица Тимирязева, 48",8 офис,050060,,Бостандыкский район,Алматы,,Алматы,Казахстан,Пн: 11:00-17:00; Вт: 11:00-17:00; Ср: 11:00-17:00; Чт: 11:00-17:00; Пт: 11:00-17:00; Сб: 11:00-15:00 (по предварительному звонку),+05:00,4.7,7,87717558787,87018888128,,,,,,,,,,https://wa.me/77717558787,https://wa.me/77018888128,,,,,,,43.224974,76.901471,https://2gis.com/firm/70000001095757121,branch
Атоми-Стадион-Арман,магазин корейских товаров,Косметика и парфюмерия; БАДы,"проспект Абая, 99",1 этаж,050022,,Алмалинский район,Алматы,,Алматы,Казахстан,Пн: 10:00-19:00; Вт: 10:00-19:00; Ср: 10:00-19:00; Чт: 10:00-19:00; Пт: 10:00-19:00; Сб: 11:00-17:00; Вс: 11:00-17:00,+05:00,5.0,13,87471667728,87086598958,,,,,,https://instagram.com/raigul_zhaksibaeva,,,,https://wa.me/77471667728,,,,https://t.me/+77471667728,https://t.me/tolegen_danecovich,,,43.241142,76.921761,https://2gis.com/firm/70000001069308283,branch
Бақша,магазин овощей и фруктов,Косметика и парфюмерия; Овощи и фрукты; Игрушки; Детская одежда; Хозтовары,"улица Жунисова, 14/12",,050035,,Наурызбайский район,Алматы,,Алматы,Казахстан,Пн: 09:00-23:00; Вт: 09:00-23:00; Ср: 09:00-23:00; Чт: 09:00-23:00; Пт: 09:00-23:00; Сб: 09:00-23:00; Вс: 09:00-23:00,+05:00,5.0,5,87475361174,87011410775,87477871175,,,,,,,,,https://wa.me/77011410775,,,,,,,,43.221781,76.784687,https://2gis.com/firm/70000001102968273,branch
Белоснежка,магазин,Косметика и парфюмерия; Бытовая химия,"микрорайон Айнабулак-2, 71д",,050014,Айнабулак-2 м-н,Жетысуский район,Алматы,,Алматы,Казахстан,Пн: 08:00-20:30; Вт: 08:00-20:30; Ср: 08:00-20:30; Чт: 08:00-20:30; Пт: 08:00-20:30; Сб: 08:00-20:30; Вс: 08:00-20:30,+05:00,4.1,11,87082907300,87082907299,,,,,,,,,,,,,,,,,,43.320103,76.91589,https://2gis.com/firm/70000001054338268,branch
Бина,парфюмерная лавка,Косметика и парфюмерия,"улица Кунаева, 163",Ш-01 бутик; 1 этаж,050010,,Медеуский район,Алматы,,Алматы,Казахстан,Пн: 10:00-20:00; Вт: 10:00-20:00; Ср: 10:00-20:00; Чт: 10:00-20:00; Пт: 10:00-20:00; Сб: 10:00-20:00; Вс: 10:00-19:00,+05:00,3.7,6,87776542651,,,,,,,https://instagram.com/parfum.bina,,,,https://wa.me/77776542651,,,,,,,,43.246518,76.950824,https://2gis.com/firm/70000001081872582,branch
Ближе к телу,магазин нижнего белья,Косметика и парфюмерия; Нижнее бельё; Купальники; Носки и колготки; Солнцезащитные очки,"улица Байтерекова, 57",,050038,Акбулак м-н,Алатауский район,Алматы,,Алматы,Казахстан,Пн: 10:00-19:00; Вт: 10:00-19:00; Ср: 10:00-19:00; Чт: 10:00-19:00; Пт: 10:00-19:00; Сб: 10:00-19:00; Вс: 10:00-19:00,+05:00,4.8,19,87071904443,,,,,,,,,,,https://wa.me/77071904443,,,,,,,,43.26229,76.820463,https://2gis.com/firm/70000001079642531,branch
Бутик косметики,,Косметика и парфюмерия,"4-й микрорайон, 10Б",1 этаж,050062,4-й м-н,Ауэзовский район,Алматы,,Алматы,Казахстан,Пн: 10:00-20:00; Вт: 10:00-20:00; Ср: 10:00-20:00; Чт: 10:00-20:00; Пт: 10:00-20:00; Сб: 10:00-20:00; Вс: 10:00-20:00,+05:00,5.0,13,87757107555,,,,,,,,,,,https://wa.me/77757107555,,,,,,,,43.226495,76.861314,https://2gis.com/firm/70000001060614011,branch
Бутик косметики,,Косметика и парфюмерия; Игрушки; Канцтовары,"3-й микрорайон, 20а",,050062,3-й м-н,Ауэзовский район,Алматы,,Алматы,Казахстан,Пн: 10:00-22:00; Вт: 10:00-22:00; Ср: 10:00-22:00; Чт: 10:00-22:00; Пт: 10:00-22:00; Сб: 10:00-22:00; Вс: 10:00-22:00,+05:00,4.1,5,87471549071,87023334979,,,,,,,,,,https://wa.me/77023334979,https://wa.me/77471549071,,,,,,,43.222074,76.850171,https://2gis.com/firm/70000001037355966,branch
Бытовуха,магазин хозяйственных товаров,Косметика и парфюмерия; Бытовая химия; Хозтовары,"улица Райымбек батыра, 283",,041609,,,,Талгарский район,Алматинская область,Казахстан,Пн: 10:00-22:00; Вт: 10:00-22:00; Ср: 10:00-22:00; Чт: 10:00-22:00; Пт: 10:00-22:00; Сб: 10:00-22:00; Вс: 10:00-22:00,+05:00,4.2,8,87019400702,,,,,,,,,,,,,,,,,,,43.291222,77.01544,https://2gis.com/firm/70000001063164329,branch
Ваша Хозяюшка,магазин,Косметика и парфюмерия; Бытовая химия; Хозтовары,"2-й микрорайон, 29",1 этаж,050062,2-й м-н,Ауэзовский район,Алматы,,Алматы,Казахстан,"Пн: 10:00-14:00, 14:30-20:00; Вт: 10:00-14:00, 14:30-20:00; Ср: 10:00-14:00, 14:30-20:00; Чт: 10:00-14:00, 14:30-20:00; Пт: 10:00-14:00, 14:30-20:00; Сб: 10:00-14:00, 14:30-20:00; Вс: 10:00-14:00, 14:30-20:00",+05:00,4.3,21,87072784582,,,,,,,,,,,https://wa.me/77072784582,,,,,,,,43.234322,76.862962,https://2gis.com/firm/9429940000888463,branch
Восточная лавка,магазин,Косметика и парфюмерия; Продажа чая; БАДы; Специи; Сувениры,"проспект Абылай хана, 177а",115А бутик; 1 этаж,040901,,,Каскелен,Карасайский район,Алматинская область,Казахстан,Пн: 10:00-20:00; Вт: 10:00-20:00; Ср: 10:00-20:00; Чт: 10:00-20:00; Пт: 10:00-20:00; Сб: 10:00-20:00; Вс: 10:00-20:00,+05:00,5.0,12,87072129588,,,,,,,https://instagram.com/granat_kaskelen,,,,https://wa.me/77072129588,,,,,,,,43.199417,76.629747,https://2gis.com/firm/70000001092678163,branch
Восьмёрочка,торгово-сервисный центр,Косметика и парфюмерия; Канцтовары; Товары для праздников; Игрушки; Товары для творчества,"улица Аптечная, 2Б",1 этаж,40702,,,,Илийский район,Алматинская область,Казахстан,Пн: 09:00-22:00; Вт: 09:00-22:00; Ср: 09:00-22:00; Чт: 09:00-22:00; Пт: 09:00-22:00; Сб: 09:00-22:00; Вс: 09:00-22:00,+05:00,4.9,6,87476570554 (единый номер: пн-вс 8:00-22:00),,,,,,,https://instagram.com/vosmerocka,,,,https://wa.me/77476570554,,,viber://chat/?number=77476570554,https://t.me/+77475235290,,,,43.409806,76.914284,https://2gis.com/firm/70000001025593104,branch
Все для дома,магазин,Косметика и парфюмерия; Бытовая химия; Канцтовары; Посуда; Бытовая техника,"микрорайон Думан-2, 29",,050064,Думан-2 м-н,Медеуский район,Алматы,,Алматы,Казахстан,Пн: 08:00-24:00; Вт: 08:00-24:00; Ср: 08:00-24:00; Чт: 08:00-24:00; Пт: 08:00-24:00; Сб: 08:00-24:00; Вс: 08:00-24:00,+05:00,4.8,6,87474090488,,,,,,,,,,,https://wa.me/77474090488,https://wa.me/77012339375,,,,,,,43.285728,77.003845,https://2gis.com/firm/70000001104243159,branch
Все для дома,магазин,Косметика и парфюмерия; Электротехника; Канцтовары; Носки и колготки; Бытовая химия,"11-й микрорайон, 4а",,050006,11 м-н,Ауэзовский район,Алматы,,Алматы,Казахстан,Пн: 10:00-22:00; Вт: 10:00-22:00; Ср: 10:00-22:00; Чт: 10:00-22:00; Пт: 10:00-22:00; Сб: 10:00-22:00; Вс: 10:00-22:00,+05:00,4.9,18,87073222326,,,,,,,https://instagram.com/1000meloshey_2024_hoz,,,,https://wa.me/77073222326,,,,,,,,43.2227,76.872095,https://2gis.com/firm/70000001047499636,branch
Всё для дома,магазин,Косметика и парфюмерия; Бытовая химия; Хозтовары; Посуда; Канцтовары,"проспект Райымбека, 210/6 блок 8",1 этаж,050034,,Алмалинский район,Алматы,,Алматы,Казахстан,Пн: 09:00-23:00; Вт: 09:00-23:00; Ср: 09:00-23:00; Чт: 09:00-23:00; Пт: 09:00-23:00; Сб: 09:00-23:00; Вс: 09:00-23:00,+05:00,4.0,6,87773425895,,,,,,,,,,,https://wa.me/77773425895,,,,,,,,43.261332,76.901312,https://2gis.com/firm/70000001109509096,branch
Всё для дома,магазин,Косметика и парфюмерия; Посуда; Хозтовары; Игрушки,"микрорайон Алтай-1, 21",,050039,Алтай-1 м-н,Турксибский район,Алматы,,Алматы,Казахстан,Пн: 09:00-21:00; Вт: 09:00-21:00; Ср: 09:00-21:00; Чт: 09:00-21:00; Пт: 09:00-21:00; Сб: 09:00-21:00; Вс: 09:00-21:00,+05:00,4.9,18,87776498537,,,,,,,https://instagram.com/vsdoma,,https://facebook.com/100137855343301,,https://wa.me/77776498537,,,,,,,,43.347373,76.986645,https://2gis.com/firm/70000001031902529,branch
Все по 500,магазин,Косметика и парфюмерия; Бижутерия; Игрушки; Канцтовары; Бытовая химия,"улица Байтерекова, 49а",1 этаж,050038,Акбулак м-н,Алатауский район,Алматы,,Алматы,Казахстан,Пн: 09:30-23:00; Вт: 09:30-23:00; Ср: 09:30-23:00; Чт: 09:30-23:00; Пт: 09:30-23:00; Сб: 09:30-23:00; Вс: 09:30-23:00,+05:00,4.9,20,87077570434,,,,,,,https://instagram.com/vse.po.500.almaty,,,,https://wa.me/77077570434,,,,,,,,43.260592,76.821297,https://2gis.com/firm/70000001106050521,branch
Все по 500 тенге,магазин товаров для дома,Косметика и парфюмерия; Посуда; Игрушки; Канцтовары,"улица Ак-Кайнар, 55/1",1 этаж,050047,Саялы м-н,Алатауский район,Алматы,,Алматы,Казахстан,Пн: 10:00-21:00; Вт: 10:00-21:00; Ср: 10:00-21:00; Чт: 10:00-21:00; Пт: 10:00-21:00; Сб: 10:00-21:00; Вс: 10:00-21:00,+05:00,4.9,11,87078858144,,,,,,,,,,,https://wa.me/77078858144,,,,,,,,43.311646,76.841532,https://2gis.com/firm/70000001110557412,branch
Все по пятьдесят,магазин,Косметика и парфюмерия; Бижутерия; Канцтовары; Подарочная упаковка,"проспект Жибек Жолы, 81",1 этаж,050004,,Алмалинский район,Алматы,,Алматы,Казахстан,Пн: 10:00-20:00; Вт: 10:00-20:00; Ср: 10:00-20:00; Чт: 10:00-20:00; Пт: 10:00-20:00; Сб: 10:00-20:00; Вс: 10:00-20:00,+05:00,3.6,28,87016000483,,,,,,,https://instagram.com/set_vse_po_50,,,,https://wa.me/77016000483,,,,,,,,43.262114,76.943459,https://2gis.com/firm/70000001112675751,branch
Все по пятьдесят,магазин,Косметика и парфюмерия; Посуда; Игрушки; Канцтовары; Хозтовары,"проспект Райымбека, 101",,050016,,Жетысуский район,Алматы,,Алматы,Казахстан,Пн: 08:00-20:00; Вт: 08:00-20:00; Ср: 08:00-20:00; Чт: 08:00-20:00; Пт: 08:00-20:00; Сб: 08:00-20:00; Вс: 08:00-20:00,+05:00,1.4,9,87016000483,,,,,,,https://instagram.com/set_vse_po_50,,,,https://wa.me/77016000483,,,,,,,,43.270993,76.947794,https://2gis.com/firm/70000001103799129,branch
Все по пятьдесят,магазин,Косметика и парфюмерия; Посуда; Хозтовары; Канцтовары; Игрушки,"проспект Жибек Жолы, 39",1 этаж,050002,,Медеуский район,Алматы,,Алматы,Казахстан,Пн: 09:00-20:00; Вт: 09:00-20:00; Ср: 09:00-20:00; Чт: 09:00-20:00; Пт: 09:00-20:00; Сб: 09:00-20:00; Вс: 09:00-20:00,+05:00,4.5,11,87016000483,,,,,,,https://instagram.com/set_vse_po_50,,,,https://wa.me/77016000483,,,,,,,,43.263243,76.957946,https://2gis.com/firm/70000001094717985,branch
Все по пятьдесят,магазин,Косметика и парфюмерия; Хозтовары; Канцтовары; Посуда; Бижутерия,"проспект Жибек Жолы, 59",1 бутик,050002,,Медеуский район,Алматы,,Алматы,Казахстан,Пн: 09:00-20:00; Вт: 09:00-20:00; Ср: 09:00-20:00; Чт: 09:00-20:00; Пт: 09:00-20:00; Сб: 09:00-20:00; Вс: 09:00-20:00,+05:00,3.1,27,87077760004,,,,,,,https://instagram.com/set_vse_po_50,,,,https://wa.me/77016000483,,,,,,,,43.262666,76.951173,https://2gis.com/firm/70000001088902577,branch
Гулдер,магазин,Косметика и парфюмерия; Цветы; Товары для праздников; Подарочная упаковка; Сувенирные композиции,"улица Жансугурова, 96",,040700,,,,Илийский район,Алматинская область,Казахстан,Пн: 10:00-24:00; Вт: 10:00-24:00; Ср: 10:00-24:00; Чт: 10:00-24:00; Пт: 10:00-24:00; Сб: 10:00-24:00; Вс: 10:00-24:00,+05:00,4.9,17,87059058592,,,,,,,https://instagram.com/ereksheminn.kz,,,,,,,,,,,,43.424032,77.024284,https://2gis.com/firm/70000001082493626,branch
Дасаранг,магазин корейских товаров,Косметика и парфюмерия; Хозтовары; Продукты быстрого приготовления; Магазины азиатских продуктов,"проспект Гагарина, 280Б",1 этаж,050060,Алмагуль м-н,Бостандыкский район,Алматы,,Алматы,Казахстан,Пн: 09:30-20:00; Вт: 09:30-20:00; Ср: 09:30-20:00; Чт: 09:30-20:00; Пт: 09:30-20:00; Сб: 09:30-20:00,+05:00,4.9,102,87781104403,87470732182,,,,,,https://instagram.com/dasarang.market.gagarina,,,,https://wa.me/77470732182,https://wa.me/77781104403,,,,,,,43.206456,76.899155,https://2gis.com/firm/70000001065210823,branch
Здоровье & Красота,магазин,Косметика и парфюмерия; БАДы; Средства гигиены,"улица Есим хана, 40Б",,050027,Кемел м-н,Жетысуский район,Алматы,,Алматы,Казахстан,Пн: 10:00-20:00; Ср: 10:00-20:00; Чт: 10:00-20:00; Пт: 10:00-20:00; Сб: 10:00-20:00; Вс: 10:00-16:00,+05:00,5.0,36,87074064164,87023100853,,,,,,,,,,https://wa.me/77023100853,,,,,,,,43.368274,76.938622,https://2gis.com/firm/70000001110737485,branch
Зейнеп,магазин хозяйственных товаров,Косметика и парфюмерия; Хозтовары; Бижутерия; Игрушки; Бытовая химия,"улица Асыл Арман, 7",1 этаж,040095,,,,Карасайский район,Алматинская область,Казахстан,Пн: 08:00-24:00; Вт: 08:00-24:00; Ср: 08:00-24:00; Чт: 08:00-24:00; Пт: 08:00-24:00; Сб: 08:00-24:00; Вс: 08:00-24:00,+05:00,4.8,16,87075807419,,,,,,,https://instagram.com/zeynep_asyl_arman,,,,https://wa.me/77075807419,,,,,,,,43.230097,76.753061,https://2gis.com/firm/70000001113857308,branch
Золушка,магазин,Косметика и парфюмерия; Бытовая химия; Хозтовары; Игрушки; Зоотовары,"9-й микрорайон, 35",,050036,9-й м-н,Ауэзовский район,Алматы,,Алматы,Казахстан,Пн: 09:00-20:00; Вт: 09:00-20:00; Ср: 09:00-20:00; Чт: 09:00-20:00; Пт: 09:00-20:00; Сб: 09:00-20:00; Вс: 09:00-20:00,+05:00,4.9,26,87019576635,,,,,,,,,,,https://wa.me/77019576635,,,,,,,,43.216758,76.864069,https://2gis.com/firm/9429940000960425,branch
Индийский трикотаж,магазин,Косметика и парфюмерия; Трикотажные изделия; БАДы; Хозтовары; Игрушки,"микрорайон Жетысу-4, 16",1 этаж,050063,Жетысу-4 м-н,Ауэзовский район,Алматы,,Алматы,Казахстан,Пн: 10:00-19:00; Вт: 10:00-19:00; Ср: 10:00-19:00; Чт: 10:00-19:00; Пт: 10:00-19:00; Сб: 10:00-19:00; Вс: 10:00-19:00,+05:00,4.6,49,87474433432,,,,,,,,,,,,,,,,,,,43.217387,76.838585,https://2gis.com/firm/70000001039727018,branch
Іңкәр,магазин,Косметика и парфюмерия; Хозтовары; Бытовая химия; Игрушки; Канцтовары,"микрорайон 10а, 2",1 этаж,050036,10а м-н,Ауэзовский район,Алматы,,Алматы,Казахстан,Пн: 10:30-20:00; Вт: 10:30-20:00; Ср: 10:30-20:00; Чт: 10:30-20:00; Пт: 10:30-20:00; Сб: 10:30-20:00; Вс: 10:30-20:00,+05:00,4.3,14,87074310248,,,,,,,,,,,https://wa.me/77074310248,,,,,,,,43.217496,76.858677,https://2gis.com/firm/9429940000957768,branch
Китайская лавка,онлайн-магазин,Косметика и парфюмерия; БАДы,,,,,,,Илийский район,Алматинская область,Казахстан,Пн: 09:00-20:00; Вт: 09:00-20:00; Ср: 09:00-20:00; Чт: 09:00-20:00; Пт: 09:00-20:00; Сб: 09:00-20:00; Вс: 09:00-20:00,+05:00,4.9,12,87066132545,87476132542,,,,,,https://instagram.com/kitayskaya_lavka_baiserke,,,,https://wa.me/77476132542,https://wa.me/77066132545,,,,,,,,,https://2gis.com/firm/70000001092449059,branch
Клуб прикладной эстетики Валиевой Г.А.,,Косметика и парфюмерия; Обучение мастеров для салонов красоты,"улица Кожамкулова, 155",,050026,,Алмалинский район,Алматы,,Алматы,Казахстан,"Пн: 09:00-12:00, 13:00-18:00; Вт: 09:00-12:00, 13:00-18:00; Ср: 09:00-12:00, 13:00-18:00; Чт: 09:00-12:00, 13:00-18:00; Пт: 09:00-12:00, 13:00-18:00",+05:00,5.0,5,87273864138,87772376229,,,,,,https://instagram.com/okestetik.kz,,,,https://wa.me/77772376229,,,,,,,,43.256465,76.91594,https://2gis.com/firm/9429940001301166,branch
Компас здоровья,магазин полезных продуктов,Косметика и парфюмерия; Диетические продукты; БАДы; Бытовая химия,"улица Шолохова, 29",С33 бутик; 3 этаж,050011,,Турксибский район,Алматы,,Алматы,Казахстан,Пн: 10:00-20:00; Вт: 10:00-20:00; Ср: 10:00-20:00; Чт: 10:00-20:00; Пт: 10:00-20:00; Сб: 10:00-20:00; Вс: 10:00-20:00,+05:00,5.0,9,87073002724,,,,,,,https://instagram.com/flax_almaty,,,,https://wa.me/77073002724,,,,https://t.me/flaxalmaty,,,,43.336508,76.946469,https://2gis.com/firm/70000001027954184,branch
Корея,магазин,Косметика и парфюмерия; БАДы; Нижнее бельё; Магазины азиатских продуктов,"улица Федосеева, 38в к3",,050054,Жас Канат м-н,Турксибский район,Алматы,,Алматы,Казахстан,"Пн: 10:00-13:00, 14:00-21:00; Вт: 10:00-13:00, 14:00-21:00; Ср: 10:00-13:00, 14:00-21:00; Чт: 10:00-13:00, 14:00-21:00; Пт: 10:00-13:00, 14:00-21:00; Сб: 10:00-13:00, 14:00-21:00; Вс: 10:00-13:00, 14:00-21:00",+05:00,3.9,6,87072501050,,,,,,,https://instagram.com/pakzhanna16,,,,https://wa.me/77072501050,,,,,,,,43.316618,76.9746,https://2gis.com/firm/70000001094782275,branch
Ләззат,магазин хозяйственных товаров и косметики,Косметика и парфюмерия; Хозтовары; Бытовая химия,"улица Байтенова Нояна, 101",,050047,Айгерим-2 м-н,Алатауский район,Алматы,,Алматы,Казахстан,Пн: 09:00-22:00; Вт: 09:00-22:00; Ср: 09:00-22:00; Чт: 09:00-22:00; Пт: 09:00-22:00; Сб: 09:00-22:00; Вс: 09:00-22:00,+05:00,5.0,6,87773953223,,,,,,,,,,,https://wa.me/77773953223,,,,,,,,43.270491,76.836704,https://2gis.com/firm/70000001027938915,branch
Магазин китайских товаров,,Косметика и парфюмерия; БАДы,"улица Толе би, 170",9 бутик; 1 этаж,050008,,Алмалинский район,Алматы,,Алматы,Казахстан,Пн: 10:30-19:00; Вт: 10:30-19:00; Ср: 10:30-19:00; Чт: 10:30-19:00; Пт: 10:30-19:00; Сб: 10:30-19:00; Вс: 10:30-19:00,+05:00,4.2,5,87012727029,87000272729,,,,,,https://instagram.com/aptekakitai,,,,https://wa.me/77012727029,,,,,,,,43.251527,76.901124,https://2gis.com/firm/70000001100138529,branch
Магазин корейской косметики,,Косметика и парфюмерия,"улица Жибек жолы, 69",1 этаж,40928,,,,Карасайский район,Алматинская область,Казахстан,Пн: 09:00-20:00; Вт: 09:00-20:00; Ср: 09:00-20:00; Чт: 09:00-20:00; Пт: 09:00-20:00; Сб: 09:00-20:00; Вс: 09:00-20:00,+05:00,4.1,7,87001180101,,,,,,,,,,,,,,,,,,,43.188607,76.532261,https://2gis.com/firm/70000001109659060,branch
Магазин косметики,,Косметика и парфюмерия,"улица Степная, 27/2",,050047,Айгерим-1 м-н,Алатауский район,Алматы,,Алматы,Казахстан,Пн: 09:00-19:00; Вт: 09:00-19:00; Ср: 09:00-19:00; Чт: 09:00-19:00; Пт: 09:00-19:00; Сб: 09:00-19:00; Вс: 09:00-19:00 (по предварительному звонку: сб-вс),+05:00,4.7,20,87086363654,87760020234,,,,,,https://instagram.com/micos_cos,,,,https://wa.me/77760020234,https://wa.me/77086363654,,,,,,,43.272625,76.84423,https://2gis.com/firm/70000001110526165,branch
Магазин нижнего белья и домашней одежды,,Косметика и парфюмерия; Нижнее бельё; Женская одежда; Мужская одежда; Домашний текстиль,"микрорайон Орбита-3, 31",1 этаж,050043,Орбита-3 м-н,Бостандыкский район,Алматы,,Алматы,Казахстан,Пн: 10:00-19:00; Вт: 10:00-19:00; Ср: 10:00-19:00; Чт: 10:00-19:00; Пт: 10:00-19:00; Сб: 10:00-19:00; Вс: 10:00-18:00,+05:00,4.9,5,87474277074,,,,,,,https://instagram.com/dom_odezda_almaty,,,,https://wa.me/77474277074,,,,,,,,43.200901,76.871299,https://2gis.com/firm/70000001029998503,branch
Магазин парфюмерии,,Косметика и парфюмерия; Солнцезащитные очки,"микрорайон Аксай-2, 24а",,050031,Аксай-2 м-н,Ауэзовский район,Алматы,,Алматы,Казахстан,Пн: 09:00-20:00; Вт: 09:00-20:00; Ср: 09:00-20:00; Чт: 09:00-20:00; Пт: 09:00-20:00; Сб: 09:00-20:00,+05:00,5.0,5,87774803264,,,,,,,,,,,https://wa.me/77774803264,,,,,,,,43.239056,76.830408,https://2gis.com/firm/70000001115463509,branch
Магазин парфюмерии,,Косметика и парфюмерия,"улица Аксай, 1",1 этаж,050047,Саялы м-н,Алатауский район,Алматы,,Алматы,Казахстан,Пн: 10:00-23:00; Вт: 10:00-23:00; Ср: 10:00-23:00; Чт: 10:00-23:00; Пт: 10:00-23:00; Сб: 10:00-23:00; Вс: 10:00-23:00,+05:00,4.4,6,87753914229,,,,,,,,,,,https://wa.me/77753914229,,,,,,,,43.312979,76.842136,https://2gis.com/firm/70000001102547191,branch
Магазин по продаже канцелярских товаров и бытовой химии,,Косметика и парфюмерия; Канцтовары; Бытовая химия,"улица Райымбек батыра, 56/1",1 этаж,041609,,,,Талгарский район,Алматинская область,Казахстан,Пн: 10:00-17:00; Вт: 10:00-17:00; Ср: 10:00-17:00; Чт: 10:00-17:00; Пт: 10:00-17:00; Сб: 10:00-17:00; Вс: 10:00-17:00,+05:00,5.0,21,87074052516,87471532853,,,,,,,,,,https://wa.me/77471532853,https://wa.me/77074052516,,,,,,,43.299996,77.048115,https://2gis.com/firm/70000001039454135,branch
Магазин по продаже японских подгузников,,Косметика и парфюмерия; Средства гигиены; Бытовая химия,"улица Рыскулова, 72",цокольный этаж,41600,,,Талгар,Талгарский район,Алматинская область,Казахстан,Пн: 10:00-17:00; Вт: 10:00-17:00; Ср: 10:00-17:00; Чт: 10:00-17:00; Пт: 10:00-17:00; Сб: 10:00-16:00; Вс: 10:00-16:00,+05:00,5.0,7,87079005491,,,,,,,https://instagram.com/moya.yaponiya.talgar,,,,https://wa.me/77079005491,,,,,,,,43.305583,77.239788,https://2gis.com/firm/70000001067838323,branch
Маргоша,бутик косметики,Косметика и парфюмерия; Носки и колготки,"бульвар Мендикулова, 98",21 бутик; 1 этаж,050059,Самал-2 м-н,Медеуский район,Алматы,,Алматы,Казахстан,Пн: 10:00-20:00; Вт: 10:00-20:00; Ср: 10:00-20:00; Чт: 10:00-20:00; Пт: 10:00-20:00; Сб: 10:00-20:00; Вс: 10:00-20:00,+05:00,3.9,8,87012824143,,,,,,,https://instagram.com/margosha_kz,,,,https://wa.me/77012824143,,,,,,,,43.232857,76.953475,https://2gis.com/firm/9429940000916241,branch
Мартыновский мёд,магазин мёда и подарков,Косметика и парфюмерия; Продукты пчеловодства; Сувенирные композиции; Домашний текстиль; Печать на сувенирах,"улица Айтеке би, 91",1 офис; 1 этаж; вход со двора,050000,,Алмалинский район,Алматы,,Алматы,Казахстан,Пн: 14:00-17:00; Вт: 14:00-17:00; Ср: 14:00-17:00; Чт: 14:00-17:00; Пт: 14:00-17:00,+05:00,4.3,16,87771570506,,,,,,,https://instagram.com/martynovskii_med,,,,https://wa.me/77771570506,,,,,,,,43.257845,76.934638,https://2gis.com/firm/70000001062060515,branch
Мечта,многопрофильный магазин,Косметика и парфюмерия; Канцтовары; Бытовая химия; Игрушки; Солнцезащитные очки,"9-й микрорайон, 24",,050036,9-й м-н,Ауэзовский район,Алматы,,Алматы,Казахстан,Пн: 10:00-20:00; Вт: 10:00-20:00; Ср: 10:00-20:00; Чт: 10:00-20:00; Пт: 10:00-20:00; Сб: 10:00-20:00; Вс: 10:00-20:00,+05:00,4.7,5,87774804640,87788902254,,,,,,https://instagram.com/almaty_dreams3038292,,,,https://wa.me/77774804640,https://wa.me/77788902254,,,,,,,43.214126,76.858121,https://2gis.com/firm/9429940001160995,branch
Мир Косметики,бутик упаковки подарков,Косметика и парфюмерия; Услуги по упаковке подарков; Подарочная упаковка,"Северное Кольцо шоссе, 7а",оранжевый ряд,050058,,Жетысуский район,Алматы,,Алматы,Казахстан,Вт: 09:00-18:00; Ср: 09:00-18:00; Чт: 09:00-18:00; Пт: 09:00-18:00; Сб: 09:00-18:00; Вс: 09:00-18:00,+05:00,5.0,6,87077994687,,,,,,,https://instagram.com/irina_an.shop,,,,https://wa.me/77077994687,,,,,,,,43.28397,76.888646,https://2gis.com/firm/70000001095535167,branch
Мир Косметики,бутик упаковки подарков,Косметика и парфюмерия; Услуги по упаковке подарков; Подарочная упаковка; Парики и накладные волосы,"11-й микрорайон, 27",11 бутик; цокольный этаж,050035,11 м-н,Ауэзовский район,Алматы,,Алматы,Казахстан,Пн: 10:00-19:00; Вт: 10:00-19:00; Ср: 10:00-19:00; Чт: 10:00-19:00; Пт: 10:00-19:00; Сб: 10:00-19:00; Вс: 11:00-18:00,+05:00,4.9,28,87077994687,,,,,,,https://instagram.com/irina_an.shop,,,,https://wa.me/77077994687,,,,,,,,43.219439,76.873425,https://2gis.com/firm/70000001062638577,branch
Мир косметики,магазин декоративной и уходовой косметики,Косметика и парфюмерия,"улица Жанкожа батыра, 139",,050065,Шанырак-2 м-н,Алатауский район,Алматы,,Алматы,Казахстан,Пн: 10:00-21:00; Вт: 10:00-21:00; Ср: 10:00-21:00; Чт: 10:00-21:00; Пт: 10:00-21:00; Сб: 10:00-21:00; Вс: 10:00-21:00,+05:00,4.9,7,87078316801,,,,,,,,,,,https://wa.me/77078316801,,,,,,,,43.298279,76.851023,https://2gis.com/firm/70000001061526650,branch
Мир подарков,магазин,Косметика и парфюмерия; Аниме и косплей товары; Игрушки; Канцтовары; Товары для праздников,"улица Молдагуловой, 92а",,,,,Алатау,Алатау городская администрация,Алматинская область,Казахстан,Пн: 09:00-21:00; Вт: 09:00-21:00; Ср: 09:00-21:00; Чт: 09:00-21:00; Пт: 09:00-21:00; Сб: 09:00-21:00; Вс: 09:00-21:00,+05:00,4.6,9,87081605040,87088050510,,,,,,https://instagram.com/mir.podarkov.kz,,,,https://wa.me/77081605040,https://wa.me/77088050510,,,,,,,43.675772,77.11233,https://2gis.com/firm/70000001075092144,branch
Мозаика,магазин хозяйственных товаров,Косметика и парфюмерия; Хозтовары; Канцтовары; Игрушки; Аксессуары к телефонам,"микрорайон Коктем-3, 2",1 этаж,050040,Коктем-3 м-н,Бостандыкский район,Алматы,,Алматы,Казахстан,Пн: 10:00-19:30; Вт: 10:00-19:30; Ср: 10:00-19:30; Чт: 10:00-19:30; Пт: 10:00-19:30; Сб: 10:00-17:00,+05:00,5.0,19,87773070007,,,,,,,,,,,https://wa.me/77773070007,,,,,,,,43.231949,76.917727,https://2gis.com/firm/70000001026825521,branch
Мой парфюм,магазин парфюмерии,Косметика и парфюмерия; Ароматовары,"микрорайон Аксай-2, 73",,050031,Аксай-2 м-н,Ауэзовский район,Алматы,,Алматы,Казахстан,Пн: 10:00-19:00; Вт: 10:00-19:00; Ср: 10:00-19:00; Чт: 10:00-19:00; Пт: 10:00-19:00; Сб: 10:00-18:00 (по предварительному звонку),+05:00,4.8,24,87071110177,,,,,,,https://instagram.com/moy_parfum_almaty,,,,https://wa.me/77071110177,,,,,,,,43.23445,76.83786,https://2gis.com/firm/70000001056378414,branch
Мыльница,магазин хозяйственных товаров,Косметика и парфюмерия; Хозтовары; Бытовая химия; Средства гигиены; Канцтовары,"микрорайон Шугыла, 340/4 к12",,050000,Шугыла м-н,Наурызбайский район,Алматы,,Алматы,Казахстан,Пн: 10:00-22:00; Вт: 10:00-22:00; Ср: 10:00-22:00; Чт: 10:00-22:00; Пт: 10:00-22:00; Сб: 10:00-22:00; Вс: 10:00-22:00,+05:00,5.0,9,87085218115,,,,,,,https://instagram.com/mylnitsa_shugyla,,,,https://wa.me/77085218115,,,,,,,,43.209113,76.788335,https://2gis.com/firm/70000001103753416,branch
Нұр Ислам,магазин мусульманских товаров,Косметика и парфюмерия; Религиозные товары,"улица Тургут Озала, 71",1 этаж,050009,Тастак-3 м-н,Алмалинский район,Алматы,,Алматы,Казахстан,Пн: 09:00-19:00; Вт: 09:00-19:00; Ср: 09:00-19:00; Чт: 09:00-19:00; Пт: 09:00-19:00; Сб: 09:00-19:00; Вс: 09:00-19:00,+05:00,4.9,7,87074877515,,,,,,,https://instagram.com/sana_rizq,,,,https://wa.me/77074877515,,,,,,,,43.25122,76.878993,https://2gis.com/firm/9429940001072661,branch
Ныль Пурын,магазин корейской косметики,Косметика и парфюмерия; Хозтовары,"Ораза Жандосова улица, 27а",1 этаж,050060,,Бостандыкский район,Алматы,,Алматы,Казахстан,Пн: 09:30-20:00; Вт: 09:30-20:00; Ср: 09:30-20:00; Чт: 09:30-20:00; Пт: 09:30-20:00; Сб: 09:30-20:00,+05:00,2.8,5,87013928880,,,,,,,https://instagram.com/nil_purin_djandosova,,,,https://wa.me/77013928880,,,,,,,,43.229461,76.893577,https://2gis.com/firm/70000001082742041,branch
Оптовик,,Косметика и парфюмерия; Хозтовары; Игрушки; Посуда; Бытовая химия,"улица Байтерекова, 51",,050038,Акбулак м-н,Алатауский район,Алматы,,Алматы,Казахстан,Пн: 10:00-21:00; Вт: 10:00-21:00; Ср: 10:00-21:00; Чт: 10:00-21:00; Пт: 10:00-21:00; Сб: 10:00-21:00; Вс: 10:00-21:00,+05:00,5.0,25,87013415622,,,,,,,,,,,https://wa.me/77013415622,,,,,,,,43.260928,76.821173,https://2gis.com/firm/70000001068845902,branch
Оптовочка,магазин,Косметика и парфюмерия; Хозтовары; Канцтовары; Бижутерия; Игрушки,"микрорайон Шугыла, 340/35 к16",,050000,Шугыла м-н,Наурызбайский район,Алматы,,Алматы,Казахстан,Пн: 10:00-22:00; Вт: 10:00-22:00; Ср: 10:00-22:00; Чт: 10:00-22:00; Пт: 10:00-22:00; Сб: 10:00-22:00; Вс: 10:00-22:00,+05:00,5.0,20,87776668786,,,,,,,https://instagram.com/optovochka_kz_,,,,https://wa.me/77776668786,,,,,,,,43.210071,76.789085,https://2gis.com/firm/70000001088987305,branch
Парфюмерия,,Косметика и парфюмерия; Бытовая химия; Ароматовары; Средства гигиены,"улица Гагарина, 7",,040707,,,,Илийский район,Алматинская область,Казахстан,Пн: 10:00-19:00; Вт: 10:00-19:00; Ср: 10:00-19:00; Чт: 10:00-19:00; Пт: 10:00-19:00; Сб: 10:00-19:00; Вс: 10:00-19:00,+05:00,5.0,20,87789277746,,,,,,,https://instagram.com/lumaro_cosmart,,,,https://wa.me/77789277746,,,,,,,,43.355302,76.863474,https://2gis.com/firm/70000001105096680,branch
Парфюмерный магазин,,Косметика и парфюмерия,"улица Кунаева, 58",цокольный этаж,041600,,,Талгар,Талгарский район,Алматинская область,Казахстан,Пн: 09:00-24:00; Вт: 09:00-24:00; Ср: 09:00-24:00; Чт: 09:00-24:00; Пт: 09:00-24:00; Сб: 09:00-24:00; Вс: 09:00-24:00,+05:00,5.0,20,87001208888,,,,,,,https://instagram.com/700_ssr_perfumery,,,,https://wa.me/77001208888,,,,,,,,43.302447,77.242274,https://2gis.com/firm/70000001115334022,branch
Подари и удиви,магазин товаров для дома,Косметика и парфюмерия; Посуда; Хозтовары; Бытовая химия,"улица Гоголя, 80",цокольный этаж,050000,,Алмалинский район,Алматы,,Алматы,Казахстан,Пн: 10:00-20:00; Вт: 10:00-20:00; Ср: 10:00-20:00; Чт: 10:00-20:00; Пт: 10:00-20:00; Сб: 10:00-20:00; Вс: 10:00-20:00,+05:00,4.9,53,87071707723,,,,,,,https://instagram.com/podari_i_udivikz,,,,https://wa.me/77071707723,,,,,,,,43.259288,76.937773,https://2gis.com/firm/70000001068540973,branch
Рarfume__coco,бутик парфюмерии,Косметика и парфюмерия,"проспект Суюнбая, 2 к8",,050016,,Жетысуский район,Алматы,,Алматы,Казахстан,Пн: 10:00-22:00; Вт: 10:00-22:00; Ср: 10:00-22:00; Чт: 10:00-22:00; Пт: 10:00-22:00; Сб: 10:00-22:00; Вс: 10:00-22:00,+05:00,4.4,10,87070196706,,,,,,,https://instagram.com/parfume__coco,,,,https://wa.me/77070196706,,,,,,,,43.274089,76.947789,https://2gis.com/firm/70000001095396753,branch
Радуга,магазин хозяйственных товаров,Косметика и парфюмерия; Бытовая химия; Спички; Канцтовары,"микрорайон Орбита-2, 32",1 этаж,050043,Орбита-2 м-н,Бостандыкский район,Алматы,,Алматы,Казахстан,Пн: 09:30-19:45; Вт: 09:30-19:45; Ср: 09:30-19:45; Чт: 09:30-19:45; Пт: 09:30-19:45; Сб: 09:30-19:45; Вс: 09:30-19:45,+05:00,3.9,12,87272657250,,,,,,,,,,,,,,,,,,,43.198734,76.882956,https://2gis.com/firm/9429940000971476,branch
Руслан,магазин косметики,Косметика и парфюмерия,"Северное Кольцо шоссе, 7",11 бутик; 17а ряд,050058,,Жетысуский район,Алматы,,Алматы,Казахстан,Вт: 08:00-18:00; Ср: 08:00-18:00; Чт: 08:00-18:00; Пт: 08:00-18:00; Сб: 08:00-18:00; Вс: 08:00-18:00,+05:00,4.9,17,87471880101,,,,,,,https://instagram.com/kosmetika.optom.ruslan,,,,https://wa.me/77471880101,,,,,,,,43.283349,76.890539,https://2gis.com/firm/70000001063398734,branch
Руслана,магазин,Косметика и парфюмерия; Бытовая химия; Игрушки; Бижутерия; Носки и колготки,"микрорайон Калкаман-2, 10",,050006,Калкаман м-н,Наурызбайский район,Алматы,,Алматы,Казахстан,Пн: 09:00-20:00; Вт: 09:00-20:00; Ср: 09:00-20:00; Чт: 09:00-20:00; Пт: 09:00-20:00; Сб: 09:00-20:00; Вс: 09:00-20:00,+05:00,4.7,7,87470599089,87476268171,,,,,,https://instagram.com/hoz_tovary_kalkaman,,,,https://wa.me/77470599089,https://wa.me/77476268171,,,,,,,43.227977,76.800255,https://2gis.com/firm/70000001069618398,branch
Секреты Тибета,китайская аптека,Косметика и парфюмерия; Подарочная упаковка; Фитопродукция,"улица Майлина, 218",внутри магазина Чайка,050054,,Турксибский район,Алматы,,Алматы,Казахстан,Пн: 09:00-21:00; Вт: 09:00-21:00; Ср: 09:00-21:00; Чт: 09:00-21:00; Пт: 09:00-21:00; Сб: 09:00-21:00; Вс: 09:00-21:00,+05:00,5.0,32,87477710037,,,,,,,https://instagram.com/secrety_tibeta,,,,https://wa.me/77077710037,https://wa.me/77477710037,,,,,,,43.334873,76.981719,https://2gis.com/firm/70000001060409534,branch
Секреты Тибета,китайская аптека,Косметика и парфюмерия; Фитопродукция; Ароматовары,"улица Акан Серы, 17/2",8 бутик,050011,,Турксибский район,Алматы,,Алматы,Казахстан,Пн: 10:00-21:00; Вт: 10:00-21:00; Ср: 10:00-21:00; Чт: 10:00-21:00; Пт: 10:00-21:00; Сб: 10:00-21:00; Вс: 10:00-21:00,+05:00,5.0,30,87477710037,,,,,,,https://instagram.com/china.kz.almaty,,,,https://wa.me/77477710388,https://wa.me/77477710037,,,,,,,43.329071,76.950553,https://2gis.com/firm/70000001055130867,branch
Сибирское здоровье,магазин товаров для здоровья,Косметика и парфюмерия; БАДы; Спортивное питание,"микрорайон Калкаман-2, 10",1 офис; 2 этаж,050006,Калкаман м-н,Наурызбайский район,Алматы,,Алматы,Казахстан,Пн: 10:00-19:00; Вт: 10:00-19:00; Ср: 10:00-19:00; Чт: 10:00-19:00; Пт: 10:00-19:00; Сб: 11:00-16:00,+05:00,4.3,64,87073249052,87772600982,,,,,,https://instagram.com/tata_sibirskoe_zdorovie_almaty,,,,https://wa.me/77073249052,,,,,,,,43.228097,76.800177,https://2gis.com/firm/70000001065065595,branch
Сибирское здоровье,магазин товаров для красоты и здоровья,Косметика и парфюмерия; БАДы,"улица Бостанова, 27а",117 бутик; 1 этаж,040707,,,,Илийский район,Алматинская область,Казахстан,Пн: 10:00-19:00; Вт: 10:00-19:00; Ср: 10:00-19:00; Чт: 10:00-19:00; Пт: 10:00-19:00; Сб: 10:00-19:00,+05:00,5.0,5,87055497244,87079263539,,,,,,,,,,https://wa.me/77055497244,,,,,,,,43.351341,76.861669,https://2gis.com/firm/70000001060887125,branch
Сибирское здоровье,магазин товаров для красоты и здоровья,Косметика и парфюмерия; БАДы,"микрорайон Айнабулак-2, 82/4",20 бутик; 3 этаж; торговый центр Султан,050014,Айнабулак-2 м-н,Жетысуский район,Алматы,,Алматы,Казахстан,Пн: 10:00-19:00; Вт: 10:00-19:00; Ср: 10:00-19:00; Чт: 10:00-19:00; Пт: 10:00-19:00; Сб: 10:00-19:00; Вс: 10:00-19:00 (по предварительному звонку),+05:00,4.7,15,87473699804,87479891739,,,,,,,,,,https://wa.me/77479891739,https://wa.me/77473699807,,,,,,,43.319741,76.916482,https://2gis.com/firm/70000001042624182,branch
Телли,гомеопатическая аптека,Косметика и парфюмерия,"проспект Достык, 250",1 этаж,050051,,Медеуский район,Алматы,,Алматы,Казахстан,Пн: 10:00-21:00; Вт: 10:00-21:00; Ср: 10:00-21:00; Чт: 10:00-21:00; Пт: 10:00-21:00; Сб: 10:00-21:00; Вс: 10:00-21:00,+05:00,4.8,34,87273112941,,,,,,,https://instagram.com/tellikz,,,,https://wa.me/77015753312,,,,,,,,43.221674,76.963507,https://2gis.com/firm/9429940001357788,branch
Тяньши,дистрибьюторский центр,Косметика и парфюмерия; БАДы; Массажное оборудование,"проспект Сейфуллина, 531",208 кабинет; 2 этаж,050000,,Алмалинский район,Алматы,,Алматы,Казахстан,Пн: 12:00-17:00; Вт: 12:00-17:00; Ср: 12:00-17:00; Чт: 12:00-17:00; Пт: 12:00-17:00; Сб: 12:00-15:00,+05:00,3.7,5,87772442665,87470781402,,,,,,,,,,https://wa.me/77772442665,https://wa.me/77470781402,,,,,,,43.256105,76.932222,https://2gis.com/firm/9429940001593086,branch
Ури сикпум,магазин корейских товаров,Косметика и парфюмерия; Продукты быстрого приготовления; Бытовая химия; Посуда,"4-й микрорайон, 3",1 этаж,050062,4-й м-н,Ауэзовский район,Алматы,,Алматы,Казахстан,Пн: 09:00-20:00; Вт: 09:00-20:00; Ср: 09:00-20:00; Чт: 09:00-20:00; Пт: 09:00-20:00; Сб: 09:00-20:00; Вс: 09:00-20:00,+05:00,4.3,36,87473880675,,,,,,,https://instagram.com/uri_sikpum,,,,https://wa.me/77473880675,,,,,,,,43.227226,76.860878,https://2gis.com/firm/70000001049797745,branch
Ури сикпум,магазин корейских товаров,Косметика и парфюмерия; Продукты быстрого приготовления; Бытовая химия,"проспект Достык, 46",2 этаж,050010,,Медеуский район,Алматы,,Алматы,Казахстан,Пн: 10:00-21:00; Вт: 10:00-21:00; Ср: 10:00-21:00; Чт: 10:00-21:00; Пт: 10:00-21:00; Сб: 10:00-21:00; Вс: 10:00-21:00,+05:00,4.8,61,87073000675,,,,,,,https://instagram.com/uri_sikpum,,,,https://wa.me/77073000675,,,,,,,,43.248043,76.956727,https://2gis.com/firm/70000001039138627,branch
Ури сикпум,магазин корейских товаров,Косметика и парфюмерия; Продукты быстрого приготовления; Бытовая химия; Посуда; Средства гигиены,"улица Каныша Сатпаева, 89",1 этаж,050046,,Бостандыкский район,Алматы,,Алматы,Казахстан,Пн: 09:00-20:00; Вт: 09:00-20:00; Ср: 09:00-20:00; Чт: 09:00-20:00; Пт: 09:00-20:00; Сб: 09:00-20:00; Вс: 09:00-20:00,+05:00,4.9,63,87078188380,,,,,,,https://instagram.com/uri_sikpum,,,,https://wa.me/77078188380,,,,,,,,43.234831,76.888965,https://2gis.com/firm/70000001029583266,branch
Хан,магазин хозяйственных товаров,Косметика и парфюмерия; Хозтовары; Канцтовары; Бытовая химия,"улица Ескендір Хасанғалиева, 25",,050056,Жас Канат м-н,Турксибский район,Алматы,,Алматы,Казахстан,Пн: 10:00-23:00; Вт: 10:00-23:00; Ср: 10:00-23:00; Чт: 10:00-23:00; Пт: 10:00-23:00; Сб: 10:00-23:00; Вс: 10:00-23:00,+05:00,4.4,10,87052425976,,,,,,,https://instagram.com/xan.xoztovar,,,,https://wa.me/77052425976,,,,,,,,43.312051,76.973507,https://2gis.com/firm/70000001111677147,branch
Химхаус,магазин,Косметика и парфюмерия; Хозтовары; Бытовая химия; Женская одежда; Игрушки,"8-й микрорайон, 87а",1 этаж,050006,8-й м-н,Ауэзовский район,Алматы,,Алматы,Казахстан,Пн: 10:00-20:00; Вт: 10:00-20:00; Ср: 10:00-20:00; Чт: 10:00-20:00; Пт: 10:00-20:00; Сб: 10:00-20:00; Вс: 10:00-20:00,+05:00,4.9,28,87071084810,,,,,,,,,,,https://wa.me/77071084810,,,,,,,,43.223728,76.867267,https://2gis.com/firm/70000001068703135,branch
Хозмаркет,магазин,Косметика и парфюмерия; Хозтовары; Бытовая химия; Посуда; Носки и колготки,"Утепова улица, 31 блок 2",1 этаж,050060,,Бостандыкский район,Алматы,,Алматы,Казахстан,Пн: 09:00-22:00; Вт: 09:00-22:00; Ср: 09:00-22:00; Чт: 09:00-22:00; Пт: 09:00-22:00; Сб: 10:00-22:00; Вс: 10:00-22:00,+05:00,4.8,16,87014975118,87074238513,,,,,,,,,,https://wa.me/77014975118,https://wa.me/77074238513,,,,,,,43.219408,76.886422,https://2gis.com/firm/70000001061191714,branch
ХозМаркет,универсальный магазин,Косметика и парфюмерия; Стройматериалы; Сантехника; Теплоснабжение; Автоаксессуары; Хозтовары; Бытовая химия; Канцтовары; Игрушки; Копировальные услуги,"микрорайон Кайрат, 153/52 блок 9",1 этаж,,Кайрат м-н,Турксибский район,Алматы,,Алматы,Казахстан,Пн: 09:00-22:00; Вт: 09:00-22:00; Ср: 09:00-22:00; Чт: 09:00-22:00; Пт: 09:00-22:00; Сб: 09:00-22:00; Вс: 09:00-22:00,+05:00,5.0,35,87081521868,87086680578,,,,,,https://instagram.com/hozmarket_altyncity,,,,https://wa.me/77081521868,https://wa.me/77086680578,,,,,,,43.321204,77.019708,https://2gis.com/firm/70000001080327726,branch
Хозяюшка,,Косметика и парфюмерия; Хозтовары; Бытовая химия; Посуда; Игрушки,"улица Толе би, 259",,050005,Тастак-2 м-н,Алмалинский район,Алматы,,Алматы,Казахстан,Пн: 09:00-21:00; Вт: 09:00-21:00; Ср: 09:00-21:00; Чт: 09:00-21:00; Пт: 09:00-21:00; Сб: 09:00-21:00; Вс: 09:00-21:00,+05:00,4.4,7,87077909976,87078700902,,,,,,,,,,,,,,,,,,43.250068,76.874253,https://2gis.com/firm/70000001113682326,branch
Хозяюшка,,Косметика и парфюмерия; Бытовая химия; Канцтовары; Игрушки; Хозтовары,"проспект Сейфуллина, 51/25",1 этаж,050037,,Турксибский район,Алматы,,Алматы,Казахстан,Пн: 10:00-22:00; Вт: 10:00-22:00; Ср: 10:00-22:00; Чт: 10:00-22:00; Пт: 10:00-22:00; Сб: 10:00-22:00; Вс: 10:00-22:00,+05:00,4.1,10,87071409777,87758859939,,,,,,,,,,https://wa.me/77071409777,,,,,,,,43.327133,76.940245,https://2gis.com/firm/70000001110194521,branch
Хозяюшка,,Косметика и парфюмерия; Хозтовары; Бытовая химия; Средства гигиены; Носки и колготки,"микрорайон Коктем-1, 20а",,050040,Коктем-1 м-н,Бостандыкский район,Алматы,,Алматы,Казахстан,Пн: 09:00-20:00; Вт: 09:00-20:00; Ср: 09:00-20:00; Чт: 09:00-20:00; Пт: 09:00-20:00; Сб: 09:00-20:00; Вс: 09:00-20:00,+05:00,4.9,9,87000585152,87475659302,,,,,,,,,,https://wa.me/77000585152,https://wa.me/77475659302,,,,,,,43.229206,76.924188,https://2gis.com/firm/70000001094420846,branch
Хозяюшка,,Косметика и парфюмерия; Бытовая химия; Игрушки; Хозтовары,"проспект Сейфуллина, 168Б",,050037,,Турксибский район,Алматы,,Алматы,Казахстан,Пн: 09:00-21:00; Вт: 09:00-21:00; Ср: 09:00-21:00; Чт: 09:00-21:00; Пт: 09:00-21:00; Сб: 09:00-21:00; Вс: 09:00-21:00,+05:00,4.3,6,87078288585,,,,,,,,,,,,,,,,,,,43.308367,76.939933,https://2gis.com/firm/70000001094366221,branch
Хозяюшка,,Косметика и парфюмерия; Хозтовары; Бытовая техника; Канцтовары; Посуда,"микрорайон Шугыла, 340/35 к15",1 этаж,050000,Шугыла м-н,Наурызбайский район,Алматы,,Алматы,Казахстан,Пн: 10:00-20:30; Вт: 10:00-20:30; Ср: 10:00-20:30; Чт: 10:00-20:30; Пт: 10:00-20:30; Сб: 10:00-20:30; Вс: 10:00-20:30,+05:00,4.9,26,87776531613,,,,,,,,,,,https://wa.me/77776531613,,,,,,,,43.211022,76.789358,https://2gis.com/firm/70000001094315237,branch
Хозяюшка,,Косметика и парфюмерия; Бытовая химия; Средства гигиены,"проспект Сейфуллина, 171",1 этаж,050037,,Турксибский район,Алматы,,Алматы,Казахстан,Пн: 10:00-21:00; Вт: 10:00-21:00; Ср: 10:00-21:00; Чт: 10:00-21:00; Пт: 10:00-21:00; Сб: 10:00-21:00; Вс: 10:00-21:00,+05:00,3.5,22,87054830394,87077149393,,,,,,,,,,https://wa.me/77077149393,https://wa.me/77054830394,,,,,,,43.308161,76.939305,https://2gis.com/firm/70000001093738265,branch
Хозяюшка,,Косметика и парфюмерия; Хозтовары; Бытовая химия; Канцтовары; Носки и колготки,"улица Жамбыла, 229",,050009,,Алмалинский район,Алматы,,Алматы,Казахстан,Пн: 09:00-21:00; Вт: 09:00-21:00; Ср: 09:00-21:00; Чт: 09:00-21:00; Пт: 09:00-21:00; Сб: 09:00-21:00; Вс: 09:00-21:00,+05:00,4.9,14,87077909976,,,,,,,,,,,https://wa.me/77077909976,,,,,,,,43.244361,76.890725,https://2gis.com/firm/70000001087551634,branch
Хозяюшка,,Косметика и парфюмерия; Хозтовары; Бытовая химия,"проспект Сейфуллина, 15",1 этаж,050011,,Турксибский район,Алматы,,Алматы,Казахстан,Пн: 10:00-21:00; Вт: 10:00-21:00; Ср: 10:00-21:00; Чт: 10:00-21:00; Пт: 10:00-21:00; Сб: 10:00-21:00; Вс: 10:00-21:00,+05:00,4.9,20,87773875347,,,,,,,,,,,,,,,,,,,43.332514,76.944374,https://2gis.com/firm/70000001076314063,branch
Хозяюшка,,Косметика и парфюмерия; Хозтовары; Бытовая техника; Посуда; Канцтовары,"улица Каныша Сатпаева, 121",,050046,,Бостандыкский район,Алматы,,Алматы,Казахстан,Пн: 10:00-21:00; Вт: 10:00-21:00; Ср: 10:00-21:00; Чт: 10:00-21:00; Пт: 10:00-21:00; Сб: 10:00-21:00; Вс: 10:00-21:00,+05:00,4.9,42,87053062528,,,,,,,https://instagram.com/domy.kz,,,,https://wa.me/77053062528,,,,,,,,43.234056,76.880318,https://2gis.com/firm/70000001066686164,branch
Хозяюшка,,Косметика и парфюмерия; Бытовая химия; Игрушки; Носки и колготки; Товары для праздников,"микрорайон Орбита-1, 8в",,050043,Орбита-1 м-н,Бостандыкский район,Алматы,,Алматы,Казахстан,Пн: 09:30-21:00; Вт: 09:30-21:00; Ср: 09:30-21:00; Чт: 09:30-21:00; Пт: 09:30-21:00; Сб: 09:30-21:00; Вс: 09:30-21:00,+05:00,4.9,21,87021477496,87022166830,87011330107,,,,,https://instagram.com/home_dlya_doma,,,,https://wa.me/77021477496,,,,,,,,43.200564,76.885576,https://2gis.com/firm/70000001032992092,branch
Хозяюшка,магазин,Косметика и парфюмерия; Хозтовары; Канцтовары; Бытовая химия; Средства гигиены,"микрорайон Гажайып, 31 блок 2",2 этаж,,Гажайып м-н,Алатауский район,Алматы,,Алматы,Казахстан,Пн: 09:00-22:00; Вт: 09:00-22:00; Ср: 09:00-22:00; Чт: 09:00-22:00; Пт: 09:00-22:00; Сб: 09:00-22:00; Вс: 09:00-22:00,+05:00,5.0,13,87477504704,,,,,,,,,,,https://wa.me/77477504704,,,,,,,,43.273709,76.811672,https://2gis.com/firm/70000001114259741,branch
Хозяюшка,магазин,Косметика и парфюмерия; Бытовая химия; Хозтовары; Посуда,"улица Титова, 24Б",,040700,,,,Илийский район,Алматинская область,Казахстан,Пн: 09:00-21:00; Вт: 09:00-21:00; Ср: 09:00-21:00; Чт: 09:00-21:00; Пт: 09:00-21:00; Сб: 09:00-21:00; Вс: 09:00-21:00,+05:00,5.0,10,87006911592,,,,,,,,,,,https://wa.me/77006911592,,,,,,,,43.422444,77.020374,https://2gis.com/firm/70000001114228213,branch
Хозяюшка,магазин,Косметика и парфюмерия; Канцтовары; Хозтовары; Игрушки; Товары для праздников,"улица Радостовца, 43",,050009,,Алмалинский район,Алматы,,Алматы,Казахстан,Пн: 09:00-23:00; Вт: 09:00-23:00; Ср: 09:00-23:00; Чт: 09:00-23:00; Пт: 09:00-23:00; Сб: 09:00-23:00; Вс: 09:00-23:00,+05:00,4.9,66,87027860767,,,,,,,,,,,https://wa.me/77027860767,,,,,,,,43.246154,76.890876,https://2gis.com/firm/70000001105222607,branch
Хозяюшка,магазин,Косметика и парфюмерия; Хозтовары; Канцтовары; Игрушки,"улица Грановского, 92",1 этаж,050005,,Алмалинский район,Алматы,,Алматы,Казахстан,Пн: 10:00-22:00; Вт: 10:00-22:00; Ср: 10:00-22:00; Чт: 10:00-22:00; Пт: 10:00-22:00; Сб: 10:00-22:00; Вс: 10:00-22:00,+05:00,5.0,22,87013399910,,,,,,,https://instagram.com/hozmagazin.kz,,,,https://wa.me/77013399910,,,,,,,,43.250223,76.86845,https://2gis.com/firm/70000001100049142,branch
Хозяюшка,магазин,Косметика и парфюмерия; Хозтовары; Товары для праздников; Бытовая химия; Сувениры,"улица Райымбек батыра, 275",цокольный этаж,041609,,,,Талгарский район,Алматинская область,Казахстан,Пн: 10:00-23:00; Вт: 10:00-23:00; Ср: 10:00-23:00; Чт: 10:00-23:00; Пт: 10:00-23:00; Сб: 10:00-23:00; Вс: 10:00-23:00,+05:00,4.9,14,87078300938,87022949904,,,,,,,,,,https://wa.me/77078300938,https://wa.me/77022949904,,,,,,,43.290913,77.01682,https://2gis.com/firm/70000001098636427,branch
Хозяюшка,магазин,Косметика и парфюмерия; Бытовая химия; Средства гигиены; Аксессуары к телефонам; Канцтовары,"улица Райымбек батыра, 151",,041609,,,,Талгарский район,Алматинская область,Казахстан,Пн: 09:00-21:00; Вт: 09:00-21:00; Ср: 09:00-21:00; Чт: 09:00-21:00; Пт: 09:00-21:00; Сб: 09:00-21:00; Вс: 09:00-21:00,+05:00,4.8,44,87757166525,,,,,,,,,,,https://wa.me/77757166525,,,,,,,,43.295481,77.029174,https://2gis.com/firm/70000001098542145,branch
Хозяюшка,магазин,Косметика и парфюмерия; Хозтовары; Бытовая химия; Средства гигиены,"улица Рыскулова, 179Б",,041603,,,Талгар,Талгарский район,Алматинская область,Казахстан,Пн: 09:00-19:00; Вт: 09:00-19:00; Ср: 09:00-19:00; Чт: 09:00-19:00; Пт: 09:00-19:00; Сб: 09:00-19:00; Вс: 09:00-19:00,+05:00,4.2,6,87777807174,87051283386,,,,,,,,,,https://wa.me/77777807174,https://wa.me/77051283386,,,,,,,43.317121,77.245452,https://2gis.com/firm/70000001094808360,branch
Хозяюшка,магазин,Косметика и парфюмерия; Хозтовары; Посуда; Бытовая техника; Промышленная химия,"улица Федосеева, 38в к3",,050054,Жас Канат м-н,Турксибский район,Алматы,,Алматы,Казахстан,Пн: 10:00-21:00; Вт: 10:00-21:00; Ср: 10:00-21:00; Чт: 10:00-21:00; Пт: 10:00-21:00; Сб: 10:00-21:00; Вс: 10:00-21:00,+05:00,4.1,29,87072501050,87072701070,87022765555,,,,,,,,,https://wa.me/77072501050,https://wa.me/77022765555,,,,,,,43.316669,76.974443,https://2gis.com/firm/70000001090639827,branch
Хозяюшка,магазин,Косметика и парфюмерия; Домашний текстиль; Посуда; Бытовая химия; Сантехника,"улица Сулейменова, 18",1 этаж,050042,Таугуль-1 м-н,Ауэзовский район,Алматы,,Алматы,Казахстан,Пн: 09:00-22:00; Вт: 09:00-22:00; Ср: 09:00-22:00; Чт: 09:00-22:00; Пт: 09:00-22:00; Сб: 09:00-22:00; Вс: 09:00-22:00,+05:00,4.8,31,87472606942,,,,,,,https://instagram.com/hoztovar_almaty,,,,https://wa.me/77472606942,,,,,,,,43.214103,76.878025,https://2gis.com/firm/70000001089540626,branch
Хозяюшка,магазин,Косметика и парфюмерия; Хозтовары; Бытовая химия; Посуда; Носки и колготки,"микрорайон Жетысу-4, 1",,050063,Жетысу-4 м-н,Ауэзовский район,Алматы,,Алматы,Казахстан,Пн: 09:00-21:00; Вт: 09:00-21:00; Ср: 09:00-21:00; Чт: 09:00-21:00; Пт: 09:00-21:00; Сб: 09:00-21:00; Вс: 09:00-21:00,+05:00,4.9,21,87081005875,,,,,,,,,,,https://wa.me/77081005875,,,,,,,,43.219581,76.837622,https://2gis.com/firm/70000001081221120,branch
Хозяюшка,магазин,Косметика и парфюмерия; Бытовая химия; Хозтовары; Пластиковая тара; Носки и колготки,"улица Тимирязева, 76",1 этаж,050060,,Бостандыкский район,Алматы,,Алматы,Казахстан,Пн: 09:00-20:50; Вт: 09:00-20:50; Ср: 09:00-20:50; Чт: 09:00-20:50; Пт: 09:00-20:50; Сб: 09:00-20:50; Вс: 09:00-20:50,+05:00,4.8,37,87773166990,,,,,,,https://instagram.com/hozyaushka_almaty_,,,,https://wa.me/77773166990,,,,,,,,43.224609,76.891194,https://2gis.com/firm/70000001072545943,branch
Хозяюшка,магазин,Косметика и парфюмерия; Хозтовары; Бытовая химия; Посуда; Нижнее бельё,"микрорайон Думан-2, 8",цокольный этаж,050064,Думан-2 м-н,Медеуский район,Алматы,,Алматы,Казахстан,Пн: 10:00-22:00; Вт: 10:00-22:00; Ср: 10:00-22:00; Чт: 10:00-22:00; Пт: 10:00-22:00; Сб: 10:00-22:00; Вс: 10:00-22:00,+05:00,4.7,5,87017122883,,,,,,,,,,,https://wa.me/77017122883,,,,,,,,43.286045,77.000002,https://2gis.com/firm/70000001062791329,branch
Хозяюшка,магазин,Косметика и парфюмерия; Бытовая химия; Игрушки; Хозтовары; Носки и колготки,"проспект Гагарина, 232а",,050060,,Бостандыкский район,Алматы,,Алматы,Казахстан,Пн: 10:00-20:00; Вт: 10:00-20:00; Ср: 10:00-20:00; Чт: 10:00-20:00; Пт: 10:00-20:00; Сб: 10:00-20:00; Вс: 10:00-20:00,+05:00,5.0,13,87016366906,,,,,,,,,,,https://wa.me/77016366906,,,,,,,,43.215305,76.898058,https://2gis.com/firm/70000001062418232,branch
Хозяюшка,магазин,Косметика и парфюмерия; Хозтовары; Канцтовары; Игрушки,"микрорайон Шугыла, 340/4 к10",1 этаж,050000,Шугыла м-н,Наурызбайский район,Алматы,,Алматы,Казахстан,Пн: 10:30-23:00; Вт: 10:30-23:00; Ср: 10:30-23:00; Чт: 10:30-23:00; Пт: 10:30-23:00; Сб: 10:30-23:00; Вс: 10:30-23:00,+05:00,4.9,24,87076926673,,,,,,,,,,,https://wa.me/77076926673,,,,,,,,43.209189,76.790036,https://2gis.com/firm/70000001061224127,branch
Хозяюшка,магазин,Косметика и парфюмерия; Домашний текстиль; Бытовая химия; Посуда; Сантехника,"улица Розыбакиева, 125/8",1 этаж,050060,,Бостандыкский район,Алматы,,Алматы,Казахстан,Пн: 09:00-21:00; Вт: 09:00-21:00; Ср: 09:00-21:00; Чт: 09:00-21:00; Пт: 09:00-21:00; Сб: 09:00-21:00; Вс: 09:00-21:00,+05:00,5.0,45,87472606942,,,,,,,https://instagram.com/hoztovar_almaty,,,,https://wa.me/77472606942,,,,,,,,43.22429,76.891483,https://2gis.com/firm/70000001060665890,branch
Хозяюшка,магазин,Косметика и парфюмерия; Хозтовары; Бытовая химия,"микрорайон Самал-2, 47",1 этаж,050059,Самал-2 м-н,Медеуский район,Алматы,,Алматы,Казахстан,Пн: 10:00-20:00; Вт: 10:00-20:00; Ср: 10:00-20:00; Чт: 10:00-20:00; Пт: 10:00-20:00; Сб: 11:00-20:00; Вс: 11:00-20:00,+05:00,5.0,36,87079772583,,,,,,,https://instagram.com/hozyaushka_plus_almaty,,,,https://wa.me/77079772583,,,,,,,,43.229828,76.953455,https://2gis.com/firm/70000001045188473,branch
Хозяюшка,магазин,Косметика и парфюмерия; Бытовая химия; Хозтовары,"улица Толе би, 113",1 этаж,050012,,Алмалинский район,Алматы,,Алматы,Казахстан,Пн: 10:00-20:00; Вт: 10:00-20:00; Ср: 10:00-20:00; Чт: 10:00-20:00; Пт: 10:00-20:00; Сб: 10:00-20:00; Вс: 10:00-20:00,+05:00,3.8,32,87080250984,,,,,,,,,,,https://wa.me/77080250984,,,,,,,,43.253456,76.920534,https://2gis.com/firm/70000001040974520,branch
Хозяюшка,магазин,Косметика и парфюмерия; Бытовая химия; Домашний текстиль; Посуда; Средства гигиены,"микрорайон Таугуль, 49",1 этаж,050052,Таугуль м-н,Ауэзовский район,Алматы,,Алматы,Казахстан,Пн: 09:00-21:00; Вт: 09:00-21:00; Ср: 09:00-21:00; Чт: 09:00-21:00; Пт: 09:00-21:00; Сб: 09:00-21:00; Вс: 09:00-21:00,+05:00,4.9,78,87472606942,,,,,,,https://instagram.com/hoztovar_almaty,,,,https://wa.me/77472606942,,,,,,,,43.211529,76.870503,https://2gis.com/firm/70000001031323162,branch
Хозяюшка,магазин,Косметика и парфюмерия; Хозтовары; Бытовая химия; Игрушки,"микрорайон Аксай-1, 4",1 этаж,050031,Аксай-1 м-н,Ауэзовский район,Алматы,,Алматы,Казахстан,Пн: 09:00-21:00; Вт: 09:00-21:00; Ср: 09:00-21:00; Чт: 09:00-21:00; Пт: 09:00-21:00; Сб: 09:00-21:00; Вс: 09:00-21:00,+05:00,4.7,14,87027095620,,,,,,,,,,,https://wa.me/77027095620,,,,,,,,43.241543,76.837321,https://2gis.com/firm/70000001030154833,branch
Хозяюшка,магазин,Косметика и парфюмерия; Хозтовары; Бытовая химия; Канцтовары,"улица Жарокова, 153",1 этаж,050057,,Бостандыкский район,Алматы,,Алматы,Казахстан,Пн: 09:00-20:00; Вт: 09:00-20:00; Ср: 09:00-20:00; Чт: 09:00-20:00; Пт: 09:00-20:00; Сб: 09:00-20:00; Вс: 09:00-20:00,+05:00,4.9,24,87077880831,,,,,,,,,,,https://wa.me/77077880831,,,,,,,,43.234556,76.899777,https://2gis.com/firm/70000001025533794,branch
Хозяюшка,магазин,Косметика и парфюмерия; Бытовая химия; Канцтовары; Хозтовары; Игрушки,"улица Огарёва, 5",1 этаж,050039,,Турксибский район,Алматы,,Алматы,Казахстан,Пн: 08:00-21:00; Вт: 08:00-21:00; Ср: 08:00-21:00; Чт: 08:00-21:00; Пт: 08:00-21:00; Сб: 09:00-21:00; Вс: 09:00-21:00,+05:00,5.0,28,87017305934,87013138544,,,,,,,,,,https://wa.me/77052482142,,,,,,,,43.344209,77.007534,https://2gis.com/firm/70000001023454447,branch
Хозяюшка,магазин,Косметика и парфюмерия; Бытовая химия; Хозтовары; Пакеты и плёнки,"проспект Гагарина, 234",1 этаж,050060,,Бостандыкский район,Алматы,,Алматы,Казахстан,Пн: 09:00-20:00; Вт: 09:00-20:00; Ср: 09:00-20:00; Чт: 09:00-20:00; Пт: 09:00-20:00; Сб: 09:00-20:00; Вс: 09:00-20:00 (приём звонков: 9:00-18:00),+05:00,4.8,23,87021449883,,,,,,,,,,,https://wa.me/77021449883,,,,,,,,43.214762,76.897972,https://2gis.com/firm/9429940001690546,branch
Хозяюшка,магазин,Косметика и парфюмерия; Хозтовары; Бытовая химия; Средства гигиены,"улица Ауэзова, 140",цокольный этаж,050057,,Бостандыкский район,Алматы,,Алматы,Казахстан,Пн: 10:00-19:00; Вт: 10:00-19:00; Ср: 10:00-19:00; Чт: 10:00-19:00; Пт: 10:00-19:00; Сб: 10:00-19:00,+05:00,4.8,7,87272756652,87773713305,,,,,,,,,,https://wa.me/77773713305,,,,,,,,43.226386,76.906006,https://2gis.com/firm/9429940001281588,branch
Хозяюшка,магазин,Косметика и парфюмерия; Хозтовары; Бытовая химия; Канцтовары,"проспект Сейфуллина, 422",1 этаж,050000,,Алмалинский район,Алматы,,Алматы,Казахстан,Пн: 09:00-20:00; Вт: 09:00-20:00; Ср: 09:00-20:00; Чт: 09:00-20:00; Пт: 09:00-20:00; Сб: 10:00-20:00; Вс: 10:00-20:00,+05:00,4.4,31,87077012577,,,,,,,,,,,https://wa.me/77077012577,,,,,,,,43.262452,76.932027,https://2gis.com/firm/9429940001091058,branch
Хозяюшка,магазин,Косметика и парфюмерия; Хозтовары; Бытовая химия; Нижнее бельё; Игрушки,"улица Айманова, 172",1 этаж,050057,,Бостандыкский район,Алматы,,Алматы,Казахстан,Пн: 10:00-19:00; Вт: 10:00-19:00; Ср: 10:00-19:00; Чт: 10:00-19:00; Пт: 10:00-19:00; Сб: 10:00-19:00; Вс: 10:00-19:00,+05:00,3.9,16,87059903446,,,,,,,,,,,,,,,,,,,43.232502,76.898075,https://2gis.com/firm/9429940000972379,branch
Хозяюшка,магазин бытовой химии и косметики,Косметика и парфюмерия; Хозтовары; Нижнее бельё,"микрорайон Алтай-1, 26",1 этаж,050039,Алтай-1 м-н,Турксибский район,Алматы,,Алматы,Казахстан,Пн: 09:00-21:00; Вт: 09:00-21:00; Ср: 09:00-21:00; Чт: 09:00-21:00; Пт: 09:00-21:00; Сб: 09:00-21:00; Вс: 09:00-21:00,+05:00,4.9,23,87075006013,,,,,,,,,,,https://wa.me/77075006013,,,,,,,,43.342322,76.984631,https://2gis.com/firm/70000001033454382,branch
Хозяюшка,магазин бытовых товаров,Косметика и парфюмерия; Бытовая химия; Хозтовары; Посуда; Нижнее бельё,"улица Байтерекова, 59",1 этаж,050038,Акбулак м-н,Алатауский район,Алматы,,Алматы,Казахстан,"Пн: 09:00-14:00, 15:00-21:00; Вт: 09:00-14:00, 15:00-21:00; Ср: 09:00-14:00, 15:00-21:00; Чт: 09:00-14:00, 15:00-21:00; Пт: 09:00-14:00, 15:00-21:00; Сб: 09:00-14:00, 15:00-21:00; Вс: 09:00-14:00, 15:00-21:00",+05:00,4.8,23,87077315030,87013315030,,,,,,https://instagram.com/udomag.kz,,,,https://wa.me/77077315030,https://wa.me/77013315030,,,,,,,43.262739,76.820339,https://2gis.com/firm/70000001040489010,branch
Хозяюшка,магазин по продаже бытовой химии,Косметика и парфюмерия; Бытовая химия; Домашний текстиль; Посуда,"улица Мамыр, 1",14 бутик; 1 этаж,050045,Нур Алатау м-н,Бостандыкский район,Алматы,,Алматы,Казахстан,Пн: 09:00-20:00; Вт: 09:00-20:00; Ср: 09:00-20:00; Чт: 09:00-20:00; Пт: 09:00-20:00; Сб: 09:00-20:00; Вс: 09:00-20:00,+05:00,4.8,10,87772824825,,,,,,,,,,,https://wa.me/77772824825,,,,,,,,43.193827,76.903682,https://2gis.com/firm/9429940001049916,branch
Хозяюшка,магазин хозяйственных товаров,Косметика и парфюмерия; Хозтовары,"улица Рыскулбекова, 4/1",,050042,,Бостандыкский район,Алматы,,Алматы,Казахстан,Пн: 10:00-01:00; Вт: 10:00-01:00; Ср: 10:00-01:00; Чт: 10:00-01:00; Пт: 10:00-01:00; Сб: 10:00-01:00; Вс: 10:00-01:00,+05:00,4.8,26,87764000969,,,,,,,https://instagram.com/hozyayushka_bayzakova,,,,https://wa.me/77764000969,,,,,,,,43.207059,76.88326,https://2gis.com/firm/70000001101154182,branch
Хозяюшка,магазин хозяйственных товаров,Косметика и парфюмерия; Хозтовары; Бытовая химия; Посуда; Нижнее бельё,"улица Каныша Сатпаева, 54",1 этаж,050057,,Бостандыкский район,Алматы,,Алматы,Казахстан,Пн: 09:00-21:00; Вт: 09:00-21:00; Ср: 09:00-21:00; Чт: 09:00-21:00; Пт: 09:00-21:00; Сб: 09:00-21:00; Вс: 09:00-21:00,+05:00,4.8,13,87077451595,,,,,,,,,,,https://wa.me/77077451595,,,,,,,,43.23503,76.898637,https://2gis.com/firm/70000001100566578,branch
Хозяюшка,магазин хозяйственных товаров,Косметика и парфюмерия; Хозтовары; Посуда; Сантехника; Стройматериалы,"Кайнар улица, 57",,050070,,Наурызбайский район,Алматы,,Алматы,Казахстан,Пн: 09:00-23:00; Вт: 09:00-23:00; Ср: 09:00-23:00; Чт: 09:00-23:00; Пт: 09:00-23:00; Сб: 09:00-23:00; Вс: 09:00-23:00,+05:00,4.9,27,87760815000,,,,,,,,,,,https://wa.me/77760815000,,,,,,,,43.213716,76.780422,https://2gis.com/firm/70000001089020310,branch
Хозяюшка,магазин хозяйственных товаров,Косметика и парфюмерия; Хозтовары; Бытовая химия; Посуда,"улица Гагарина, 120",1 этаж,41600,,,Талгар,Талгарский район,Алматинская область,Казахстан,Пн: 08:30-19:00; Вт: 08:30-19:00; Ср: 08:30-19:00; Чт: 08:30-19:00; Пт: 08:30-19:00; Сб: 08:30-19:00; Вс: 08:30-19:00,+05:00,4.8,8,87081021736,,,,,,,,,,,https://wa.me/77081021736,,,,,,,,43.306302,77.24148,https://2gis.com/firm/70000001079599248,branch
Хозяюшка,магазин хозяйственных товаров,Косметика и парфюмерия; Бытовая химия; Хозтовары; Канцтовары; Зоотовары,"микрорайон Аксай-4, 84",1 этаж,050063,Аксай-4 м-н,Ауэзовский район,Алматы,,Алматы,Казахстан,Пн: 10:00-22:00; Вт: 10:00-22:00; Ср: 10:00-22:00; Чт: 10:00-22:00; Пт: 10:00-22:00; Сб: 10:00-22:00; Вс: 10:00-22:00,+05:00,4.7,22,87071915653,,,,,,,,,,,https://wa.me/77071915653,,,,,,,,43.227645,76.843319,https://2gis.com/firm/70000001078533914,branch
Хозяюшка,магазин хозяйственных товаров,Косметика и парфюмерия; Хозтовары; Бытовая химия,"Ораза Жандосова улица, 69",1 этаж,050036,9-й м-н,Ауэзовский район,Алматы,,Алматы,Казахстан,Пн: 08:15-22:00; Вт: 08:15-22:00; Ср: 08:15-22:00; Чт: 08:15-22:00; Пт: 08:15-22:00; Сб: 08:15-22:00; Вс: 08:15-22:00,+05:00,4.7,29,87015959701,,,,,,,,,,,https://wa.me/77015959701,,,,,,,,43.208746,76.863737,https://2gis.com/firm/70000001056283930,branch
Хозяюшка,магазин хозяйственных товаров,Косметика и парфюмерия; Хозтовары; Бытовая химия; Нижнее бельё; Домашний текстиль,"улица Нурмакова, 65",1 этаж,050026,,Алмалинский район,Алматы,,Алматы,Казахстан,Пн: 09:00-22:00; Вт: 09:00-22:00; Ср: 09:00-22:00; Чт: 09:00-22:00; Пт: 09:00-22:00; Сб: 09:00-22:00; Вс: 09:00-22:00,+05:00,5.0,56,87080034397,,,,,,,,,,,https://wa.me/77074941470,,,,,,,,43.252472,76.906049,https://2gis.com/firm/70000001045568128,branch
Хозяюшка,магазин хозяйственных товаров,Косметика и парфюмерия; Хозтовары; Бытовая химия,"улица Тимирязева, 34",1 этаж,050040,,Бостандыкский район,Алматы,,Алматы,Казахстан,Пн: 09:00-20:00; Вт: 09:00-20:00; Ср: 09:00-20:00; Чт: 09:00-20:00; Пт: 09:00-20:00; Сб: 09:00-20:00; Вс: 09:00-20:00,+05:00,4.3,53,87772401446,,,,,,,https://instagram.com/hozayushka_inabat,,,,https://wa.me/77772401446,,,,,,,,43.227271,76.929077,https://2gis.com/firm/70000001028919655,branch
Хозяюшка,магазин хозяйственных товаров,Косметика и парфюмерия; Хозтовары; Бытовая химия; Носки и колготки,"Чокина улица, 129",1 этаж,050026,,Алмалинский район,Алматы,,Алматы,Казахстан,Пн: 10:00-22:00; Вт: 10:00-22:00; Ср: 10:00-22:00; Чт: 10:00-22:00; Пт: 10:00-22:00; Сб: 10:00-22:00; Вс: 10:00-22:00,+05:00,4.8,13,87079077274,,,,,,,,,,,https://wa.me/77079077274,,,,,,,,43.255462,76.909176,https://2gis.com/firm/9429940001136311,branch
Хозяюшка,​магазин хозяйственных товаров,Косметика и парфюмерия; Хозтовары; Бытовая химия; Канцтовары,"улица Торекулова, 95/1",1 этаж,050004,,Алмалинский район,Алматы,,Алматы,Казахстан,Пн: 09:00-24:00; Вт: 09:00-24:00; Ср: 09:00-24:00; Чт: 09:00-24:00; Пт: 09:00-24:00; Сб: 09:00-24:00; Вс: 09:00-24:00,+05:00,5.0,13,87085763067,87086257680,,,,,,https://instagram.com/tegin_bazar,,,,https://wa.me/77085763067,https://wa.me/77086257680,,,,,,,43.26656,76.928703,https://2gis.com/firm/70000001101042287,branch
Хозяюшка,"магазин хозяйственных товаров, бытовой химии и косметики",Косметика и парфюмерия; Хозтовары; Бытовая химия,"улица Толе би, 260",1 этаж,050009,,Алмалинский район,Алматы,,Алматы,Казахстан,Пн: 10:00-19:00; Ср: 10:00-19:00; Чт: 10:00-19:00; Пт: 10:00-19:00; Сб: 10:00-19:00; Вс: 10:00-19:00,+05:00,5.0,10,87471703511,,,,,,,,,,,https://wa.me/77471703511,,,,,,,,43.249381,76.878989,https://2gis.com/firm/70000001018684778,branch
Хозяюшка,хозяйственный магазин,Косметика и парфюмерия; Хозтовары; Бытовая химия; Канцтовары; Средства гигиены,"6-й микрорайон, 61а",цокольный этаж,050036,6-й м-н,Ауэзовский район,Алматы,,Алматы,Казахстан,Пн: 10:00-21:00; Вт: 10:00-21:00; Ср: 10:00-21:00; Чт: 10:00-21:00; Пт: 10:00-21:00; Сб: 10:00-21:00; Вс: 10:00-21:00,+05:00,3.7,13,87021032510,87081603470,,,,,,,,,,https://wa.me/77021032510,,,,,,,,43.221846,76.858148,https://2gis.com/firm/70000001051354878,branch
Хозяюшка 1000 мелочей,магазин,Косметика и парфюмерия; Бытовая химия; Хозтовары; Игрушки; Канцтовары,"улица Байсеитовой, 47",цокольный этаж,050013,,Бостандыкский район,Алматы,,Алматы,Казахстан,Пн: 09:00-21:00; Вт: 09:00-21:00; Ср: 09:00-21:00; Чт: 09:00-21:00; Пт: 09:00-21:00; Сб: 10:00-22:00; Вс: 10:00-22:00,+05:00,5.0,87,87272673848,87778552888,,,,,,,,,,https://wa.me/77778552888,,,,,,,,43.240318,76.944808,https://2gis.com/firm/70000001028282620,branch
Хозяюшка 1000 мелочей,магазин,Косметика и парфюмерия; Бытовая химия; Хозтовары; Канцтовары,"микрорайон Аксай-1, 4а",1 этаж,050031,Аксай-1 м-н,Ауэзовский район,Алматы,,Алматы,Казахстан,Пн: 11:00-21:00; Вт: 11:00-21:00; Ср: 11:00-21:00; Чт: 11:00-21:00; Пт: 11:00-21:00; Сб: 13:00-22:00; Вс: 13:00-22:00,+05:00,4.9,13,87474244083,87024513380,,,,,,,,,,https://wa.me/77474244083,https://wa.me/77024513380,,,,,,,43.241542,76.837681,https://2gis.com/firm/9429940000911505,branch
Хозяюшка family,магазин,Косметика и парфюмерия; Канцтовары; Бытовая химия; Нижнее бельё; Хозтовары,"улица Байтерекова, 63",1 этаж,050038,Акбулак м-н,Алатауский район,Алматы,,Алматы,Казахстан,Пн: 11:00-20:00; Вт: 11:00-20:00; Ср: 11:00-20:00; Чт: 11:00-20:00; Пт: 11:00-20:00; Сб: 11:00-20:00; Вс: 11:00-20:00,+05:00,4.9,7,87003810401,,,,,,,https://instagram.com/agat_almaty02,,,,https://wa.me/77003810401,,,,,,,,43.263356,76.820042,https://2gis.com/firm/70000001098514142,branch
Хозяюшка №1,магазин хозяйственных товаров,Косметика и парфюмерия; Товары для праздников; Стройматериалы; Игрушки; Канцтовары; Копировальные услуги; Бытовая химия; Хозтовары,"микрорайон Шугыла, 341/2 к8",1 этаж,050000,Шугыла м-н,Наурызбайский район,Алматы,,Алматы,Казахстан,Пн: 10:00-23:00; Вт: 10:00-23:00; Ср: 10:00-23:00; Чт: 10:00-23:00; Пт: 10:00-23:00; Сб: 10:00-23:00; Вс: 10:00-23:00,+05:00,4.8,28,87076022794,87470624714,,,,,,https://instagram.com/ayala_hoz_market.shugyla,,,,https://wa.me/77076022794,https://wa.me/77470624714,,,,,,,43.212097,76.789946,https://2gis.com/firm/70000001092720861,branch
Хозяюшка Виктория,магазин бытовой химии и хозяйственных товаров,Косметика и парфюмерия; Игрушки; Бытовая химия; Хозтовары,"улица Бартольда, 42/3",В-10 бутик,050028,Нижняя пятилетка м-н,Турксибский район,Алматы,,Алматы,Казахстан,Пн: 09:00-18:00; Вт: 09:00-18:00; Ср: 09:00-18:00; Чт: 09:00-18:00; Пт: 09:00-18:00; Сб: 09:00-18:00; Вс: 09:00-18:00,+05:00,3.3,8,87073923743,87057160270,,,,,,https://instagram.com/hoztovar.almaty777,,,,https://wa.me/77073923743,https://wa.me/77057160270,,,,,,,43.349699,76.95834,https://2gis.com/firm/70000001028072360,branch
Центральная хозяюшка,,Косметика и парфюмерия; Бытовая химия; Игрушки; Нижнее бельё; Посуда,"улица Толе би, 262/93",,050005,,Алмалинский район,Алматы,,Алматы,Казахстан,Пн: 09:00-20:00; Вт: 09:00-20:00; Ср: 09:00-20:00; Чт: 09:00-20:00; Пт: 09:00-20:00; Сб: 09:00-20:00; Вс: 09:00-20:00,+05:00,4.7,40,87051786655,,,,,,,,,,,https://wa.me/77051786655,,,,,,,,43.249727,76.877784,https://2gis.com/firm/70000001095712649,branch
Центральная хозяюшка,,Косметика и парфюмерия; Бытовая химия; Игрушки; Канцтовары; Домашний текстиль,"проспект Абая, 164/8 к8",,050046,,Бостандыкский район,Алматы,,Алматы,Казахстан,Пн: 09:00-20:00; Вт: 09:00-20:00; Ср: 09:00-20:00; Чт: 09:00-20:00; Пт: 09:00-20:00; Сб: 10:00-20:00; Вс: 10:00-20:00,+05:00,4.9,69,87051786655,,,,,,,https://instagram.com/centralnaya.khozyaushka,,,,https://wa.me/77051786655,,,,,,,,43.236256,76.88082,https://2gis.com/firm/70000001079003813,branch
Центральная хозяюшка,,Косметика и парфюмерия; Бытовая химия; Игрушки; Канцтовары; Посуда,"Е. Брусиловского улица, 163",2 этаж,050005,,Алмалинский район,Алматы,,Алматы,Казахстан,Пн: 09:00-21:00; Вт: 09:00-21:00; Ср: 09:00-21:00; Чт: 09:00-21:00; Пт: 09:00-21:00; Сб: 10:00-21:00; Вс: 10:00-21:00,+05:00,5.0,103,87051786655,,,,,,,https://instagram.com/centralnaya.khozyaushka,,,,https://wa.me/77051786655,,,,,,,,43.244382,76.876857,https://2gis.com/firm/70000001036132990,branch
Чудо-март,магазин,Косметика и парфюмерия; Хозтовары; Бытовая химия; Игрушки; Канцтовары,"Ораза Жандосова улица, 30",1 этаж,050057,,Бостандыкский район,Алматы,,Алматы,Казахстан,Пн: 08:30-20:30; Вт: 08:30-20:30; Ср: 08:30-20:30; Чт: 08:30-20:30; Пт: 08:30-20:30; Сб: 09:00-20:30; Вс: 09:00-20:30,+05:00,4.9,57,87018261995,,,,,,,,,,,,,,,,,,,43.234148,76.905824,https://2gis.com/firm/9429940001059821,branch
Эко хозяюшка,магазин,Косметика и парфюмерия; Бытовая химия; Копировальные услуги,"микрорайон Аксай-1а, 27Б",1 этаж,050031,Аксай-1а м-н,Ауэзовский район,Алматы,,Алматы,Казахстан,Пн: 09:00-21:00; Вт: 09:00-21:00; Ср: 09:00-21:00; Чт: 09:00-21:00; Пт: 09:00-21:00; Сб: 09:00-21:00; Вс: 09:00-21:00,+05:00,5.0,8,87711215225,,,,,,,,,,,https://wa.me/77711215225,,,,,,,,43.239903,76.82588,https://2gis.com/firm/70000001115803218,branch
Юмико,магазин японских товаров,Косметика и парфюмерия; Средства гигиены; Товары для новорождённых,"улица Мауытхана Сыдыкова, 50Б",,050006,Калкаман-2 м-н,Наурызбайский район,Алматы,,Алматы,Казахстан,Пн: 10:00-20:00; Вт: 10:00-20:00; Ср: 10:00-20:00; Чт: 10:00-20:00; Пт: 10:00-20:00; Сб: 10:00-19:00; Вс: 10:00-19:00,+05:00,4.7,48,87477452802 (единый номер),,,,,,,https://instagram.com/iumiko_kz,,,,https://wa.me/77477452802,https://wa.me/77075972737,,,,,,,43.193294,76.832291,https://2gis.com/firm/70000001036547680,branch
